file_name,model_type,prompt_detail,temp,completion_id,compiled,passed_bench,correct,first CT,Levenshtein distance,area
REF.txt,manual,NA,NA,NA,1,1,1,"6F0FA9163F92C56027EA4D329455D7D7
",0,268.959744
completions_gemini/completion_L_t0.1_0.v,gemini,L,0.1,0,0,0,0,NA,NA,NA
completions_gemini/completion_L_t0.1_1.v,gemini,L,0.1,1,0,0,0,NA,NA,NA
completions_gemini/completion_L_t0.1_2.v,gemini,L,0.1,2,0,0,0,NA,NA,NA
completions_gemini/completion_L_t0.1_3.v,gemini,L,0.1,3,0,0,0,NA,NA,NA
completions_gemini/completion_L_t0.1_4.v,gemini,L,0.1,4,0,0,0,NA,NA,NA
completions_gemini/completion_L_t0.1_5.v,gemini,L,0.1,5,0,0,0,NA,NA,NA
completions_gemini/completion_L_t0.1_6.v,gemini,L,0.1,6,1,1,0,"6DAB3ABA7039F45345A0D69E2309A1B1
",2529,162.054144
completions_gemini/completion_L_t0.1_7.v,gemini,L,0.1,7,1,1,0,"F9A1B6355CE44967BB3BA4A54794C39D
",2538,191.102976
completions_gemini/completion_L_t0.1_8.v,gemini,L,0.1,8,0,0,0,NA,NA,NA
completions_gemini/completion_L_t0.1_9.v,gemini,L,0.1,9,1,1,0,"ACB4C028006E74CF4DB2F87F2E388DFB
",2524,120.324096
completions_gemini/completion_L_t0.1_10.v,gemini,L,0.1,10,0,0,0,NA,NA,NA
completions_gemini/completion_L_t0.1_11.v,gemini,L,0.1,11,0,0,0,NA,NA,NA
completions_gemini/completion_L_t0.1_12.v,gemini,L,0.1,12,0,0,0,NA,NA,NA
completions_gemini/completion_L_t0.1_13.v,gemini,L,0.1,13,0,0,0,NA,NA,NA
completions_gemini/completion_L_t0.1_14.v,gemini,L,0.1,14,0,0,0,NA,NA,NA
completions_gemini/completion_L_t0.1_15.v,gemini,L,0.1,15,0,0,0,NA,NA,NA
completions_gemini/completion_L_t0.1_16.v,gemini,L,0.1,16,0,0,0,NA,NA,NA
completions_gemini/completion_L_t0.1_17.v,gemini,L,0.1,17,0,0,0,NA,NA,NA
completions_gemini/completion_L_t0.1_18.v,gemini,L,0.1,18,0,0,0,NA,NA,NA
completions_gemini/completion_L_t0.1_19.v,gemini,L,0.1,19,0,0,0,NA,NA,NA
completions_gemini/completion_L_t0.1_20.v,gemini,L,0.1,20,1,1,0,"8DBCC4BEC825D1D513E630E3685C420B
",2536,192.430080
completions_gemini/completion_L_t0.1_21.v,gemini,L,0.1,21,0,0,0,NA,NA,NA
completions_gemini/completion_L_t0.1_22.v,gemini,L,0.1,22,1,1,0,"40FCABB0216D7DC437323B229DAC4A40
",2540,NA
completions_gemini/completion_L_t0.1_23.v,gemini,L,0.1,23,0,0,0,NA,NA,NA
completions_gemini/completion_L_t0.1_24.v,gemini,L,0.1,24,1,1,1,"6F0FA9163F92C56027EA4D329455D7D7
",0,233.570304
completions_gemini/completion_L_t0.1_25.v,gemini,L,0.1,25,0,0,0,NA,NA,NA
completions_gemini/completion_L_t0.1_26.v,gemini,L,0.1,26,1,1,0,"48E5BFB9EB9E4EA795500BA3DD905072
",2538,191.102976
completions_gemini/completion_L_t0.1_27.v,gemini,L,0.1,27,1,1,0,"40FCA3E0216D594E3732DE6B9DACBC60
",2514,86.310913
completions_gemini/completion_L_t0.1_28.v,gemini,L,0.1,28,1,1,0,"182FE672E56D45964DBB255E8071EFF1
",2505,224.428033
completions_gemini/completion_L_t0.1_29.v,gemini,L,0.1,29,0,0,0,NA,NA,NA
completions_gemini/completion_L_t0.1_30.v,gemini,L,0.1,30,0,0,0,NA,NA,NA
completions_gemini/completion_L_t0.1_31.v,gemini,L,0.1,31,0,0,0,NA,NA,NA
completions_gemini/completion_L_t0.1_32.v,gemini,L,0.1,32,0,0,0,NA,NA,NA
completions_gemini/completion_L_t0.1_33.v,gemini,L,0.1,33,0,0,0,NA,NA,NA
completions_gemini/completion_L_t0.1_34.v,gemini,L,0.1,34,0,0,0,NA,NA,NA
completions_gemini/completion_L_t0.1_35.v,gemini,L,0.1,35,0,0,0,NA,NA,NA
completions_gemini/completion_L_t0.1_36.v,gemini,L,0.1,36,0,0,0,NA,NA,NA
completions_gemini/completion_L_t0.1_37.v,gemini,L,0.1,37,0,0,0,NA,NA,NA
completions_gemini/completion_L_t0.1_38.v,gemini,L,0.1,38,1,1,0,"2CD8A2852631CBFC8AE4F9750FF8907B
",2537,141.557760
completions_gemini/completion_L_t0.1_39.v,gemini,L,0.1,39,0,0,0,NA,NA,NA
completions_gemini/completion_L_t0.1_40.v,gemini,L,0.1,40,0,0,0,NA,NA,NA
completions_gemini/completion_L_t0.1_41.v,gemini,L,0.1,41,0,0,0,NA,NA,NA
completions_gemini/completion_L_t0.1_42.v,gemini,L,0.1,42,0,0,0,NA,NA,NA
completions_gemini/completion_L_t0.1_43.v,gemini,L,0.1,43,0,0,0,NA,NA,NA
completions_gemini/completion_L_t0.1_44.v,gemini,L,0.1,44,0,0,0,NA,NA,NA
completions_gemini/completion_L_t0.1_45.v,gemini,L,0.1,45,1,1,0,"1A79FE0A457EA9769924A495EBC1A19C
",2525,84.934656
completions_gemini/completion_L_t0.1_46.v,gemini,L,0.1,46,0,0,0,NA,NA,NA
completions_gemini/completion_L_t0.1_47.v,gemini,L,0.1,47,0,0,0,NA,NA,NA
completions_gemini/completion_L_t0.1_48.v,gemini,L,0.1,48,1,1,0,"F41900D79039497223A1FF8F2CEC0665
",2534,127.401984
completions_gemini/completion_L_t0.1_49.v,gemini,L,0.1,49,0,0,0,NA,NA,NA
completions_gemini/completion_L_t0.1_50.v,gemini,L,0.1,50,0,0,0,NA,NA,NA
completions_gemini/completion_L_t0.1_51.v,gemini,L,0.1,51,1,1,0,"9EBDEE9F2201F8239A87CE3497880375
",2541,400.637953
completions_gemini/completion_L_t0.1_52.v,gemini,L,0.1,52,0,0,0,NA,NA,NA
completions_gemini/completion_L_t0.1_53.v,gemini,L,0.1,53,0,0,0,NA,NA,NA
completions_gemini/completion_L_t0.1_54.v,gemini,L,0.1,54,0,0,0,NA,NA,NA
completions_gemini/completion_L_t0.1_55.v,gemini,L,0.1,55,0,0,0,NA,NA,NA
completions_gemini/completion_L_t0.1_56.v,gemini,L,0.1,56,0,0,0,NA,NA,NA
completions_gemini/completion_L_t0.1_57.v,gemini,L,0.1,57,0,0,0,NA,NA,NA
completions_gemini/completion_L_t0.1_58.v,gemini,L,0.1,58,0,0,0,NA,NA,NA
completions_gemini/completion_L_t0.1_59.v,gemini,L,0.1,59,0,0,0,NA,NA,NA
completions_gemini/completion_L_t0.1_60.v,gemini,L,0.1,60,0,0,0,NA,NA,NA
completions_gemini/completion_L_t0.1_61.v,gemini,L,0.1,61,0,0,0,NA,NA,NA
completions_gemini/completion_L_t0.1_62.v,gemini,L,0.1,62,0,0,0,NA,NA,NA
completions_gemini/completion_L_t0.1_63.v,gemini,L,0.1,63,0,0,0,NA,NA,NA
completions_gemini/completion_L_t0.1_64.v,gemini,L,0.1,64,0,0,0,NA,NA,NA
completions_gemini/completion_L_t0.1_65.v,gemini,L,0.1,65,0,0,0,NA,NA,NA
completions_gemini/completion_L_t0.1_66.v,gemini,L,0.1,66,0,0,0,NA,NA,NA
completions_gemini/completion_L_t0.1_67.v,gemini,L,0.1,67,0,0,0,NA,NA,NA
completions_gemini/completion_L_t0.1_68.v,gemini,L,0.1,68,1,1,1,"6F0FA9163F92C56027EA4D329455D7D7
",0,191.102976
completions_gemini/completion_L_t0.1_69.v,gemini,L,0.1,69,1,1,0,"D7176DB018731FD4901E652217B85840
",2534,58.392576
completions_gemini/completion_L_t0.1_70.v,gemini,L,0.1,70,0,0,0,NA,NA,NA
completions_gemini/completion_L_t0.1_71.v,gemini,L,0.1,71,0,0,0,NA,NA,NA
completions_gemini/completion_L_t0.1_72.v,gemini,L,0.1,72,1,1,1,"6F0FA9163F92C56027EA4D329455D7D7
",0,192.577536
completions_gemini/completion_L_t0.1_73.v,gemini,L,0.1,73,0,0,0,NA,NA,NA
completions_gemini/completion_L_t0.1_74.v,gemini,L,0.1,74,1,1,0,"A9D2EDBED54CDAADDA8598FBA5F603AB
",2542,233.570304
completions_gemini/completion_L_t0.1_75.v,gemini,L,0.1,75,0,0,0,NA,NA,NA
completions_gemini/completion_L_t0.1_76.v,gemini,L,0.1,76,0,0,0,NA,NA,NA
completions_gemini/completion_L_t0.1_77.v,gemini,L,0.1,77,0,0,0,NA,NA,NA
completions_gemini/completion_L_t0.1_78.v,gemini,L,0.1,78,0,0,0,NA,NA,NA
completions_gemini/completion_L_t0.1_79.v,gemini,L,0.1,79,1,1,0,"FB70A6287C596C62995D5ADAAD5AE244
",2553,144.359424
completions_gemini/completion_L_t0.1_80.v,gemini,L,0.1,80,0,0,0,NA,NA,NA
completions_gemini/completion_L_t0.1_81.v,gemini,L,0.1,81,0,0,0,NA,NA,NA
completions_gemini/completion_L_t0.1_82.v,gemini,L,0.1,82,0,0,0,NA,NA,NA
completions_gemini/completion_L_t0.1_83.v,gemini,L,0.1,83,0,0,0,NA,NA,NA
completions_gemini/completion_L_t0.1_84.v,gemini,L,0.1,84,0,0,0,NA,NA,NA
completions_gemini/completion_L_t0.1_85.v,gemini,L,0.1,85,0,0,0,NA,NA,NA
completions_gemini/completion_L_t0.1_86.v,gemini,L,0.1,86,1,1,0,"E8B8F78AC523F4386B47A0AA4FF585CE
",2543,191.692800
completions_gemini/completion_L_t0.1_87.v,gemini,L,0.1,87,1,1,0,"55656EC0905049B9237F74D02CFE06DB
",2526,127.401984
completions_gemini/completion_L_t0.1_88.v,gemini,L,0.1,88,1,1,0,"27D949C866B39020FC38B43B888ADBE0
",2532,NA
completions_gemini/completion_L_t0.1_89.v,gemini,L,0.1,89,0,0,0,NA,NA,NA
completions_gemini/completion_L_t0.1_90.v,gemini,L,0.1,90,0,0,0,NA,NA,NA
completions_gemini/completion_L_t0.1_91.v,gemini,L,0.1,91,0,0,0,NA,NA,NA
completions_gemini/completion_L_t0.1_92.v,gemini,L,0.1,92,1,1,1,"6F0FA9163F92C56027EA4D329455D7D7
",0,191.102976
completions_gemini/completion_L_t0.1_93.v,gemini,L,0.1,93,0,0,0,NA,NA,NA
completions_gemini/completion_L_t0.1_94.v,gemini,L,0.1,94,0,0,0,NA,NA,NA
completions_gemini/completion_L_t0.1_95.v,gemini,L,0.1,95,0,0,0,NA,NA,NA
completions_gemini/completion_L_t0.1_96.v,gemini,L,0.1,96,0,0,0,NA,NA,NA
completions_gemini/completion_L_t0.1_97.v,gemini,L,0.1,97,0,0,0,NA,NA,NA
completions_gemini/completion_L_t0.1_98.v,gemini,L,0.1,98,0,0,0,NA,NA,NA
completions_gemini/completion_L_t0.1_99.v,gemini,L,0.1,99,0,0,0,NA,NA,NA
completions_gemini/completion_L_t0.3_0.v,gemini,L,0.3,0,0,0,0,NA,NA,NA
completions_gemini/completion_L_t0.3_1.v,gemini,L,0.3,1,0,0,0,NA,NA,NA
completions_gemini/completion_L_t0.3_2.v,gemini,L,0.3,2,0,0,0,NA,NA,NA
completions_gemini/completion_L_t0.3_3.v,gemini,L,0.3,3,0,0,0,NA,NA,NA
completions_gemini/completion_L_t0.3_4.v,gemini,L,0.3,4,1,1,0,"7B610F877627545E733C21ED1BDD4C1B
",2540,162.791424
completions_gemini/completion_L_t0.3_5.v,gemini,L,0.3,5,1,1,0,"CFB10B8A8DDDD9B63E4D79EC9A888B9D
",2541,235.929600
completions_gemini/completion_L_t0.3_6.v,gemini,L,0.3,6,0,0,0,NA,NA,NA
completions_gemini/completion_L_t0.3_7.v,gemini,L,0.3,7,0,0,0,NA,NA,NA
completions_gemini/completion_L_t0.3_8.v,gemini,L,0.3,8,0,0,0,NA,NA,NA
completions_gemini/completion_L_t0.3_9.v,gemini,L,0.3,9,0,0,0,NA,NA,NA
completions_gemini/completion_L_t0.3_10.v,gemini,L,0.3,10,0,0,0,NA,NA,NA
completions_gemini/completion_L_t0.3_11.v,gemini,L,0.3,11,0,0,0,NA,NA,NA
completions_gemini/completion_L_t0.3_12.v,gemini,L,0.3,12,0,0,0,NA,NA,NA
completions_gemini/completion_L_t0.3_13.v,gemini,L,0.3,13,0,0,0,NA,NA,NA
completions_gemini/completion_L_t0.3_14.v,gemini,L,0.3,14,1,1,0,"3AA256AD71B014083F165559AA799213
",2529,239.468545
completions_gemini/completion_L_t0.3_15.v,gemini,L,0.3,15,0,0,0,NA,NA,NA
completions_gemini/completion_L_t0.3_16.v,gemini,L,0.3,16,1,1,0,"1C0448F8B3D4F970EECC54682CF084F3
",2548,169.869312
completions_gemini/completion_L_t0.3_17.v,gemini,L,0.3,17,1,1,1,"6F0FA9163F92C56027EA4D329455D7D7
",0,192.577536
completions_gemini/completion_L_t0.3_18.v,gemini,L,0.3,18,0,0,0,NA,NA,NA
completions_gemini/completion_L_t0.3_19.v,gemini,L,0.3,19,0,0,0,NA,NA,NA
completions_gemini/completion_L_t0.3_20.v,gemini,L,0.3,20,0,0,0,NA,NA,NA
completions_gemini/completion_L_t0.3_21.v,gemini,L,0.3,21,1,1,0,"6C1AF46B064D813505915B7FE6A00C94
",2545,240.648192
completions_gemini/completion_L_t0.3_22.v,gemini,L,0.3,22,0,0,0,NA,NA,NA
completions_gemini/completion_L_t0.3_23.v,gemini,L,0.3,23,0,0,0,NA,NA,NA
completions_gemini/completion_L_t0.3_24.v,gemini,L,0.3,24,0,0,0,NA,NA,NA
completions_gemini/completion_L_t0.3_25.v,gemini,L,0.3,25,0,0,0,NA,NA,NA
completions_gemini/completion_L_t0.3_26.v,gemini,L,0.3,26,0,0,0,NA,NA,NA
completions_gemini/completion_L_t0.3_27.v,gemini,L,0.3,27,0,0,0,NA,NA,NA
completions_gemini/completion_L_t0.3_28.v,gemini,L,0.3,28,1,1,1,"6F0FA9163F92C56027EA4D329455D7D7
",0,192.577536
completions_gemini/completion_L_t0.3_29.v,gemini,L,0.3,29,0,0,0,NA,NA,NA
completions_gemini/completion_L_t0.3_30.v,gemini,L,0.3,30,0,0,0,NA,NA,NA
completions_gemini/completion_L_t0.3_31.v,gemini,L,0.3,31,1,1,0,"8155D48718B61E5C44C5D2CCCCCA77EB
",2542,310.837249
completions_gemini/completion_L_t0.3_32.v,gemini,L,0.3,32,0,0,0,NA,NA,NA
completions_gemini/completion_L_t0.3_33.v,gemini,L,0.3,33,0,0,0,NA,NA,NA
completions_gemini/completion_L_t0.3_34.v,gemini,L,0.3,34,0,0,0,NA,NA,NA
completions_gemini/completion_L_t0.3_35.v,gemini,L,0.3,35,1,1,1,"6F0FA9163F92C56027EA4D329455D7D7
",0,192.724992
completions_gemini/completion_L_t0.3_36.v,gemini,L,0.3,36,1,1,0,"1C176DB018731FB9901E4F2217935840
",2535,72.548352
completions_gemini/completion_L_t0.3_37.v,gemini,L,0.3,37,0,0,0,NA,NA,NA
completions_gemini/completion_L_t0.3_38.v,gemini,L,0.3,38,0,0,0,NA,NA,NA
completions_gemini/completion_L_t0.3_39.v,gemini,L,0.3,39,0,0,0,NA,NA,NA
completions_gemini/completion_L_t0.3_40.v,gemini,L,0.3,40,1,1,1,"6F0FA9163F92C56027EA4D329455D7D7
",0,191.102976
completions_gemini/completion_L_t0.3_41.v,gemini,L,0.3,41,1,1,0,"F7176DB018731FC4901E0122179A5840
",2543,NA
completions_gemini/completion_L_t0.3_42.v,gemini,L,0.3,42,0,0,0,NA,NA,NA
completions_gemini/completion_L_t0.3_43.v,gemini,L,0.3,43,0,0,0,NA,NA,NA
completions_gemini/completion_L_t0.3_44.v,gemini,L,0.3,44,0,0,0,NA,NA,NA
completions_gemini/completion_L_t0.3_45.v,gemini,L,0.3,45,0,0,0,NA,NA,NA
completions_gemini/completion_L_t0.3_46.v,gemini,L,0.3,46,0,0,0,NA,NA,NA
completions_gemini/completion_L_t0.3_47.v,gemini,L,0.3,47,0,0,0,NA,NA,NA
completions_gemini/completion_L_t0.3_48.v,gemini,L,0.3,48,0,0,0,NA,NA,NA
completions_gemini/completion_L_t0.3_49.v,gemini,L,0.3,49,1,1,1,"6F0FA9163F92C56027EA4D329455D7D7
",0,192.577536
completions_gemini/completion_L_t0.3_50.v,gemini,L,0.3,50,0,0,0,NA,NA,NA
completions_gemini/completion_L_t0.3_51.v,gemini,L,0.3,51,1,1,0,"1F323F115F04B44E3E2566D655678079
",2512,361.562113
completions_gemini/completion_L_t0.3_52.v,gemini,L,0.3,52,0,0,0,NA,NA,NA
completions_gemini/completion_L_t0.3_53.v,gemini,L,0.3,53,1,1,0,"FB70A6287C596C62995D5ADAAD5AE244
",2553,144.359424
completions_gemini/completion_L_t0.3_54.v,gemini,L,0.3,54,0,0,0,NA,NA,NA
completions_gemini/completion_L_t0.3_55.v,gemini,L,0.3,55,0,0,0,NA,NA,NA
completions_gemini/completion_L_t0.3_56.v,gemini,L,0.3,56,0,0,0,NA,NA,NA
completions_gemini/completion_L_t0.3_57.v,gemini,L,0.3,57,1,1,0,"FB70A6287C596C62995D5ADAAD5AE244
",2553,143.327232
completions_gemini/completion_L_t0.3_58.v,gemini,L,0.3,58,0,0,0,NA,NA,NA
completions_gemini/completion_L_t0.3_59.v,gemini,L,0.3,59,1,1,1,"6F0FA9163F92C56027EA4D329455D7D7
",0,192.724992
completions_gemini/completion_L_t0.3_60.v,gemini,L,0.3,60,1,1,1,"6F0FA9163F92C56027EA4D329455D7D7
",0,191.102976
completions_gemini/completion_L_t0.3_61.v,gemini,L,0.3,61,0,0,0,NA,NA,NA
completions_gemini/completion_L_t0.3_62.v,gemini,L,0.3,62,0,0,0,NA,NA,NA
completions_gemini/completion_L_t0.3_63.v,gemini,L,0.3,63,0,0,0,NA,NA,NA
completions_gemini/completion_L_t0.3_64.v,gemini,L,0.3,64,0,0,0,NA,NA,NA
completions_gemini/completion_L_t0.3_65.v,gemini,L,0.3,65,0,0,0,NA,NA,NA
completions_gemini/completion_L_t0.3_66.v,gemini,L,0.3,66,0,0,0,NA,NA,NA
completions_gemini/completion_L_t0.3_67.v,gemini,L,0.3,67,0,0,0,NA,NA,NA
completions_gemini/completion_L_t0.3_68.v,gemini,L,0.3,68,1,1,0,"40FCAB7C216D784F371C3B420AAC4AC3
",2538,63.700992
completions_gemini/completion_L_t0.3_69.v,gemini,L,0.3,69,1,1,0,"131169C3EEDDA5085E4A444F091299BA
",2532,63.700992
completions_gemini/completion_L_t0.3_70.v,gemini,L,0.3,70,1,1,0,"55FCA36B6C6D94444F3259D989AC7CEF
",2525,53.084160
completions_gemini/completion_L_t0.3_71.v,gemini,L,0.3,71,1,1,1,"6F0FA9163F92C56027EA4D329455D7D7
",0,192.577536
completions_gemini/completion_L_t0.3_72.v,gemini,L,0.3,72,1,1,0,"40FCABA9216D7D4F37323B429DAC4AC3
",2537,0.000000
completions_gemini/completion_L_t0.3_73.v,gemini,L,0.3,73,0,0,0,NA,NA,NA
completions_gemini/completion_L_t0.3_74.v,gemini,L,0.3,74,0,0,0,NA,NA,NA
completions_gemini/completion_L_t0.3_75.v,gemini,L,0.3,75,0,0,0,NA,NA,NA
completions_gemini/completion_L_t0.3_76.v,gemini,L,0.3,76,0,0,0,NA,NA,NA
completions_gemini/completion_L_t0.3_77.v,gemini,L,0.3,77,0,0,0,NA,NA,NA
completions_gemini/completion_L_t0.3_78.v,gemini,L,0.3,78,0,0,0,NA,NA,NA
completions_gemini/completion_L_t0.3_79.v,gemini,L,0.3,79,1,1,0,"5443E87953D8C5C51D5D58D379AE838D
",2534,352.960515
completions_gemini/completion_L_t0.3_80.v,gemini,L,0.3,80,0,0,0,NA,NA,NA
completions_gemini/completion_L_t0.3_81.v,gemini,L,0.3,81,0,0,0,NA,NA,NA
completions_gemini/completion_L_t0.3_82.v,gemini,L,0.3,82,0,0,0,NA,NA,NA
completions_gemini/completion_L_t0.3_83.v,gemini,L,0.3,83,0,0,0,NA,NA,NA
completions_gemini/completion_L_t0.3_84.v,gemini,L,0.3,84,0,0,0,NA,NA,NA
completions_gemini/completion_L_t0.3_85.v,gemini,L,0.3,85,1,1,0,"47FBDCAE6C896A78BDA201A422027D33
",2518,77.856768
completions_gemini/completion_L_t0.3_86.v,gemini,L,0.3,86,0,0,0,NA,NA,NA
completions_gemini/completion_L_t0.3_87.v,gemini,L,0.3,87,0,0,0,NA,NA,NA
completions_gemini/completion_L_t0.3_88.v,gemini,L,0.3,88,1,1,0,"5B81B41FEBA1813CF7D3B3B990CCD514
",2548,122.978304
completions_gemini/completion_L_t0.3_89.v,gemini,L,0.3,89,0,0,0,NA,NA,NA
completions_gemini/completion_L_t0.3_90.v,gemini,L,0.3,90,0,0,0,NA,NA,NA
completions_gemini/completion_L_t0.3_91.v,gemini,L,0.3,91,1,1,0,"40FCAB0F216D7D2037323B659DAC4AB7
",2518,19.316736
completions_gemini/completion_L_t0.3_92.v,gemini,L,0.3,92,0,0,0,NA,NA,NA
completions_gemini/completion_L_t0.3_93.v,gemini,L,0.3,93,0,0,0,NA,NA,NA
completions_gemini/completion_L_t0.3_94.v,gemini,L,0.3,94,0,0,0,NA,NA,NA
completions_gemini/completion_L_t0.3_95.v,gemini,L,0.3,95,1,1,0,"A74E82CB09F029D5E25D9BD65596C0B3
",2505,161.021952
completions_gemini/completion_L_t0.3_96.v,gemini,L,0.3,96,0,0,0,NA,NA,NA
completions_gemini/completion_L_t0.3_97.v,gemini,L,0.3,97,0,0,0,NA,NA,NA
completions_gemini/completion_L_t0.3_98.v,gemini,L,0.3,98,0,0,0,NA,NA,NA
completions_gemini/completion_L_t0.3_99.v,gemini,L,0.3,99,1,1,1,"6F0FA9163F92C56027EA4D329455D7D7
",0,192.577536
completions_gemini/completion_L_t0.5_0.v,gemini,L,0.5,0,0,0,0,NA,NA,NA
completions_gemini/completion_L_t0.5_1.v,gemini,L,0.5,1,1,1,0,"2CD8A2852631CBFC8AE4F9750FF8907B
",2537,141.557760
completions_gemini/completion_L_t0.5_2.v,gemini,L,0.5,2,1,1,0,"57CF9750E22D74E930F2BC0926F72DEA
",2528,92.012544
completions_gemini/completion_L_t0.5_3.v,gemini,L,0.5,3,0,0,0,NA,NA,NA
completions_gemini/completion_L_t0.5_4.v,gemini,L,0.5,4,0,0,0,NA,NA,NA
completions_gemini/completion_L_t0.5_5.v,gemini,L,0.5,5,0,0,0,NA,NA,NA
completions_gemini/completion_L_t0.5_6.v,gemini,L,0.5,6,0,0,0,NA,NA,NA
completions_gemini/completion_L_t0.5_7.v,gemini,L,0.5,7,0,0,0,NA,NA,NA
completions_gemini/completion_L_t0.5_8.v,gemini,L,0.5,8,1,1,0,"832BAE385832BCF259850CDED2B3E603
",2546,316.145665
completions_gemini/completion_L_t0.5_9.v,gemini,L,0.5,9,0,0,0,NA,NA,NA
completions_gemini/completion_L_t0.5_10.v,gemini,L,0.5,10,1,1,1,"6F0FA9163F92C56027EA4D329455D7D7
",0,192.577536
completions_gemini/completion_L_t0.5_11.v,gemini,L,0.5,11,0,0,0,NA,NA,NA
completions_gemini/completion_L_t0.5_12.v,gemini,L,0.5,12,0,0,0,NA,NA,NA
completions_gemini/completion_L_t0.5_13.v,gemini,L,0.5,13,0,0,0,NA,NA,NA
completions_gemini/completion_L_t0.5_14.v,gemini,L,0.5,14,0,0,0,NA,NA,NA
completions_gemini/completion_L_t0.5_15.v,gemini,L,0.5,15,1,1,0,"021B01D71329561D24DFA276293C880B
",2549,313.786369
completions_gemini/completion_L_t0.5_16.v,gemini,L,0.5,16,1,1,0,"537C9404C071490CB598736A58AEA749
",2524,148.635648
completions_gemini/completion_L_t0.5_17.v,gemini,L,0.5,17,0,0,0,NA,NA,NA
completions_gemini/completion_L_t0.5_18.v,gemini,L,0.5,18,0,0,0,NA,NA,NA
completions_gemini/completion_L_t0.5_19.v,gemini,L,0.5,19,0,0,0,NA,NA,NA
completions_gemini/completion_L_t0.5_20.v,gemini,L,0.5,20,0,0,0,NA,NA,NA
completions_gemini/completion_L_t0.5_21.v,gemini,L,0.5,21,1,1,0,"40FCABA9216D7D4F37323B429DAC4AC3
",2537,0.000000
completions_gemini/completion_L_t0.5_22.v,gemini,L,0.5,22,0,0,0,NA,NA,NA
completions_gemini/completion_L_t0.5_23.v,gemini,L,0.5,23,0,0,0,NA,NA,NA
completions_gemini/completion_L_t0.5_24.v,gemini,L,0.5,24,0,0,0,NA,NA,NA
completions_gemini/completion_L_t0.5_25.v,gemini,L,0.5,25,0,0,0,NA,NA,NA
completions_gemini/completion_L_t0.5_26.v,gemini,L,0.5,26,1,1,0,"6CC909EB5C9AF5F7B506FAC043DAD387
",2528,162.791424
completions_gemini/completion_L_t0.5_27.v,gemini,L,0.5,27,0,0,0,NA,NA,NA
completions_gemini/completion_L_t0.5_28.v,gemini,L,0.5,28,0,0,0,NA,NA,NA
completions_gemini/completion_L_t0.5_29.v,gemini,L,0.5,29,0,0,0,NA,NA,NA
completions_gemini/completion_L_t0.5_30.v,gemini,L,0.5,30,1,1,0,"AB0EDC5DC737521445A15D49B557C604
",2546,58.392576
completions_gemini/completion_L_t0.5_31.v,gemini,L,0.5,31,1,1,1,"6F0FA9163F92C56027EA4D329455D7D7
",0,191.102976
completions_gemini/completion_L_t0.5_32.v,gemini,L,0.5,32,0,0,0,NA,NA,NA
completions_gemini/completion_L_t0.5_33.v,gemini,L,0.5,33,0,0,0,NA,NA,NA
completions_gemini/completion_L_t0.5_34.v,gemini,L,0.5,34,1,1,0,"9E691D134B610C6AB09435C8683D4B62
",2554,127.401984
completions_gemini/completion_L_t0.5_35.v,gemini,L,0.5,35,0,0,0,NA,NA,NA
completions_gemini/completion_L_t0.5_36.v,gemini,L,0.5,36,1,1,0,"94A95A0A4A5DF63B9AA976C2A9D53B41
",2520,35.389440
completions_gemini/completion_L_t0.5_37.v,gemini,L,0.5,37,0,0,0,NA,NA,NA
completions_gemini/completion_L_t0.5_38.v,gemini,L,0.5,38,1,1,0,"086C0605850234E0FDE62B50C329DA92
",2542,475.004934
completions_gemini/completion_L_t0.5_39.v,gemini,L,0.5,39,1,1,0,"20395735D94FC33C8F6C5C6960A0C610
",2517,158.072832
completions_gemini/completion_L_t0.5_40.v,gemini,L,0.5,40,0,0,0,NA,NA,NA
completions_gemini/completion_L_t0.5_41.v,gemini,L,0.5,41,1,1,0,"E123428B6ED6D083CD5D59882E5B42E9
",2524,183.730176
completions_gemini/completion_L_t0.5_42.v,gemini,L,0.5,42,1,1,0,"8DBCC4BEC825D1D513E630E3685C420B
",2536,192.430080
completions_gemini/completion_L_t0.5_43.v,gemini,L,0.5,43,0,0,0,NA,NA,NA
completions_gemini/completion_L_t0.5_44.v,gemini,L,0.5,44,0,0,0,NA,NA,NA
completions_gemini/completion_L_t0.5_45.v,gemini,L,0.5,45,1,1,0,"D093E254A90F691586B79CB8FA2CC9BB
",2535,302.776323
completions_gemini/completion_L_t0.5_46.v,gemini,L,0.5,46,1,1,0,"7B610F877627545E733C21ED1BDD4C1B
",2540,162.791424
completions_gemini/completion_L_t0.5_47.v,gemini,L,0.5,47,1,1,1,"6F0FA9163F92C56027EA4D329455D7D7
",0,191.102976
completions_gemini/completion_L_t0.5_48.v,gemini,L,0.5,48,0,0,0,NA,NA,NA
completions_gemini/completion_L_t0.5_49.v,gemini,L,0.5,49,1,1,0,"6BEF1E7DA0C3FD80640149A3B31264EF
",2533,169.869312
completions_gemini/completion_L_t0.5_50.v,gemini,L,0.5,50,0,0,0,NA,NA,NA
completions_gemini/completion_L_t0.5_51.v,gemini,L,0.5,51,0,0,0,NA,NA,NA
completions_gemini/completion_L_t0.5_52.v,gemini,L,0.5,52,1,1,1,"6F0FA9163F92C56027EA4D329455D7D7
",0,192.577536
completions_gemini/completion_L_t0.5_53.v,gemini,L,0.5,53,1,1,1,"6F0FA9163F92C56027EA4D329455D7D7
",0,191.102976
completions_gemini/completion_L_t0.5_54.v,gemini,L,0.5,54,0,0,0,NA,NA,NA
completions_gemini/completion_L_t0.5_55.v,gemini,L,0.5,55,0,0,0,NA,NA,NA
completions_gemini/completion_L_t0.5_56.v,gemini,L,0.5,56,1,1,0,"8E3E894A5A355D9166EE1F3582758A05
",2522,80.216064
completions_gemini/completion_L_t0.5_57.v,gemini,L,0.5,57,0,0,0,NA,NA,NA
completions_gemini/completion_L_t0.5_58.v,gemini,L,0.5,58,1,1,0,"506615FE9EA4132360B84652A040A8FB
",2534,201.719808
completions_gemini/completion_L_t0.5_59.v,gemini,L,0.5,59,1,1,1,"6F0FA9163F92C56027EA4D329455D7D7
",0,191.102976
completions_gemini/completion_L_t0.5_60.v,gemini,L,0.5,60,0,0,0,NA,NA,NA
completions_gemini/completion_L_t0.5_61.v,gemini,L,0.5,61,1,1,0,"F9A1B6355CE44967BB3BA4A54794C39D
",2538,191.102976
completions_gemini/completion_L_t0.5_62.v,gemini,L,0.5,62,0,0,0,NA,NA,NA
completions_gemini/completion_L_t0.5_63.v,gemini,L,0.5,63,0,0,0,NA,NA,NA
completions_gemini/completion_L_t0.5_64.v,gemini,L,0.5,64,1,1,0,"FD3FC8EB4AD3B23E9BFE0DB4686AD760
",2542,45.121536
completions_gemini/completion_L_t0.5_65.v,gemini,L,0.5,65,0,0,0,NA,NA,NA
completions_gemini/completion_L_t0.5_66.v,gemini,L,0.5,66,1,1,0,"53059C8B91030A643D0BE5CDA385B30A
",2558,142.884864
completions_gemini/completion_L_t0.5_67.v,gemini,L,0.5,67,1,1,0,"F7176DB018731FC4901E0122179A5840
",2543,NA
completions_gemini/completion_L_t0.5_68.v,gemini,L,0.5,68,0,0,0,NA,NA,NA
completions_gemini/completion_L_t0.5_69.v,gemini,L,0.5,69,0,0,0,NA,NA,NA
completions_gemini/completion_L_t0.5_70.v,gemini,L,0.5,70,1,1,0,"ED6557D1013847A8A957D3C8314F89FC
",2543,84.934656
completions_gemini/completion_L_t0.5_71.v,gemini,L,0.5,71,0,0,0,NA,NA,NA
completions_gemini/completion_L_t0.5_72.v,gemini,L,0.5,72,0,0,0,NA,NA,NA
completions_gemini/completion_L_t0.5_73.v,gemini,L,0.5,73,0,0,0,NA,NA,NA
completions_gemini/completion_L_t0.5_74.v,gemini,L,0.5,74,0,0,0,NA,NA,NA
completions_gemini/completion_L_t0.5_75.v,gemini,L,0.5,75,0,0,0,NA,NA,NA
completions_gemini/completion_L_t0.5_76.v,gemini,L,0.5,76,0,0,0,NA,NA,NA
completions_gemini/completion_L_t0.5_77.v,gemini,L,0.5,77,1,1,0,"1AAB1F53C1A33738C3E12B05BAA0BBB4
",2556,233.570304
completions_gemini/completion_L_t0.5_78.v,gemini,L,0.5,78,1,1,0,"F7176DB018731FC4901E0122179A5840
",2543,NA
completions_gemini/completion_L_t0.5_79.v,gemini,L,0.5,79,0,0,0,NA,NA,NA
completions_gemini/completion_L_t0.5_80.v,gemini,L,0.5,80,0,0,0,NA,NA,NA
completions_gemini/completion_L_t0.5_81.v,gemini,L,0.5,81,1,1,0,"40FCABA9216D7D4F37323B429DAC4AC3
",2537,0.000000
completions_gemini/completion_L_t0.5_82.v,gemini,L,0.5,82,0,0,0,NA,NA,NA
completions_gemini/completion_L_t0.5_83.v,gemini,L,0.5,83,0,0,0,NA,NA,NA
completions_gemini/completion_L_t0.5_84.v,gemini,L,0.5,84,0,0,0,NA,NA,NA
completions_gemini/completion_L_t0.5_85.v,gemini,L,0.5,85,0,0,0,NA,NA,NA
completions_gemini/completion_L_t0.5_86.v,gemini,L,0.5,86,0,0,0,NA,NA,NA
completions_gemini/completion_L_t0.5_87.v,gemini,L,0.5,87,1,1,0,"FB99CCDA8E0F831E1259C66F4CC612AF
",2526,69.009408
completions_gemini/completion_L_t0.5_88.v,gemini,L,0.5,88,0,0,0,NA,NA,NA
completions_gemini/completion_L_t0.5_89.v,gemini,L,0.5,89,1,1,0,"0638A6F34977C1370BECD7FBB6B4F70B
",2510,21.233664
completions_gemini/completion_L_t0.5_90.v,gemini,L,0.5,90,0,0,0,NA,NA,NA
completions_gemini/completion_L_t0.5_91.v,gemini,L,0.5,91,0,0,0,NA,NA,NA
completions_gemini/completion_L_t0.5_92.v,gemini,L,0.5,92,0,0,0,NA,NA,NA
completions_gemini/completion_L_t0.5_93.v,gemini,L,0.5,93,0,0,0,NA,NA,NA
completions_gemini/completion_L_t0.5_94.v,gemini,L,0.5,94,0,0,0,NA,NA,NA
completions_gemini/completion_L_t0.5_95.v,gemini,L,0.5,95,1,1,0,"D9B02BB08ED481DEE3B5A723FC4F218D
",2522,233.570304
completions_gemini/completion_L_t0.5_96.v,gemini,L,0.5,96,0,0,0,NA,NA,NA
completions_gemini/completion_L_t0.5_97.v,gemini,L,0.5,97,0,0,0,NA,NA,NA
completions_gemini/completion_L_t0.5_98.v,gemini,L,0.5,98,0,0,0,NA,NA,NA
completions_gemini/completion_L_t0.5_99.v,gemini,L,0.5,99,0,0,0,NA,NA,NA
completions_gemini/completion_L_t0.7_0.v,gemini,L,0.7,0,0,0,0,NA,NA,NA
completions_gemini/completion_L_t0.7_1.v,gemini,L,0.7,1,0,0,0,NA,NA,NA
completions_gemini/completion_L_t0.7_2.v,gemini,L,0.7,2,1,1,1,"6F0FA9163F92C56027EA4D329455D7D7
",0,192.577536
completions_gemini/completion_L_t0.7_3.v,gemini,L,0.7,3,0,0,0,NA,NA,NA
completions_gemini/completion_L_t0.7_4.v,gemini,L,0.7,4,0,0,0,NA,NA,NA
completions_gemini/completion_L_t0.7_5.v,gemini,L,0.7,5,0,0,0,NA,NA,NA
completions_gemini/completion_L_t0.7_6.v,gemini,L,0.7,6,0,0,0,NA,NA,NA
completions_gemini/completion_L_t0.7_7.v,gemini,L,0.7,7,1,1,1,"6F0FA9163F92C56027EA4D329455D7D7
",0,192.724992
completions_gemini/completion_L_t0.7_8.v,gemini,L,0.7,8,1,1,0,"E8B8F78AC523F4386B47A0AA4FF585CE
",2543,191.102976
completions_gemini/completion_L_t0.7_9.v,gemini,L,0.7,9,0,0,0,NA,NA,NA
completions_gemini/completion_L_t0.7_10.v,gemini,L,0.7,10,0,0,0,NA,NA,NA
completions_gemini/completion_L_t0.7_11.v,gemini,L,0.7,11,1,1,0,"2CD8A2852631CBFC8AE4F9750FF8907B
",2537,141.557760
completions_gemini/completion_L_t0.7_12.v,gemini,L,0.7,12,0,0,0,NA,NA,NA
completions_gemini/completion_L_t0.7_13.v,gemini,L,0.7,13,0,0,0,NA,NA,NA
completions_gemini/completion_L_t0.7_14.v,gemini,L,0.7,14,1,1,0,"85A7355C8E1B3FE78C904A648F604975
",2552,216.662016
completions_gemini/completion_L_t0.7_15.v,gemini,L,0.7,15,1,1,1,"6F0FA9163F92C56027EA4D329455D7D7
",0,192.577536
completions_gemini/completion_L_t0.7_16.v,gemini,L,0.7,16,1,1,0,"341A08344FE83A83F9857B4C4F2F1DF2
",2540,107.937792
completions_gemini/completion_L_t0.7_17.v,gemini,L,0.7,17,1,1,0,"56256FCA8256382DEE0B9091C144883D
",2546,NA
completions_gemini/completion_L_t0.7_18.v,gemini,L,0.7,18,1,1,1,"6F0FA9163F92C56027EA4D329455D7D7
",0,191.102976
completions_gemini/completion_L_t0.7_19.v,gemini,L,0.7,19,0,0,0,NA,NA,NA
completions_gemini/completion_L_t0.7_20.v,gemini,L,0.7,20,0,0,0,NA,NA,NA
completions_gemini/completion_L_t0.7_21.v,gemini,L,0.7,21,0,0,0,NA,NA,NA
completions_gemini/completion_L_t0.7_22.v,gemini,L,0.7,22,0,0,0,NA,NA,NA
completions_gemini/completion_L_t0.7_23.v,gemini,L,0.7,23,0,0,0,NA,NA,NA
completions_gemini/completion_L_t0.7_24.v,gemini,L,0.7,24,0,0,0,NA,NA,NA
completions_gemini/completion_L_t0.7_25.v,gemini,L,0.7,25,0,0,0,NA,NA,NA
completions_gemini/completion_L_t0.7_26.v,gemini,L,0.7,26,0,0,0,NA,NA,NA
completions_gemini/completion_L_t0.7_27.v,gemini,L,0.7,27,0,0,0,NA,NA,NA
completions_gemini/completion_L_t0.7_28.v,gemini,L,0.7,28,0,0,0,NA,NA,NA
completions_gemini/completion_L_t0.7_29.v,gemini,L,0.7,29,0,0,0,NA,NA,NA
completions_gemini/completion_L_t0.7_30.v,gemini,L,0.7,30,0,0,0,NA,NA,NA
completions_gemini/completion_L_t0.7_31.v,gemini,L,0.7,31,0,0,0,NA,NA,NA
completions_gemini/completion_L_t0.7_32.v,gemini,L,0.7,32,0,0,0,NA,NA,NA
completions_gemini/completion_L_t0.7_33.v,gemini,L,0.7,33,0,0,0,NA,NA,NA
completions_gemini/completion_L_t0.7_34.v,gemini,L,0.7,34,1,1,1,"6F0FA9163F92C56027EA4D329455D7D7
",0,191.102976
completions_gemini/completion_L_t0.7_35.v,gemini,L,0.7,35,1,1,0,"94A95A0A4A5DF63B9AA976C2A9D53B41
",2520,35.389440
completions_gemini/completion_L_t0.7_36.v,gemini,L,0.7,36,0,0,0,NA,NA,NA
completions_gemini/completion_L_t0.7_37.v,gemini,L,0.7,37,0,0,0,NA,NA,NA
completions_gemini/completion_L_t0.7_38.v,gemini,L,0.7,38,0,0,0,NA,NA,NA
completions_gemini/completion_L_t0.7_39.v,gemini,L,0.7,39,1,1,0,"01BA24D94F3CE4C6797504E81BB8102C
",2535,84.934656
completions_gemini/completion_L_t0.7_40.v,gemini,L,0.7,40,1,1,1,"6F0FA9163F92C56027EA4D329455D7D7
",0,192.724992
completions_gemini/completion_L_t0.7_41.v,gemini,L,0.7,41,1,1,0,"78F6166E87E3F03B7F1AA60C63C80E40
",2540,193.757184
completions_gemini/completion_L_t0.7_42.v,gemini,L,0.7,42,0,0,0,NA,NA,NA
completions_gemini/completion_L_t0.7_43.v,gemini,L,0.7,43,1,1,0,"32B914E38C17C8E6E84DF5F2F52383DB
",2546,1475.641373
completions_gemini/completion_L_t0.7_44.v,gemini,L,0.7,44,1,1,0,"8DBCC4BEC825D1D513E630E3685C420B
",2536,192.430080
completions_gemini/completion_L_t0.7_45.v,gemini,L,0.7,45,0,0,0,NA,NA,NA
completions_gemini/completion_L_t0.7_46.v,gemini,L,0.7,46,0,0,0,NA,NA,NA
completions_gemini/completion_L_t0.7_47.v,gemini,L,0.7,47,1,1,1,"6F0FA9163F92C56027EA4D329455D7D7
",0,191.102976
completions_gemini/completion_L_t0.7_48.v,gemini,L,0.7,48,0,0,0,NA,NA,NA
completions_gemini/completion_L_t0.7_49.v,gemini,L,0.7,49,0,0,0,NA,NA,NA
completions_gemini/completion_L_t0.7_50.v,gemini,L,0.7,50,1,1,0,"DAC486CF1304E038AD2BF82C1D3E9F15
",2553,214.253568
completions_gemini/completion_L_t0.7_51.v,gemini,L,0.7,51,1,1,0,"2C9B02301E1B2A90F669E930D3236818
",2541,180.191232
completions_gemini/completion_L_t0.7_52.v,gemini,L,0.7,52,0,0,0,NA,NA,NA
completions_gemini/completion_L_t0.7_53.v,gemini,L,0.7,53,0,0,0,NA,NA,NA
completions_gemini/completion_L_t0.7_54.v,gemini,L,0.7,54,0,0,0,NA,NA,NA
completions_gemini/completion_L_t0.7_55.v,gemini,L,0.7,55,1,1,0,"8DBCC4BEC825D1D513E630E3685C420B
",2536,192.430080
completions_gemini/completion_L_t0.7_56.v,gemini,L,0.7,56,0,0,0,NA,NA,NA
completions_gemini/completion_L_t0.7_57.v,gemini,L,0.7,57,1,1,1,"6F0FA9163F92C56027EA4D329455D7D7
",0,191.102976
completions_gemini/completion_L_t0.7_58.v,gemini,L,0.7,58,1,1,0,"AE846E517244E1C41385C80C297D585B
",2545,NA
completions_gemini/completion_L_t0.7_59.v,gemini,L,0.7,59,0,0,0,NA,NA,NA
completions_gemini/completion_L_t0.7_60.v,gemini,L,0.7,60,1,1,1,"6F0FA9163F92C56027EA4D329455D7D7
",0,233.570304
completions_gemini/completion_L_t0.7_61.v,gemini,L,0.7,61,0,0,0,NA,NA,NA
completions_gemini/completion_L_t0.7_62.v,gemini,L,0.7,62,0,0,0,NA,NA,NA
completions_gemini/completion_L_t0.7_63.v,gemini,L,0.7,63,0,0,0,NA,NA,NA
completions_gemini/completion_L_t0.7_64.v,gemini,L,0.7,64,0,0,0,NA,NA,NA
completions_gemini/completion_L_t0.7_65.v,gemini,L,0.7,65,0,0,0,NA,NA,NA
completions_gemini/completion_L_t0.7_66.v,gemini,L,0.7,66,0,0,0,NA,NA,NA
completions_gemini/completion_L_t0.7_67.v,gemini,L,0.7,67,0,0,0,NA,NA,NA
completions_gemini/completion_L_t0.7_68.v,gemini,L,0.7,68,1,1,1,"6F0FA9163F92C56027EA4D329455D7D7
",0,192.577536
completions_gemini/completion_L_t0.7_69.v,gemini,L,0.7,69,0,0,0,NA,NA,NA
completions_gemini/completion_L_t0.7_70.v,gemini,L,0.7,70,0,0,0,NA,NA,NA
completions_gemini/completion_L_t0.7_71.v,gemini,L,0.7,71,0,0,0,NA,NA,NA
completions_gemini/completion_L_t0.7_72.v,gemini,L,0.7,72,1,1,0,"456B701A3C3EAEF1E4AC338CA4E8797F
",2535,79.626240
completions_gemini/completion_L_t0.7_73.v,gemini,L,0.7,73,1,1,0,"04FEBB454F2727835B93FA57A8E94A01
",2537,NA
completions_gemini/completion_L_t0.7_74.v,gemini,L,0.7,74,0,0,0,NA,NA,NA
completions_gemini/completion_L_t0.7_75.v,gemini,L,0.7,75,1,1,0,"A410C544DFED15E8A58889145A95C0D0
",2556,141.557760
completions_gemini/completion_L_t0.7_76.v,gemini,L,0.7,76,0,0,0,NA,NA,NA
completions_gemini/completion_L_t0.7_77.v,gemini,L,0.7,77,0,0,0,NA,NA,NA
completions_gemini/completion_L_t0.7_78.v,gemini,L,0.7,78,1,1,1,"6F0FA9163F92C56027EA4D329455D7D7
",0,191.102976
completions_gemini/completion_L_t0.7_79.v,gemini,L,0.7,79,0,0,0,NA,NA,NA
completions_gemini/completion_L_t0.7_80.v,gemini,L,0.7,80,0,0,0,NA,NA,NA
completions_gemini/completion_L_t0.7_81.v,gemini,L,0.7,81,1,1,0,"801B7B25C0F2A5EE57F37AB1EE468C2A
",2539,113.246208
completions_gemini/completion_L_t0.7_82.v,gemini,L,0.7,82,1,1,0,"7B610F877627545E733C21ED1BDD4C1B
",2540,162.791424
completions_gemini/completion_L_t0.7_83.v,gemini,L,0.7,83,0,0,0,NA,NA,NA
completions_gemini/completion_L_t0.7_84.v,gemini,L,0.7,84,0,0,0,NA,NA,NA
completions_gemini/completion_L_t0.7_85.v,gemini,L,0.7,85,0,0,0,NA,NA,NA
completions_gemini/completion_L_t0.7_86.v,gemini,L,0.7,86,0,0,0,NA,NA,NA
completions_gemini/completion_L_t0.7_87.v,gemini,L,0.7,87,0,0,0,NA,NA,NA
completions_gemini/completion_L_t0.7_88.v,gemini,L,0.7,88,0,0,0,NA,NA,NA
completions_gemini/completion_L_t0.7_89.v,gemini,L,0.7,89,0,0,0,NA,NA,NA
completions_gemini/completion_L_t0.7_90.v,gemini,L,0.7,90,1,1,0,"86D8525F658A2179ABA576F3C27221C8
",2514,233.570304
completions_gemini/completion_L_t0.7_91.v,gemini,L,0.7,91,0,0,0,NA,NA,NA
completions_gemini/completion_L_t0.7_92.v,gemini,L,0.7,92,0,0,0,NA,NA,NA
completions_gemini/completion_L_t0.7_93.v,gemini,L,0.7,93,1,1,0,"54C78E53B18E7F0674EB757D358D5F67
",2534,162.791424
completions_gemini/completion_L_t0.7_94.v,gemini,L,0.7,94,1,1,0,"F9A1B6355CE44967BB3BA4A54794C39D
",2538,191.102976
completions_gemini/completion_L_t0.7_95.v,gemini,L,0.7,95,1,1,1,"6F0FA9163F92C56027EA4D329455D7D7
",0,192.577536
completions_gemini/completion_L_t0.7_96.v,gemini,L,0.7,96,0,0,0,NA,NA,NA
completions_gemini/completion_L_t0.7_97.v,gemini,L,0.7,97,0,0,0,NA,NA,NA
completions_gemini/completion_L_t0.7_98.v,gemini,L,0.7,98,1,1,1,"6F0FA9163F92C56027EA4D329455D7D7
",0,191.102976
completions_gemini/completion_L_t0.7_99.v,gemini,L,0.7,99,0,0,0,NA,NA,NA
completions_gemini/completion_L_t1.0_0.v,gemini,L,1.0,0,1,1,0,"2CD8A2852631CBFC8AE4F9750FF8907B
",2537,138.018816
completions_gemini/completion_L_t1.0_1.v,gemini,L,1.0,1,1,1,0,"2CD8A2852631CBFC8AE4F9750FF8907B
",2537,141.557760
completions_gemini/completion_L_t1.0_2.v,gemini,L,1.0,2,0,0,0,NA,NA,NA
completions_gemini/completion_L_t1.0_3.v,gemini,L,1.0,3,0,0,0,NA,NA,NA
completions_gemini/completion_L_t1.0_4.v,gemini,L,1.0,4,1,1,0,"7B610F877627545E733C21ED1BDD4C1B
",2540,162.791424
completions_gemini/completion_L_t1.0_5.v,gemini,L,1.0,5,0,0,0,NA,NA,NA
completions_gemini/completion_L_t1.0_6.v,gemini,L,1.0,6,0,0,0,NA,NA,NA
completions_gemini/completion_L_t1.0_7.v,gemini,L,1.0,7,0,0,0,NA,NA,NA
completions_gemini/completion_L_t1.0_8.v,gemini,L,1.0,8,0,0,0,NA,NA,NA
completions_gemini/completion_L_t1.0_9.v,gemini,L,1.0,9,1,1,0,"01BA24D94F3CE4C6797504E81BB8102C
",2535,84.934656
completions_gemini/completion_L_t1.0_10.v,gemini,L,1.0,10,1,1,0,"B36B2F0FB10D960326BFA90305936CFD
",2525,282.820609
completions_gemini/completion_L_t1.0_11.v,gemini,L,1.0,11,1,1,1,"6F0FA9163F92C56027EA4D329455D7D7
",0,NA
completions_gemini/completion_L_t1.0_12.v,gemini,L,1.0,12,1,1,0,"56256FCA8256382DEE0B9091C144883D
",2546,191.102976
completions_gemini/completion_L_t1.0_13.v,gemini,L,1.0,13,0,0,0,NA,NA,NA
completions_gemini/completion_L_t1.0_14.v,gemini,L,1.0,14,0,0,0,NA,NA,NA
completions_gemini/completion_L_t1.0_15.v,gemini,L,1.0,15,0,0,0,NA,NA,NA
completions_gemini/completion_L_t1.0_16.v,gemini,L,1.0,16,1,1,0,"496D750F7A98A9F3B4C883AC3FFD6A06
",2538,32.292864
completions_gemini/completion_L_t1.0_17.v,gemini,L,1.0,17,0,0,0,NA,NA,NA
completions_gemini/completion_L_t1.0_18.v,gemini,L,1.0,18,0,0,0,NA,NA,NA
completions_gemini/completion_L_t1.0_19.v,gemini,L,1.0,19,1,1,0,"8DBCC4BEC825D1D513E630E3685C420B
",2536,191.102976
completions_gemini/completion_L_t1.0_20.v,gemini,L,1.0,20,0,0,0,NA,NA,NA
completions_gemini/completion_L_t1.0_21.v,gemini,L,1.0,21,0,0,0,NA,NA,NA
completions_gemini/completion_L_t1.0_22.v,gemini,L,1.0,22,0,0,0,NA,NA,NA
completions_gemini/completion_L_t1.0_23.v,gemini,L,1.0,23,0,0,0,NA,NA,NA
completions_gemini/completion_L_t1.0_24.v,gemini,L,1.0,24,0,0,0,NA,NA,NA
completions_gemini/completion_L_t1.0_25.v,gemini,L,1.0,25,0,0,0,NA,NA,NA
completions_gemini/completion_L_t1.0_26.v,gemini,L,1.0,26,1,1,1,"6F0FA9163F92C56027EA4D329455D7D7
",0,191.102976
completions_gemini/completion_L_t1.0_27.v,gemini,L,1.0,27,1,1,0,"FB7D500A3991A4D5B9100C4265E5A06A
",2519,191.102976
completions_gemini/completion_L_t1.0_28.v,gemini,L,1.0,28,0,0,0,NA,NA,NA
completions_gemini/completion_L_t1.0_29.v,gemini,L,1.0,29,1,1,0,"8F6FB8374533AD47A2353FF2F31D8C15
",2525,191.102976
completions_gemini/completion_L_t1.0_30.v,gemini,L,1.0,30,0,0,0,NA,NA,NA
completions_gemini/completion_L_t1.0_31.v,gemini,L,1.0,31,1,1,1,"6F0FA9163F92C56027EA4D329455D7D7
",0,191.102976
completions_gemini/completion_L_t1.0_32.v,gemini,L,1.0,32,0,0,0,NA,NA,NA
completions_gemini/completion_L_t1.0_33.v,gemini,L,1.0,33,0,0,0,NA,NA,NA
completions_gemini/completion_L_t1.0_34.v,gemini,L,1.0,34,0,0,0,NA,NA,NA
completions_gemini/completion_L_t1.0_35.v,gemini,L,1.0,35,1,1,0,"785893627D12F06CC592D7857A038A73
",2549,47.775744
completions_gemini/completion_L_t1.0_36.v,gemini,L,1.0,36,0,0,0,NA,NA,NA
completions_gemini/completion_L_t1.0_37.v,gemini,L,1.0,37,0,0,0,NA,NA,NA
completions_gemini/completion_L_t1.0_38.v,gemini,L,1.0,38,0,0,0,NA,NA,NA
completions_gemini/completion_L_t1.0_39.v,gemini,L,1.0,39,0,0,0,NA,NA,NA
completions_gemini/completion_L_t1.0_40.v,gemini,L,1.0,40,1,1,0,"DB8CD95F3EA289E7F135FD40A1399CF2
",2526,58.392576
completions_gemini/completion_L_t1.0_41.v,gemini,L,1.0,41,0,0,0,NA,NA,NA
completions_gemini/completion_L_t1.0_42.v,gemini,L,1.0,42,0,0,0,NA,NA,NA
completions_gemini/completion_L_t1.0_43.v,gemini,L,1.0,43,1,1,0,"86946F03376F206A916B89463063AD3E
",2570,105.283584
completions_gemini/completion_L_t1.0_44.v,gemini,L,1.0,44,1,1,0,"9AFC0F61DF4905EC333EF70C9A8EF10A
",2505,71.663616
completions_gemini/completion_L_t1.0_45.v,gemini,L,1.0,45,1,0,0,NA,NA,NA
completions_gemini/completion_L_t1.0_46.v,gemini,L,1.0,46,1,1,0,"78D0288087A1BE257FE46538639511D1
",2545,191.102976
completions_gemini/completion_L_t1.0_47.v,gemini,L,1.0,47,0,0,0,NA,NA,NA
completions_gemini/completion_L_t1.0_48.v,gemini,L,1.0,48,1,1,0,"B00A7D24AE3F2CF5ED62BC11181913FA
",2529,184.025088
completions_gemini/completion_L_t1.0_49.v,gemini,L,1.0,49,1,1,0,"F7176DB018731FC4901E0122179A5840
",2543,0.000000
completions_gemini/completion_L_t1.0_50.v,gemini,L,1.0,50,0,0,0,NA,NA,NA
completions_gemini/completion_L_t1.0_51.v,gemini,L,1.0,51,0,0,0,NA,NA,NA
completions_gemini/completion_L_t1.0_52.v,gemini,L,1.0,52,0,0,0,NA,NA,NA
completions_gemini/completion_L_t1.0_53.v,gemini,L,1.0,53,0,0,0,NA,NA,NA
completions_gemini/completion_L_t1.0_54.v,gemini,L,1.0,54,0,0,0,NA,NA,NA
completions_gemini/completion_L_t1.0_55.v,gemini,L,1.0,55,0,0,0,NA,NA,NA
completions_gemini/completion_L_t1.0_56.v,gemini,L,1.0,56,1,1,1,"6F0FA9163F92C56027EA4D329455D7D7
",0,192.577536
completions_gemini/completion_L_t1.0_57.v,gemini,L,1.0,57,0,0,0,NA,NA,NA
completions_gemini/completion_L_t1.0_58.v,gemini,L,1.0,58,1,1,0,"F721167C675102C5C3318D3C07D32BA5
",2541,463.208453
completions_gemini/completion_L_t1.0_59.v,gemini,L,1.0,59,0,0,0,NA,NA,NA
completions_gemini/completion_L_t1.0_60.v,gemini,L,1.0,60,1,1,1,"6F0FA9163F92C56027EA4D329455D7D7
",0,192.577536
completions_gemini/completion_L_t1.0_61.v,gemini,L,1.0,61,0,0,0,NA,NA,NA
completions_gemini/completion_L_t1.0_62.v,gemini,L,1.0,62,0,0,0,NA,NA,NA
completions_gemini/completion_L_t1.0_63.v,gemini,L,1.0,63,0,0,0,NA,NA,NA
completions_gemini/completion_L_t1.0_64.v,gemini,L,1.0,64,0,0,0,NA,NA,NA
completions_gemini/completion_L_t1.0_65.v,gemini,L,1.0,65,0,0,0,NA,NA,NA
completions_gemini/completion_L_t1.0_66.v,gemini,L,1.0,66,0,0,0,NA,NA,NA
completions_gemini/completion_L_t1.0_67.v,gemini,L,1.0,67,1,1,0,"8DBCC4BEC825D1D513E630E3685C420B
",2536,191.102976
completions_gemini/completion_L_t1.0_68.v,gemini,L,1.0,68,1,1,0,"E8B8F78AC523F4386B47A0AA4FF585CE
",2543,191.102976
completions_gemini/completion_L_t1.0_69.v,gemini,L,1.0,69,0,0,0,NA,NA,NA
completions_gemini/completion_L_t1.0_70.v,gemini,L,1.0,70,0,0,0,NA,NA,NA
completions_gemini/completion_L_t1.0_71.v,gemini,L,1.0,71,1,1,0,"40FCABB0216D7DC437323B229DAC4A40
",2540,42.467328
completions_gemini/completion_L_t1.0_72.v,gemini,L,1.0,72,1,1,0,"8E15729078C118010D8438EDD7259057
",2540,233.570304
completions_gemini/completion_L_t1.0_73.v,gemini,L,1.0,73,0,0,0,NA,NA,NA
completions_gemini/completion_L_t1.0_74.v,gemini,L,1.0,74,0,0,0,NA,NA,NA
completions_gemini/completion_L_t1.0_75.v,gemini,L,1.0,75,1,1,0,"5F41CD1E283544A31D86C6B1BBF101C3
",2535,113.688576
completions_gemini/completion_L_t1.0_76.v,gemini,L,1.0,76,1,1,0,"4E207F1601EB7ABF24CC00A9C66C0E89
",2520,90.832896
completions_gemini/completion_L_t1.0_77.v,gemini,L,1.0,77,0,0,0,NA,NA,NA
completions_gemini/completion_L_t1.0_78.v,gemini,L,1.0,78,1,1,1,"6F0FA9163F92C56027EA4D329455D7D7
",0,191.102976
completions_gemini/completion_L_t1.0_79.v,gemini,L,1.0,79,1,1,1,"6F0FA9163F92C56027EA4D329455D7D7
",0,191.102976
completions_gemini/completion_L_t1.0_80.v,gemini,L,1.0,80,1,1,0,"831A2AAAFFC013AD7A18FBBE1F6E6704
",2531,191.102976
completions_gemini/completion_L_t1.0_81.v,gemini,L,1.0,81,1,1,0,"40FCABA4216D7D3D37323BF39DAC4AE1
",2537,79.183872
completions_gemini/completion_L_t1.0_82.v,gemini,L,1.0,82,0,0,0,NA,NA,NA
completions_gemini/completion_L_t1.0_83.v,gemini,L,1.0,83,1,1,1,"6F0FA9163F92C56027EA4D329455D7D7
",0,192.577536
completions_gemini/completion_L_t1.0_84.v,gemini,L,1.0,84,1,1,0,"7D8669BE4C631CF8F7FB6F7D966CCADA
",2528,28.311552
completions_gemini/completion_L_t1.0_85.v,gemini,L,1.0,85,0,0,0,NA,NA,NA
completions_gemini/completion_L_t1.0_86.v,gemini,L,1.0,86,0,0,0,NA,NA,NA
completions_gemini/completion_L_t1.0_87.v,gemini,L,1.0,87,0,0,0,NA,NA,NA
completions_gemini/completion_L_t1.0_88.v,gemini,L,1.0,88,0,0,0,NA,NA,NA
completions_gemini/completion_L_t1.0_89.v,gemini,L,1.0,89,1,1,0,"2CD8A2852631CBFC8AE4F9750FF8907B
",2537,145.981440
completions_gemini/completion_L_t1.0_90.v,gemini,L,1.0,90,0,0,0,NA,NA,NA
completions_gemini/completion_L_t1.0_91.v,gemini,L,1.0,91,0,0,0,NA,NA,NA
completions_gemini/completion_L_t1.0_92.v,gemini,L,1.0,92,1,1,1,"6F0FA9163F92C56027EA4D329455D7D7
",0,192.577536
completions_gemini/completion_L_t1.0_93.v,gemini,L,1.0,93,0,0,0,NA,NA,NA
completions_gemini/completion_L_t1.0_94.v,gemini,L,1.0,94,0,0,0,NA,NA,NA
completions_gemini/completion_L_t1.0_95.v,gemini,L,1.0,95,0,0,0,NA,NA,NA
completions_gemini/completion_L_t1.0_96.v,gemini,L,1.0,96,1,1,1,"6F0FA9163F92C56027EA4D329455D7D7
",0,191.102976
completions_gemini/completion_L_t1.0_97.v,gemini,L,1.0,97,1,1,0,"2CD8A2852631CBFC8AE4F9750FF8907B
",2537,141.557760
completions_gemini/completion_L_t1.0_98.v,gemini,L,1.0,98,0,0,0,NA,NA,NA
completions_gemini/completion_L_t1.0_99.v,gemini,L,1.0,99,0,0,0,NA,NA,NA
completions_gemini/completion_M_t0.1_0.v,gemini,M,0.1,0,1,1,0,"A1AC75EFE4CDAD060B3ACD3ADAF923C2
",2520,247.922688
completions_gemini/completion_M_t0.1_1.v,gemini,M,0.1,1,1,1,0,"6249F5D74CB92DAF07710804060FABDB
",2518,175.177728
completions_gemini/completion_M_t0.1_2.v,gemini,M,0.1,2,0,0,0,NA,NA,NA
completions_gemini/completion_M_t0.1_3.v,gemini,M,0.1,3,1,1,0,"F7176DB018731FC4901E0122179A5840
",2543,NA
completions_gemini/completion_M_t0.1_4.v,gemini,M,0.1,4,1,1,1,"6F0FA9163F92C56027EA4D329455D7D7
",0,191.102976
completions_gemini/completion_M_t0.1_5.v,gemini,M,0.1,5,1,1,0,"6249F5D74CB92DAF07710804060FABDB
",2518,175.177728
completions_gemini/completion_M_t0.1_6.v,gemini,M,0.1,6,1,1,0,"025E1FAF2FC11F0064DE241DF1E3E667
",2531,58.392576
completions_gemini/completion_M_t0.1_7.v,gemini,M,0.1,7,1,1,0,"1B0C266C09C592E9FFFE061AE3890E63
",2533,92.012544
completions_gemini/completion_M_t0.1_8.v,gemini,M,0.1,8,1,1,0,"40FCF236216D94AB373224CE9DAC4A4E
",2525,43.204608
completions_gemini/completion_M_t0.1_9.v,gemini,M,0.1,9,0,0,0,NA,NA,NA
completions_gemini/completion_M_t0.1_10.v,gemini,M,0.1,10,1,1,0,"F22E4250BCAC793078A91621F473EABE
",2524,70.778880
completions_gemini/completion_M_t0.1_11.v,gemini,M,0.1,11,1,1,0,"56256FCA8256382DEE0B9091C144883D
",2546,191.102976
completions_gemini/completion_M_t0.1_12.v,gemini,M,0.1,12,1,1,0,"40FCAB5B216D7D7137323B2D9DAC4A9C
",2540,30.670848
completions_gemini/completion_M_t0.1_13.v,gemini,M,0.1,13,0,0,0,NA,NA,NA
completions_gemini/completion_M_t0.1_14.v,gemini,M,0.1,14,1,1,0,"025E1FAF2FC11F0064DE241DF1E3E667
",2531,58.392576
completions_gemini/completion_M_t0.1_15.v,gemini,M,0.1,15,1,1,0,"9F256C81138B5703898E85924322E03A
",2534,NA
completions_gemini/completion_M_t0.1_16.v,gemini,M,0.1,16,1,1,0,"40FCA3B0216D59C4373259229DACBC40
",2545,NA
completions_gemini/completion_M_t0.1_17.v,gemini,M,0.1,17,1,1,0,"CF8E4B3DF5F1CBDE2C9D5EA19020BBB4
",2545,172.818432
completions_gemini/completion_M_t0.1_18.v,gemini,M,0.1,18,1,1,0,"6C1F4B801F5E8F25E2F28E387E507AD1
",2535,90.243072
completions_gemini/completion_M_t0.1_19.v,gemini,M,0.1,19,1,1,0,"F7176DB018731FC4901E0122179A5840
",2543,810.024972
completions_gemini/completion_M_t0.1_20.v,gemini,M,0.1,20,1,1,0,"831A2AAAFFC013AD7A18FBBE1F6E6704
",2531,191.102976
completions_gemini/completion_M_t0.1_21.v,gemini,M,0.1,21,1,1,0,"025E1FAF2FC11F0064DE241DF1E3E667
",2531,58.392576
completions_gemini/completion_M_t0.1_22.v,gemini,M,0.1,22,1,1,0,"025E1FAF2FC11F0064DE241DF1E3E667
",2531,58.392576
completions_gemini/completion_M_t0.1_23.v,gemini,M,0.1,23,1,1,0,"6249F5D74CB92DAF07710804060FABDB
",2518,175.177728
completions_gemini/completion_M_t0.1_24.v,gemini,M,0.1,24,1,1,0,"640946A49090150B2B9DEBA8A40B1209
",2523,191.840256
completions_gemini/completion_M_t0.1_25.v,gemini,M,0.1,25,0,0,0,NA,NA,NA
completions_gemini/completion_M_t0.1_26.v,gemini,M,0.1,26,1,1,0,"51B7C647DF4290339DEFB19A0A2C33A8
",2547,113.246208
completions_gemini/completion_M_t0.1_27.v,gemini,M,0.1,27,1,1,0,"489D5FAA37241BAD28ED2ABE05566A04
",2524,90.243072
completions_gemini/completion_M_t0.1_28.v,gemini,M,0.1,28,1,1,0,"38341954851798FF8C338551273EF5A7
",2571,NA
completions_gemini/completion_M_t0.1_29.v,gemini,M,0.1,29,1,1,0,"831A2AAAFFC013AD7A18FBBE1F6E6704
",2531,191.102976
completions_gemini/completion_M_t0.1_30.v,gemini,M,0.1,30,1,1,0,"3D2E356E7F475CFA18726014F34586D3
",2555,90.243072
completions_gemini/completion_M_t0.1_31.v,gemini,M,0.1,31,1,1,0,"8E646DE8324F6EF3257AC9BF251505B0
",2562,NA
completions_gemini/completion_M_t0.1_32.v,gemini,M,0.1,32,1,1,0,"40176DB018731FC4901E3B2217AC5840
",2537,NA
completions_gemini/completion_M_t0.1_33.v,gemini,M,0.1,33,1,1,0,"09F3D01885A6CA6838A773B582B67D59
",2528,191.102976
completions_gemini/completion_M_t0.1_34.v,gemini,M,0.1,34,0,0,0,NA,NA,NA
completions_gemini/completion_M_t0.1_35.v,gemini,M,0.1,35,1,1,0,"1FF26277B6B0DDA3AD0F3B8192282DC5
",2556,99.090432
completions_gemini/completion_M_t0.1_36.v,gemini,M,0.1,36,0,0,0,NA,NA,NA
completions_gemini/completion_M_t0.1_37.v,gemini,M,0.1,37,1,1,0,"025E1FAF2FC11F0064DE241DF1E3E667
",2531,58.392576
completions_gemini/completion_M_t0.1_38.v,gemini,M,0.1,38,1,1,0,"F7176D8018731F25901E0138179A58D1
",2535,0.000000
completions_gemini/completion_M_t0.1_39.v,gemini,M,0.1,39,1,1,0,"40FCABB0216D7D8A37323B229DAC4A40
",2541,NA
completions_gemini/completion_M_t0.1_40.v,gemini,M,0.1,40,1,1,0,"5596728156F714CA80B48FC48F3E10A6
",2528,176.357376
completions_gemini/completion_M_t0.1_41.v,gemini,M,0.1,41,1,1,0,"4A1CC72E44DEFB0A0DFC2D28C92EEB7C
",2536,156.598272
completions_gemini/completion_M_t0.1_42.v,gemini,M,0.1,42,1,1,0,"F7176DB018731FC4901E0122179A5840
",2543,193.462275
completions_gemini/completion_M_t0.1_43.v,gemini,M,0.1,43,1,1,0,"40FCAB19216D7D4537323BAA9DAC4A7C
",2539,90.243072
completions_gemini/completion_M_t0.1_44.v,gemini,M,0.1,44,0,0,0,NA,NA,NA
completions_gemini/completion_M_t0.1_45.v,gemini,M,0.1,45,1,1,0,"489D5FAA37241BAD28ED2ABE05566A04
",2524,90.243072
completions_gemini/completion_M_t0.1_46.v,gemini,M,0.1,46,1,1,0,"831A2AAAFFC013AD7A18FBBE1F6E6704
",2531,191.102976
completions_gemini/completion_M_t0.1_47.v,gemini,M,0.1,47,1,1,0,"489D5FAA37241BAD28ED2ABE05566A04
",2524,90.243072
completions_gemini/completion_M_t0.1_48.v,gemini,M,0.1,48,0,0,0,NA,NA,NA
completions_gemini/completion_M_t0.1_49.v,gemini,M,0.1,49,0,0,0,NA,NA,NA
completions_gemini/completion_M_t0.1_50.v,gemini,M,0.1,50,0,0,0,NA,NA,NA
completions_gemini/completion_M_t0.1_51.v,gemini,M,0.1,51,1,1,0,"4321F6C6DCDDEA56E8A4CA3007718ECB
",2538,283.115520
completions_gemini/completion_M_t0.1_52.v,gemini,M,0.1,52,1,1,0,"A7E89C5DECE0B26EF0B46C028054FDDE
",2520,120.324096
completions_gemini/completion_M_t0.1_53.v,gemini,M,0.1,53,0,0,0,NA,NA,NA
completions_gemini/completion_M_t0.1_54.v,gemini,M,0.1,54,1,1,0,"1FF26277B6B0DDA3AD0F3B8192282DC5
",2556,99.090432
completions_gemini/completion_M_t0.1_55.v,gemini,M,0.1,55,1,1,0,"1CA17BF36286A5330A3DCA58A894A22C
",2526,81.395712
completions_gemini/completion_M_t0.1_56.v,gemini,M,0.1,56,1,1,0,"025E1FAF2FC11F0064DE241DF1E3E667
",2531,58.392576
completions_gemini/completion_M_t0.1_57.v,gemini,M,0.1,57,1,1,0,"174947B7851CEAA0934D0EFEBF473EB6
",2535,141.852672
completions_gemini/completion_M_t0.1_58.v,gemini,M,0.1,58,1,1,0,"F7176DB018731FC4901E0122179A5840
",2543,NA
completions_gemini/completion_M_t0.1_59.v,gemini,M,0.1,59,1,1,0,"E62E211A9A7062FAE99120DAE55717AA
",2521,90.243072
completions_gemini/completion_M_t0.1_60.v,gemini,M,0.1,60,1,1,0,"230EE48FD3C2A926832119CD91273F59
",2508,99.090432
completions_gemini/completion_M_t0.1_61.v,gemini,M,0.1,61,1,1,0,"9DD12D91928B19D647574009B38ABC6F
",2538,85.082112
completions_gemini/completion_M_t0.1_62.v,gemini,M,0.1,62,1,1,0,"F7176DB018731FC4901E0122179A5840
",2543,NA
completions_gemini/completion_M_t0.1_63.v,gemini,M,0.1,63,1,1,0,"326281D1347D71E1585FAB561D1FB98E
",2541,340.967428
completions_gemini/completion_M_t0.1_64.v,gemini,M,0.1,64,1,1,0,"CFABAD916B6C0D31AD222CAE062221EE
",2513,191.102976
completions_gemini/completion_M_t0.1_65.v,gemini,M,0.1,65,1,1,0,"40FCAB80216D7D2537323B389DAC4AD1
",2541,47.775744
completions_gemini/completion_M_t0.1_66.v,gemini,M,0.1,66,1,1,0,"40FCAB21216D7D4437323BA29DAC4A65
",2536,47.775744
completions_gemini/completion_M_t0.1_67.v,gemini,M,0.1,67,1,1,0,"38341954851798FF8C338551273EF5A7
",2571,NA
completions_gemini/completion_M_t0.1_68.v,gemini,M,0.1,68,1,1,0,"5D947B52929973E63F30B33866784573
",2533,92.012544
completions_gemini/completion_M_t0.1_69.v,gemini,M,0.1,69,1,1,0,"6249F5D74CB92DAF07710804060FABDB
",2518,175.177728
completions_gemini/completion_M_t0.1_70.v,gemini,M,0.1,70,1,1,0,"5D947B52929973E63F30B33866784573
",2533,92.012544
completions_gemini/completion_M_t0.1_71.v,gemini,M,0.1,71,1,1,0,"84A7E6FA1EC021316CC58900EE2DDD56
",2547,170.459136
completions_gemini/completion_M_t0.1_72.v,gemini,M,0.1,72,1,1,0,"253FE54433C4D6714D954ACECCF7BFB5
",2539,42.467328
completions_gemini/completion_M_t0.1_73.v,gemini,M,0.1,73,1,1,0,"31B00AC2A81DF3119FB5AEC34E9ADCDD
",2521,191.102976
completions_gemini/completion_M_t0.1_74.v,gemini,M,0.1,74,1,1,0,"489D5FAA37241BAD28ED2ABE05566A04
",2524,90.243072
completions_gemini/completion_M_t0.1_75.v,gemini,M,0.1,75,0,0,0,NA,NA,NA
completions_gemini/completion_M_t0.1_76.v,gemini,M,0.1,76,1,1,0,"6C1F4B801F5E8F25E2F28E387E507AD1
",2535,90.243072
completions_gemini/completion_M_t0.1_77.v,gemini,M,0.1,77,1,1,0,"489D5FAA37241BAD28ED2ABE05566A04
",2524,90.243072
completions_gemini/completion_M_t0.1_78.v,gemini,M,0.1,78,1,1,0,"025E1FAF2FC11F0064DE241DF1E3E667
",2531,58.392576
completions_gemini/completion_M_t0.1_79.v,gemini,M,0.1,79,1,1,0,"489D5F7137241BC928ED2A3E05566A4B
",2520,88.473600
completions_gemini/completion_M_t0.1_80.v,gemini,M,0.1,80,1,1,0,"6C1F4B801F5E8F25E2F28E387E507AD1
",2535,90.243072
completions_gemini/completion_M_t0.1_81.v,gemini,M,0.1,81,1,1,0,"366FC3A2A23D434488B7E6729B9F98BD
",2549,116.785152
completions_gemini/completion_M_t0.1_82.v,gemini,M,0.1,82,1,1,0,"6249F5D74CB92DAF07710804060FABDB
",2518,175.177728
completions_gemini/completion_M_t0.1_83.v,gemini,M,0.1,83,1,1,0,"6249F5D74CB92DAF07710804060FABDB
",2518,175.177728
completions_gemini/completion_M_t0.1_84.v,gemini,M,0.1,84,0,0,0,NA,NA,NA
completions_gemini/completion_M_t0.1_85.v,gemini,M,0.1,85,1,1,0,"ECCE94C033B188B58F62222D9EAE5068
",2544,57.065472
completions_gemini/completion_M_t0.1_86.v,gemini,M,0.1,86,1,1,0,"8B61031A3593979744EAB36A8695E1D8
",2546,136.839168
completions_gemini/completion_M_t0.1_87.v,gemini,M,0.1,87,1,1,0,"444390A76B108B9868914BF10CDE896A
",2555,341.114884
completions_gemini/completion_M_t0.1_88.v,gemini,M,0.1,88,1,1,0,"38341954851798FF8C338551273EF5A7
",2571,191.102976
completions_gemini/completion_M_t0.1_89.v,gemini,M,0.1,89,1,1,0,"1FF26277B6B0DDA3AD0F3B8192282DC5
",2556,99.090432
completions_gemini/completion_M_t0.1_90.v,gemini,M,0.1,90,0,0,0,NA,NA,NA
completions_gemini/completion_M_t0.1_91.v,gemini,M,0.1,91,1,1,0,"8460BEC11CA95E308EB8CF18909E7F29
",2538,99.090432
completions_gemini/completion_M_t0.1_92.v,gemini,M,0.1,92,1,1,0,"41EDF5DA74EDAE9330FD0CA3BEA5E752
",2519,104.693760
completions_gemini/completion_M_t0.1_93.v,gemini,M,0.1,93,1,1,0,"9F256C81138B5703898E85924322E03A
",2534,191.102976
completions_gemini/completion_M_t0.1_94.v,gemini,M,0.1,94,0,0,0,NA,NA,NA
completions_gemini/completion_M_t0.1_95.v,gemini,M,0.1,95,1,1,0,"8DBCC4BEC825D1D513E630E3685C420B
",2536,191.102976
completions_gemini/completion_M_t0.1_96.v,gemini,M,0.1,96,1,1,0,"F7176DB018731FC4901E0122179A5840
",2543,NA
completions_gemini/completion_M_t0.1_97.v,gemini,M,0.1,97,0,0,0,NA,NA,NA
completions_gemini/completion_M_t0.1_98.v,gemini,M,0.1,98,1,1,0,"70A20A6A6361D12338460960391767D0
",2517,223.346691
completions_gemini/completion_M_t0.1_99.v,gemini,M,0.1,99,1,1,0,"EA13E7AC0C8D7F435B94F521B7AA4EF5
",2541,113.541120
completions_gemini/completion_M_t0.3_0.v,gemini,M,0.3,0,1,1,0,"01176DB098731FC4B21E0122BE9A5840
",2550,58.392576
completions_gemini/completion_M_t0.3_1.v,gemini,M,0.3,1,1,1,0,"404542B0F8C0E1C4577F3B22A3AC3940
",2548,NA
completions_gemini/completion_M_t0.3_2.v,gemini,M,0.3,2,1,1,0,"489D5FAA37241BAD28ED2ABE05566A04
",2524,90.243072
completions_gemini/completion_M_t0.3_3.v,gemini,M,0.3,3,1,1,0,"FFD53673B6CE1FF490A9469BFCC64EAA
",2506,1064.828938
completions_gemini/completion_M_t0.3_4.v,gemini,M,0.3,4,1,1,0,"F7176DB018731FC4901E0122179A5840
",2543,NA
completions_gemini/completion_M_t0.3_5.v,gemini,M,0.3,5,1,1,0,"56256FCA8256382DEE0B9091C144883D
",2546,191.102976
completions_gemini/completion_M_t0.3_6.v,gemini,M,0.3,6,1,1,0,"65E9E45BDB7C67654B8D8ACEF8357ACD
",2539,159.252480
completions_gemini/completion_M_t0.3_7.v,gemini,M,0.3,7,1,1,0,"6C1F4B801F5E8F25E2F28E387E507AD1
",2535,90.243072
completions_gemini/completion_M_t0.3_8.v,gemini,M,0.3,8,0,0,0,NA,NA,NA
completions_gemini/completion_M_t0.3_9.v,gemini,M,0.3,9,1,1,0,"F9599630EFC13E1B6C964D6ED294C159
",2540,1402.994690
completions_gemini/completion_M_t0.3_10.v,gemini,M,0.3,10,1,1,0,"FB70A6287C596C62995D5ADAAD5AE244
",2553,143.327232
completions_gemini/completion_M_t0.3_11.v,gemini,M,0.3,11,1,1,0,"489D5FAA37241BAD28ED2ABE05566A04
",2524,90.243072
completions_gemini/completion_M_t0.3_12.v,gemini,M,0.3,12,1,1,0,"56256FCA8256382DEE0B9091C144883D
",2546,191.102976
completions_gemini/completion_M_t0.3_13.v,gemini,M,0.3,13,1,1,0,"025E1FAF2FC11F0064DE241DF1E3E667
",2531,58.392576
completions_gemini/completion_M_t0.3_14.v,gemini,M,0.3,14,1,1,0,"B0D55DDF71B7536AB994FEC7E6E50063
",2520,191.102976
completions_gemini/completion_M_t0.3_15.v,gemini,M,0.3,15,0,0,0,NA,NA,NA
completions_gemini/completion_M_t0.3_16.v,gemini,M,0.3,16,1,1,0,"13B21F55420D0FD7254D333763B214BD
",2536,66.650112
completions_gemini/completion_M_t0.3_17.v,gemini,M,0.3,17,1,1,0,"F7176DB018731FC4901E0122179A5840
",2543,0.000000
completions_gemini/completion_M_t0.3_18.v,gemini,M,0.3,18,1,1,0,"40FCABB0216D7DC437323B229DAC4A40
",2540,NA
completions_gemini/completion_M_t0.3_19.v,gemini,M,0.3,19,0,0,0,NA,NA,NA
completions_gemini/completion_M_t0.3_20.v,gemini,M,0.3,20,1,1,0,"40FCAB21216D7D4437323BA29DAC4A65
",2536,47.775744
completions_gemini/completion_M_t0.3_21.v,gemini,M,0.3,21,1,1,0,"0C159978F239E87B0E0BBA39ABD5D77A
",2527,301.006851
completions_gemini/completion_M_t0.3_22.v,gemini,M,0.3,22,1,1,0,"98DFFB5B3ECA2364601FA4CD200B2EC9
",2558,268.369921
completions_gemini/completion_M_t0.3_23.v,gemini,M,0.3,23,0,0,0,NA,NA,NA
completions_gemini/completion_M_t0.3_24.v,gemini,M,0.3,24,1,1,0,"6249F5D74CB92DAF07710804060FABDB
",2518,175.177728
completions_gemini/completion_M_t0.3_25.v,gemini,M,0.3,25,1,1,0,"78D0288087A1BE257FE46538639511D1
",2545,191.102976
completions_gemini/completion_M_t0.3_26.v,gemini,M,0.3,26,0,0,0,NA,NA,NA
completions_gemini/completion_M_t0.3_27.v,gemini,M,0.3,27,1,1,0,"40FCABA3216D7DF737323BC89DAC4A55
",2534,90.832896
completions_gemini/completion_M_t0.3_28.v,gemini,M,0.3,28,1,1,0,"F7CA8D12AD15E47719CAF329287D9B94
",2493,155.713536
completions_gemini/completion_M_t0.3_29.v,gemini,M,0.3,29,1,1,0,"40FCABB3216D7D2537323B6B9DAC4AF3
",2543,25.657344
completions_gemini/completion_M_t0.3_30.v,gemini,M,0.3,30,1,1,0,"7CC3FB1415AF0D83CF7BA2F0B9459C55
",2534,136.839168
completions_gemini/completion_M_t0.3_31.v,gemini,M,0.3,31,1,1,0,"40FCAB19216D7D4537323BAA9DAC4A7C
",2539,90.243072
completions_gemini/completion_M_t0.3_32.v,gemini,M,0.3,32,1,1,0,"1633DC57169B18433448BCD048FF73EB
",2525,97.320960
completions_gemini/completion_M_t0.3_33.v,gemini,M,0.3,33,1,1,0,"9F256C81138B5703898E85924322E03A
",2534,NA
completions_gemini/completion_M_t0.3_34.v,gemini,M,0.3,34,1,1,0,"C22A40C48149CB1A4C6E142BED14B95D
",2522,161.906688
completions_gemini/completion_M_t0.3_35.v,gemini,M,0.3,35,0,0,0,NA,NA,NA
completions_gemini/completion_M_t0.3_36.v,gemini,M,0.3,36,0,0,0,NA,NA,NA
completions_gemini/completion_M_t0.3_37.v,gemini,M,0.3,37,1,1,0,"6C1F4B801F5E8F25E2F28E387E507AD1
",2535,90.243072
completions_gemini/completion_M_t0.3_38.v,gemini,M,0.3,38,1,1,0,"56256FCA8256382DEE0B9091C144883D
",2546,191.102976
completions_gemini/completion_M_t0.3_39.v,gemini,M,0.3,39,1,1,0,"489D5FAA37241BAD28ED2ABE05566A04
",2524,90.243072
completions_gemini/completion_M_t0.3_40.v,gemini,M,0.3,40,1,1,0,"09F3D01885A6CA6838A773B582B67D59
",2528,191.102976
completions_gemini/completion_M_t0.3_41.v,gemini,M,0.3,41,0,0,0,NA,NA,NA
completions_gemini/completion_M_t0.3_42.v,gemini,M,0.3,42,1,1,0,"489D5FAA37241BAD28ED2ABE05566A04
",2524,90.243072
completions_gemini/completion_M_t0.3_43.v,gemini,M,0.3,43,1,1,0,"F7176DB018731FC4901E0122179A5840
",2543,NA
completions_gemini/completion_M_t0.3_44.v,gemini,M,0.3,44,0,0,0,NA,NA,NA
completions_gemini/completion_M_t0.3_45.v,gemini,M,0.3,45,1,1,0,"F7176DB018731FC4901E0122179A5840
",2543,NA
completions_gemini/completion_M_t0.3_46.v,gemini,M,0.3,46,1,1,0,"40FCAB9C216D754F37F43B42FFAC4AC3
",2526,376.700931
completions_gemini/completion_M_t0.3_47.v,gemini,M,0.3,47,1,1,0,"F739523A5BBF7DA9CC3273CB9DCAD756
",2530,NA
completions_gemini/completion_M_t0.3_48.v,gemini,M,0.3,48,1,1,0,"78D0288087A1BE257FE46538639511D1
",2545,233.570304
completions_gemini/completion_M_t0.3_49.v,gemini,M,0.3,49,1,1,0,"F88989D1C1DBDFB356D4BBFCDD064D85
",2515,161.120256
completions_gemini/completion_M_t0.3_50.v,gemini,M,0.3,50,0,0,0,NA,NA,NA
completions_gemini/completion_M_t0.3_51.v,gemini,M,0.3,51,1,1,0,"D9371DA5178154D0A54CCF8B6FD9D54A
",2557,70.385665
completions_gemini/completion_M_t0.3_52.v,gemini,M,0.3,52,1,1,0,"5D947B52929973E63F30B33866784573
",2533,92.012544
completions_gemini/completion_M_t0.3_53.v,gemini,M,0.3,53,0,0,0,NA,NA,NA
completions_gemini/completion_M_t0.3_54.v,gemini,M,0.3,54,0,0,0,NA,NA,NA
completions_gemini/completion_M_t0.3_55.v,gemini,M,0.3,55,1,1,0,"3997A07ACD1E8E518976EA52F5A5B6FE
",2540,90.243072
completions_gemini/completion_M_t0.3_56.v,gemini,M,0.3,56,1,1,0,"F9A1B6355CE44967BB3BA4A54794C39D
",2538,191.102976
completions_gemini/completion_M_t0.3_57.v,gemini,M,0.3,57,1,1,0,"09F3D01885A6CA6838A773B582B67D59
",2528,191.102976
completions_gemini/completion_M_t0.3_58.v,gemini,M,0.3,58,1,1,0,"CFABAD916B6C0D31AD222CAE062221EE
",2513,191.102976
completions_gemini/completion_M_t0.3_59.v,gemini,M,0.3,59,1,1,0,"2824D801D631169409ADDDBEE683C614
",2528,90.243072
completions_gemini/completion_M_t0.3_60.v,gemini,M,0.3,60,0,0,0,NA,NA,NA
completions_gemini/completion_M_t0.3_61.v,gemini,M,0.3,61,1,1,0,"025E1FAF2FC11F0064DE241DF1E3E667
",2531,58.392576
completions_gemini/completion_M_t0.3_62.v,gemini,M,0.3,62,0,0,0,NA,NA,NA
completions_gemini/completion_M_t0.3_63.v,gemini,M,0.3,63,1,1,0,"38341954851798FF8C338551273EF5A7
",2571,191.102976
completions_gemini/completion_M_t0.3_64.v,gemini,M,0.3,64,1,1,1,"6F0FA9163F92C56027EA4D329455D7D7
",0,191.102976
completions_gemini/completion_M_t0.3_65.v,gemini,M,0.3,65,1,1,0,"1C72114ECFFBEAE5EE0EC1525A52A323
",2534,132.710400
completions_gemini/completion_M_t0.3_66.v,gemini,M,0.3,66,0,0,0,NA,NA,NA
completions_gemini/completion_M_t0.3_67.v,gemini,M,0.3,67,1,1,0,"F7176DB018731FC4901E0122179A5840
",2543,NA
completions_gemini/completion_M_t0.3_68.v,gemini,M,0.3,68,1,1,0,"489D5FAA37241BAD28ED2ABE05566A04
",2524,90.243072
completions_gemini/completion_M_t0.3_69.v,gemini,M,0.3,69,1,1,0,"6C1F4B801F5E8F25E2F28E387E507AD1
",2535,90.243072
completions_gemini/completion_M_t0.3_70.v,gemini,M,0.3,70,1,1,0,"489D5FAA37241BAD28ED2ABE05566A04
",2524,90.243072
completions_gemini/completion_M_t0.3_71.v,gemini,M,0.3,71,1,1,0,"40FCABEB216D7D3137323B4D9DAC4A75
",2548,3.981312
completions_gemini/completion_M_t0.3_72.v,gemini,M,0.3,72,1,1,0,"6249F5D74CB92DAF07710804060FABDB
",2518,175.177728
completions_gemini/completion_M_t0.3_73.v,gemini,M,0.3,73,1,1,0,"5D947B52929973E63F30B33866784573
",2533,92.012544
completions_gemini/completion_M_t0.3_74.v,gemini,M,0.3,74,1,1,0,"56256FCA8256382DEE0B9091C144883D
",2546,191.102976
completions_gemini/completion_M_t0.3_75.v,gemini,M,0.3,75,1,1,0,"489D5FAA37241BAD28ED2ABE05566A04
",2524,90.243072
completions_gemini/completion_M_t0.3_76.v,gemini,M,0.3,76,1,1,0,"F7176DB018731FC4901E0122179A5840
",2543,NA
completions_gemini/completion_M_t0.3_77.v,gemini,M,0.3,77,0,0,0,NA,NA,NA
completions_gemini/completion_M_t0.3_78.v,gemini,M,0.3,78,1,1,0,"0B634B056FCB1EF33558290FB7FDA42B
",2510,28.311552
completions_gemini/completion_M_t0.3_79.v,gemini,M,0.3,79,1,1,0,"8FD01AB13890FD7E84FCE3C99A49A573
",2527,146.866176
completions_gemini/completion_M_t0.3_80.v,gemini,M,0.3,80,1,1,0,"40FCAB19216D7D4537323BAA9DAC4A7C
",2539,90.243072
completions_gemini/completion_M_t0.3_81.v,gemini,M,0.3,81,1,1,0,"DEF3CB12EC50CA542349F3A0AC51F355
",2534,63.700992
completions_gemini/completion_M_t0.3_82.v,gemini,M,0.3,82,1,1,0,"7863E37760EA7BD89F068517F4A59A68
",2551,161.120256
completions_gemini/completion_M_t0.3_83.v,gemini,M,0.3,83,1,1,0,"85C3C24B9446688C4FE119A09897709D
",2524,165.740544
completions_gemini/completion_M_t0.3_84.v,gemini,M,0.3,84,1,1,0,"F7176DB018731FC4901E0122179A5840
",2543,NA
completions_gemini/completion_M_t0.3_85.v,gemini,M,0.3,85,1,1,0,"70A6D4698792A4AD4248367DA8F9E78F
",2531,127.401984
completions_gemini/completion_M_t0.3_86.v,gemini,M,0.3,86,0,0,0,NA,NA,NA
completions_gemini/completion_M_t0.3_87.v,gemini,M,0.3,87,1,1,0,"D14B71FD83E643F7190C7109F1D74651
",2524,194.052096
completions_gemini/completion_M_t0.3_88.v,gemini,M,0.3,88,1,1,0,"38341954851798FF8C338551273EF5A7
",2571,191.102976
completions_gemini/completion_M_t0.3_89.v,gemini,M,0.3,89,1,1,0,"C0052B3E3B575AF80CC82BA477040569
",2536,175.177728
completions_gemini/completion_M_t0.3_90.v,gemini,M,0.3,90,1,1,0,"230EE48FD3C2A926832119CD91273F59
",2508,99.090432
completions_gemini/completion_M_t0.3_91.v,gemini,M,0.3,91,1,1,0,"6249F5D74CB92DAF07710804060FABDB
",2518,175.177728
completions_gemini/completion_M_t0.3_92.v,gemini,M,0.3,92,0,0,0,NA,NA,NA
completions_gemini/completion_M_t0.3_93.v,gemini,M,0.3,93,1,1,0,"93FFEDD16C855CC0DC8EEF0277C03222
",2560,113.246208
completions_gemini/completion_M_t0.3_94.v,gemini,M,0.3,94,1,1,0,"40FCABE5216D7DD237323B0B9DAC4A01
",2544,21.233664
completions_gemini/completion_M_t0.3_95.v,gemini,M,0.3,95,1,1,0,"DCF5FF78572039D9663621883BE431CB
",2515,131.530752
completions_gemini/completion_M_t0.3_96.v,gemini,M,0.3,96,1,1,0,"831A2AAAFFC013AD7A18FBBE1F6E6704
",2531,191.102976
completions_gemini/completion_M_t0.3_97.v,gemini,M,0.3,97,0,0,0,NA,NA,NA
completions_gemini/completion_M_t0.3_98.v,gemini,M,0.3,98,0,0,0,NA,NA,NA
completions_gemini/completion_M_t0.3_99.v,gemini,M,0.3,99,1,1,0,"08C8BB1108B6609C5030854DB2255E69
",2513,178.716672
completions_gemini/completion_M_t0.5_0.v,gemini,M,0.5,0,0,0,0,NA,NA,NA
completions_gemini/completion_M_t0.5_1.v,gemini,M,0.5,1,1,1,0,"383D24CA2D988AB12B23A758E7903A1B
",2572,191.250432
completions_gemini/completion_M_t0.5_2.v,gemini,M,0.5,2,0,0,0,NA,NA,NA
completions_gemini/completion_M_t0.5_3.v,gemini,M,0.5,3,1,1,0,"40FCABA3216D7DF737323BC89DAC4A55
",2534,90.832896
completions_gemini/completion_M_t0.5_4.v,gemini,M,0.5,4,1,1,0,"70A6D44B8792A404424836C9A8F9E705
",2529,86.704128
completions_gemini/completion_M_t0.5_5.v,gemini,M,0.5,5,0,0,0,NA,NA,NA
completions_gemini/completion_M_t0.5_6.v,gemini,M,0.5,6,1,1,0,"BCCD55369E1744225758CAFED198228B
",2532,96.436224
completions_gemini/completion_M_t0.5_7.v,gemini,M,0.5,7,1,1,0,"39E2085F86E3BF9548FB8978AA1198E5
",2530,99.090432
completions_gemini/completion_M_t0.5_8.v,gemini,M,0.5,8,1,1,0,"23429E02BF5D8EFD01D162994B3966E8
",2564,133.300224
completions_gemini/completion_M_t0.5_9.v,gemini,M,0.5,9,0,0,0,NA,NA,NA
completions_gemini/completion_M_t0.5_10.v,gemini,M,0.5,10,1,1,0,"239E2AFE0802166E095AA58A31B62343
",2533,141.557760
completions_gemini/completion_M_t0.5_11.v,gemini,M,0.5,11,1,1,0,"D4AC5C7669892375E1A72CE3CBEEDC22
",2524,92.012544
completions_gemini/completion_M_t0.5_12.v,gemini,M,0.5,12,1,1,1,"6F0FA9163F92C56027EA4D329455D7D7
",0,191.102976
completions_gemini/completion_M_t0.5_13.v,gemini,M,0.5,13,0,0,0,NA,NA,NA
completions_gemini/completion_M_t0.5_14.v,gemini,M,0.5,14,1,1,0,NA,0,NA
completions_gemini/completion_M_t0.5_15.v,gemini,M,0.5,15,1,1,0,"3997A07ACD1E8E518976EA52F5A5B6FE
",2540,90.243072
completions_gemini/completion_M_t0.5_16.v,gemini,M,0.5,16,0,0,0,NA,NA,NA
completions_gemini/completion_M_t0.5_17.v,gemini,M,0.5,17,1,1,0,"70A6D4778792A4D842483617A8F9E768
",2540,84.934656
completions_gemini/completion_M_t0.5_18.v,gemini,M,0.5,18,1,1,0,"831A2AAAFFC013AD7A18FBBE1F6E6704
",2531,191.102976
completions_gemini/completion_M_t0.5_19.v,gemini,M,0.5,19,1,1,0,"F7176DB018731FC4901E0122179A5840
",2543,NA
completions_gemini/completion_M_t0.5_20.v,gemini,M,0.5,20,1,1,0,"0A9F0A5AAF3B244D48FD8956451DBDA9
",2526,156.598272
completions_gemini/completion_M_t0.5_21.v,gemini,M,0.5,21,1,1,0,"6C1F4B801F5E8F25E2F28E387E507AD1
",2535,90.243072
completions_gemini/completion_M_t0.5_22.v,gemini,M,0.5,22,1,1,0,"40AC1F7821CB85ED377254299DC0EF02
",2574,76.972032
completions_gemini/completion_M_t0.5_23.v,gemini,M,0.5,23,1,1,0,"F5411412ACEBFE59932EAF363985DEAE
",2554,58.392576
completions_gemini/completion_M_t0.5_24.v,gemini,M,0.5,24,1,1,0,"206980360A6FB379C7499092453FCD64
",2546,174.587904
completions_gemini/completion_M_t0.5_25.v,gemini,M,0.5,25,1,1,0,"40FCAB92216D7D7D37323B839DAC4AB4
",2551,107.495424
completions_gemini/completion_M_t0.5_26.v,gemini,M,0.5,26,1,1,0,"6C1F4B801F5E8F25E2F28E387E507AD1
",2535,90.243072
completions_gemini/completion_M_t0.5_27.v,gemini,M,0.5,27,0,0,0,NA,NA,NA
completions_gemini/completion_M_t0.5_28.v,gemini,M,0.5,28,1,1,0,"F7176DB61873CFC490C301E7689A5840
",2533,139.788289
completions_gemini/completion_M_t0.5_29.v,gemini,M,0.5,29,1,1,0,"6C1F4B801F5E8F25E2F28E387E507AD1
",2535,90.243072
completions_gemini/completion_M_t0.5_30.v,gemini,M,0.5,30,1,1,0,"F7176DB018731FC4901E0122179A5840
",2543,NA
completions_gemini/completion_M_t0.5_31.v,gemini,M,0.5,31,1,1,0,"78D0288087A1BE257FE46538639511D1
",2545,191.102976
completions_gemini/completion_M_t0.5_32.v,gemini,M,0.5,32,0,0,0,NA,NA,NA
completions_gemini/completion_M_t0.5_33.v,gemini,M,0.5,33,1,1,0,"40FCAB8F216D5909373259219DACBC45
",2527,91.717632
completions_gemini/completion_M_t0.5_34.v,gemini,M,0.5,34,1,1,0,"40FCAB5B216DBD4F374A3B42FEAC4AC3
",2524,NA
completions_gemini/completion_M_t0.5_35.v,gemini,M,0.5,35,1,1,0,"10873370B863B8674C4C8DFDB633A778
",2550,160.727040
completions_gemini/completion_M_t0.5_36.v,gemini,M,0.5,36,1,1,0,"F3F3E276A04BF2F48CFE351BA18C93FB
",2539,227.229696
completions_gemini/completion_M_t0.5_37.v,gemini,M,0.5,37,1,1,0,"F7176DB018731FC4901E0122179A5840
",2543,NA
completions_gemini/completion_M_t0.5_38.v,gemini,M,0.5,38,1,1,0,"56256FCA8256382DEE0B9091C144883D
",2546,191.102976
completions_gemini/completion_M_t0.5_39.v,gemini,M,0.5,39,0,0,0,NA,NA,NA
completions_gemini/completion_M_t0.5_40.v,gemini,M,0.5,40,1,1,0,"02759F18669FFB66C2BDB3581E8D1DD3
",2547,154.533888
completions_gemini/completion_M_t0.5_41.v,gemini,M,0.5,41,1,1,0,"1EE0F20AD13F0B86E93D3AB725ED37A5
",2536,148.488192
completions_gemini/completion_M_t0.5_42.v,gemini,M,0.5,42,0,0,0,NA,NA,NA
completions_gemini/completion_M_t0.5_43.v,gemini,M,0.5,43,1,1,0,"52B3CCD9783D1B561C1FEFCC0550B293
",2537,156.598272
completions_gemini/completion_M_t0.5_44.v,gemini,M,0.5,44,1,1,0,"D08DBB107827BEB431CA369D6351B4B3
",2545,377.094149
completions_gemini/completion_M_t0.5_45.v,gemini,M,0.5,45,0,0,0,NA,NA,NA
completions_gemini/completion_M_t0.5_46.v,gemini,M,0.5,46,1,1,0,"F3679E07471B75157695983321E3C8CD
",2512,87.146496
completions_gemini/completion_M_t0.5_47.v,gemini,M,0.5,47,1,1,0,"831A2AAAFFC013AD7A18FBBE1F6E6704
",2531,191.102976
completions_gemini/completion_M_t0.5_48.v,gemini,M,0.5,48,1,1,0,"40FCABB0216D7D8A37323B229DAC4A40
",2541,NA
completions_gemini/completion_M_t0.5_49.v,gemini,M,0.5,49,1,1,0,"2824D801D631169409ADDDBEE683C614
",2528,90.243072
completions_gemini/completion_M_t0.5_50.v,gemini,M,0.5,50,1,1,0,"CFABAD916B6C0D31AD222CAE062221EE
",2513,191.102976
completions_gemini/completion_M_t0.5_51.v,gemini,M,0.5,51,1,1,0,"F7176DB018731FC4901E0122179A5840
",2543,NA
completions_gemini/completion_M_t0.5_52.v,gemini,M,0.5,52,1,1,0,"A9AB2A6F912F108B096E563CAB317F7E
",2512,83.165184
completions_gemini/completion_M_t0.5_53.v,gemini,M,0.5,53,1,1,0,"C0052B3E3B575AF80CC82BA477040569
",2536,175.177728
completions_gemini/completion_M_t0.5_54.v,gemini,M,0.5,54,0,0,0,NA,NA,NA
completions_gemini/completion_M_t0.5_55.v,gemini,M,0.5,55,1,1,0,"5D947B52929973E63F30B33866784573
",2533,92.012544
completions_gemini/completion_M_t0.5_56.v,gemini,M,0.5,56,0,0,0,NA,NA,NA
completions_gemini/completion_M_t0.5_57.v,gemini,M,0.5,57,1,1,0,"151F4BBF085E8FDB0BF28EEF1A507A35
",2541,57.065472
completions_gemini/completion_M_t0.5_58.v,gemini,M,0.5,58,1,1,0,"67527E0A5DE9B1584B79FD75C3075EF1
",2512,60.604416
completions_gemini/completion_M_t0.5_59.v,gemini,M,0.5,59,1,1,0,"649FC59A3FCCA12415DB1C7472ED3FBD
",2549,162.791424
completions_gemini/completion_M_t0.5_60.v,gemini,M,0.5,60,1,1,0,"F7176DB018731FC4901E0122179A5840
",2543,NA
completions_gemini/completion_M_t0.5_61.v,gemini,M,0.5,61,1,1,1,"6F0FA9163F92C56027EA4D329455D7D7
",0,191.102976
completions_gemini/completion_M_t0.5_62.v,gemini,M,0.5,62,1,1,0,"EC2B04E780A878AF9C0D9EA382CCD2C6
",2537,158.072832
completions_gemini/completion_M_t0.5_63.v,gemini,M,0.5,63,1,1,0,"6249F5D74CB92DAF07710804060FABDB
",2518,175.177728
completions_gemini/completion_M_t0.5_64.v,gemini,M,0.5,64,1,1,0,"2B4A2C4915E4C10A5D176FE6DF97B240
",2518,99.090432
completions_gemini/completion_M_t0.5_65.v,gemini,M,0.5,65,1,1,0,"ED49647013C31767CCACE6FD7C1F8E78
",2537,181.125121
completions_gemini/completion_M_t0.5_66.v,gemini,M,0.5,66,1,1,0,"28887C808D383D0DBA6D1FD1D891C2C0
",2516,191.250432
completions_gemini/completion_M_t0.5_67.v,gemini,M,0.5,67,0,0,0,NA,NA,NA
completions_gemini/completion_M_t0.5_68.v,gemini,M,0.5,68,1,1,0,"78D0288087A1BE257FE46538639511D1
",2545,191.102976
completions_gemini/completion_M_t0.5_69.v,gemini,M,0.5,69,1,1,0,"40FCAB5D216D7DC437323B2C9DAC4A22
",2546,58.392576
completions_gemini/completion_M_t0.5_70.v,gemini,M,0.5,70,1,1,0,"09F3D01885A6CA6838A773B582B67D59
",2528,191.102976
completions_gemini/completion_M_t0.5_71.v,gemini,M,0.5,71,0,0,0,NA,NA,NA
completions_gemini/completion_M_t0.5_72.v,gemini,M,0.5,72,1,1,0,"160A64E6A6FDFF93914CBD614D84500B
",2524,223.346691
completions_gemini/completion_M_t0.5_73.v,gemini,M,0.5,73,1,1,0,"67A344F97F820481A9C355CDDEBFDCF7
",2519,296.878084
completions_gemini/completion_M_t0.5_74.v,gemini,M,0.5,74,1,1,0,"043BCF693DB64F1FE74D1233A22BFD43
",2525,141.115392
completions_gemini/completion_M_t0.5_75.v,gemini,M,0.5,75,0,0,0,NA,NA,NA
completions_gemini/completion_M_t0.5_76.v,gemini,M,0.5,76,1,1,0,"07F9E7FB88AD4B5FBE843BB98E5BDB20
",2535,0.000000
completions_gemini/completion_M_t0.5_77.v,gemini,M,0.5,77,1,1,0,"40FCAB21216D7D4437323BA29DAC4A65
",2536,47.775744
completions_gemini/completion_M_t0.5_78.v,gemini,M,0.5,78,1,1,0,"7EEAD63A0B245F61852EA3D46AA7B737
",2519,56.623104
completions_gemini/completion_M_t0.5_79.v,gemini,M,0.5,79,0,0,0,NA,NA,NA
completions_gemini/completion_M_t0.5_80.v,gemini,M,0.5,80,1,1,0,"60E172184F8B7A84F742BE36059E5301
",2534,94.814208
completions_gemini/completion_M_t0.5_81.v,gemini,M,0.5,81,1,1,0,"40FCAB1D216D7D6737323B379DAC4A33
",2539,29.638656
completions_gemini/completion_M_t0.5_82.v,gemini,M,0.5,82,0,0,0,NA,NA,NA
completions_gemini/completion_M_t0.5_83.v,gemini,M,0.5,83,1,1,0,"C8FB3626306D14D50960019B6BFED025
",2572,84.934656
completions_gemini/completion_M_t0.5_84.v,gemini,M,0.5,84,0,0,0,NA,NA,NA
completions_gemini/completion_M_t0.5_85.v,gemini,M,0.5,85,1,1,0,"369A290B67635648A71E8CB61048887B
",2551,222.412801
completions_gemini/completion_M_t0.5_86.v,gemini,M,0.5,86,1,1,0,"F7176DB018731FC4901E0122179A5840
",2543,NA
completions_gemini/completion_M_t0.5_87.v,gemini,M,0.5,87,0,0,0,NA,NA,NA
completions_gemini/completion_M_t0.5_88.v,gemini,M,0.5,88,1,1,0,"494CA9821F2D03771454C3FB1B203DCA
",2531,191.250432
completions_gemini/completion_M_t0.5_89.v,gemini,M,0.5,89,0,0,0,NA,NA,NA
completions_gemini/completion_M_t0.5_90.v,gemini,M,0.5,90,0,0,0,NA,NA,NA
completions_gemini/completion_M_t0.5_91.v,gemini,M,0.5,91,1,1,0,"0B3856719ACDF9D40AAFE027CF3C2A9B
",2537,58.392576
completions_gemini/completion_M_t0.5_92.v,gemini,M,0.5,92,1,1,0,"3CB13472A4F6192F83575FEF2F47B1FF
",2546,92.012544
completions_gemini/completion_M_t0.5_93.v,gemini,M,0.5,93,1,1,0,"78D0288087A1BE257FE46538639511D1
",2545,191.102976
completions_gemini/completion_M_t0.5_94.v,gemini,M,0.5,94,1,1,0,"71A70C4D3652E15BCDCF7299309C28B2
",2544,290.193408
completions_gemini/completion_M_t0.5_95.v,gemini,M,0.5,95,1,1,0,"40FCAB58216D7D9637323B749DAC4A1D
",2527,32.292864
completions_gemini/completion_M_t0.5_96.v,gemini,M,0.5,96,1,1,0,"C764ACFD4FA30E99CB13DD94677DEB7E
",2544,212.336640
completions_gemini/completion_M_t0.5_97.v,gemini,M,0.5,97,1,1,0,"025E1FAF2FC11F0064DE241DF1E3E667
",2531,58.392576
completions_gemini/completion_M_t0.5_98.v,gemini,M,0.5,98,1,1,0,"F7176DB018731FC4901E0122179A5840
",2543,NA
completions_gemini/completion_M_t0.5_99.v,gemini,M,0.5,99,1,1,0,"5F7DDB1C42328D86734A61F7F777BE2F
",2550,156.598272
completions_gemini/completion_M_t0.7_0.v,gemini,M,0.7,0,1,1,0,NA,0,0.000000
completions_gemini/completion_M_t0.7_1.v,gemini,M,0.7,1,0,0,0,NA,NA,NA
completions_gemini/completion_M_t0.7_2.v,gemini,M,0.7,2,1,1,0,"F635EB4AB9144F2FE84979FB2278F494
",2538,134.184960
completions_gemini/completion_M_t0.7_3.v,gemini,M,0.7,3,1,1,0,"3997A07ACD1E8E518976EA52F5A5B6FE
",2540,90.243072
completions_gemini/completion_M_t0.7_4.v,gemini,M,0.7,4,1,1,0,"FA2546D80E00E5536495E56A3303BF42
",2554,61.931520
completions_gemini/completion_M_t0.7_5.v,gemini,M,0.7,5,1,1,0,"489D5FAA37241BAD28ED2ABE05566A04
",2524,90.243072
completions_gemini/completion_M_t0.7_6.v,gemini,M,0.7,6,0,0,0,NA,NA,NA
completions_gemini/completion_M_t0.7_7.v,gemini,M,0.7,7,1,1,0,"09F3D01885A6CA6838A773B582B67D59
",2528,191.102976
completions_gemini/completion_M_t0.7_8.v,gemini,M,0.7,8,0,0,0,NA,NA,NA
completions_gemini/completion_M_t0.7_9.v,gemini,M,0.7,9,1,1,0,"40176DB018731FC4901E3B2217AC5840
",2537,NA
completions_gemini/completion_M_t0.7_10.v,gemini,M,0.7,10,1,1,0,"8B8D6B3989C089650A7D852F54760E65
",2532,142.737408
completions_gemini/completion_M_t0.7_11.v,gemini,M,0.7,11,1,1,0,"6D0FD4DDF95B03F6F4722A75FA7C5D1D
",2563,143.327232
completions_gemini/completion_M_t0.7_12.v,gemini,M,0.7,12,1,1,0,"480BB6F91B66598157F92651AA45B888
",2531,70.778880
completions_gemini/completion_M_t0.7_13.v,gemini,M,0.7,13,0,0,0,NA,NA,NA
completions_gemini/completion_M_t0.7_14.v,gemini,M,0.7,14,1,1,0,"8DBCC4BEC825D1D513E630E3685C420B
",2536,191.102976
completions_gemini/completion_M_t0.7_15.v,gemini,M,0.7,15,1,1,0,"6249F5D74CB92DAF07710804060FABDB
",2518,175.177728
completions_gemini/completion_M_t0.7_16.v,gemini,M,0.7,16,0,0,0,NA,NA,NA
completions_gemini/completion_M_t0.7_17.v,gemini,M,0.7,17,1,1,0,"93341CB4F71FD27685248B6700847BE4
",2516,176.947200
completions_gemini/completion_M_t0.7_18.v,gemini,M,0.7,18,1,1,0,"2453FDA464DF9413F98DC889566B8BF7
",2526,191.102976
completions_gemini/completion_M_t0.7_19.v,gemini,M,0.7,19,1,1,0,NA,0,NA
completions_gemini/completion_M_t0.7_20.v,gemini,M,0.7,20,1,1,0,"489D5FAA37241BAD28ED2ABE05566A04
",2524,90.243072
completions_gemini/completion_M_t0.7_21.v,gemini,M,0.7,21,1,1,0,"5B8FD2995324A8CB3C4CEE3A9E594E6A
",2531,116.785152
completions_gemini/completion_M_t0.7_22.v,gemini,M,0.7,22,1,1,0,"40FCAB56216D174F37E83B423DAC4AC3
",2537,42.467328
completions_gemini/completion_M_t0.7_23.v,gemini,M,0.7,23,0,0,0,NA,NA,NA
completions_gemini/completion_M_t0.7_24.v,gemini,M,0.7,24,1,1,0,"40FC090B216D7D9A3732643C9D4B87F8
",2527,54.558720
completions_gemini/completion_M_t0.7_25.v,gemini,M,0.7,25,1,1,0,"F7176DB018731FC4901E0122179A5840
",2543,NA
completions_gemini/completion_M_t0.7_26.v,gemini,M,0.7,26,0,0,0,NA,NA,NA
completions_gemini/completion_M_t0.7_27.v,gemini,M,0.7,27,0,0,0,NA,NA,NA
completions_gemini/completion_M_t0.7_28.v,gemini,M,0.7,28,1,1,0,"A0644B35F80F4068AFD7F3A51196CC77
",2526,146.128896
completions_gemini/completion_M_t0.7_29.v,gemini,M,0.7,29,1,1,0,"1F90E7EAECC81CCE381951F242C0367D
",2550,122.093568
completions_gemini/completion_M_t0.7_30.v,gemini,M,0.7,30,0,0,0,NA,NA,NA
completions_gemini/completion_M_t0.7_31.v,gemini,M,0.7,31,1,1,0,"C0052B3E3B575AF80CC82BA477040569
",2536,175.177728
completions_gemini/completion_M_t0.7_32.v,gemini,M,0.7,32,0,0,0,NA,NA,NA
completions_gemini/completion_M_t0.7_33.v,gemini,M,0.7,33,1,1,0,"F7176DB018731FC4901E0122179A5840
",2543,NA
completions_gemini/completion_M_t0.7_34.v,gemini,M,0.7,34,1,1,0,"F7176DB018731FC4901E0122179A5840
",2543,0.000000
completions_gemini/completion_M_t0.7_35.v,gemini,M,0.7,35,1,1,1,"6F0FA9163F92C56027EA4D329455D7D7
",0,233.570304
completions_gemini/completion_M_t0.7_36.v,gemini,M,0.7,36,0,0,0,NA,NA,NA
completions_gemini/completion_M_t0.7_37.v,gemini,M,0.7,37,1,1,0,"0A9F0A5AAF3B244D48FD8956451DBDA9
",2526,156.598272
completions_gemini/completion_M_t0.7_38.v,gemini,M,0.7,38,1,1,0,"77238A317F16F33DD83C9AE079D6ED80
",2541,98.500609
completions_gemini/completion_M_t0.7_39.v,gemini,M,0.7,39,1,1,0,"489D5FAA37241BAD28ED2ABE05566A04
",2524,90.243072
completions_gemini/completion_M_t0.7_40.v,gemini,M,0.7,40,1,1,0,"D2FCABA9DC6D7D4F5A323B4289AC4AC3
",2538,5.308416
completions_gemini/completion_M_t0.7_41.v,gemini,M,0.7,41,1,1,0,"3733EC8ADDEDBAD1E13799DDB52FB3DE
",2560,159.252480
completions_gemini/completion_M_t0.7_42.v,gemini,M,0.7,42,1,1,0,"59D8378392CD64C692B97189E8924F57
",2534,56.623104
completions_gemini/completion_M_t0.7_43.v,gemini,M,0.7,43,0,0,0,NA,NA,NA
completions_gemini/completion_M_t0.7_44.v,gemini,M,0.7,44,1,0,0,NA,NA,NA
completions_gemini/completion_M_t0.7_45.v,gemini,M,0.7,45,1,1,0,"09F3D01885A6CA6838A773B582B67D59
",2528,191.692800
completions_gemini/completion_M_t0.7_46.v,gemini,M,0.7,46,1,1,0,"F7176DB018731FC4901E0122179A5840
",2543,NA
completions_gemini/completion_M_t0.7_47.v,gemini,M,0.7,47,1,1,0,"BBE56D56179E2ACE90A0013E879A4E40
",2533,NA
completions_gemini/completion_M_t0.7_48.v,gemini,M,0.7,48,1,1,0,"F7176DB018731FC4901E0122179A5840
",2543,NA
completions_gemini/completion_M_t0.7_49.v,gemini,M,0.7,49,1,1,0,"CE1B0A3E35E558DC51E986122D25520E
",2568,585.842690
completions_gemini/completion_M_t0.7_50.v,gemini,M,0.7,50,1,0,0,NA,NA,NA
completions_gemini/completion_M_t0.7_51.v,gemini,M,0.7,51,0,0,0,NA,NA,NA
completions_gemini/completion_M_t0.7_52.v,gemini,M,0.7,52,1,1,0,"78D0288087A1BE257FE46538639511D1
",2545,191.545344
completions_gemini/completion_M_t0.7_53.v,gemini,M,0.7,53,1,1,0,"26D2E81237DD65ADE1053754CB69C80B
",2530,176.947200
completions_gemini/completion_M_t0.7_54.v,gemini,M,0.7,54,1,1,0,"FCD676534625F829A7F4AE9AA13B307D
",2516,162.791424
completions_gemini/completion_M_t0.7_55.v,gemini,M,0.7,55,0,0,0,NA,NA,NA
completions_gemini/completion_M_t0.7_56.v,gemini,M,0.7,56,0,0,0,NA,NA,NA
completions_gemini/completion_M_t0.7_57.v,gemini,M,0.7,57,1,1,0,"A6FCAB99016D7DBFF0323B1341AC4ADD
",2537,28.311552
completions_gemini/completion_M_t0.7_58.v,gemini,M,0.7,58,1,1,0,"489D5F6937241B0228ED2A2805566A6D
",2523,88.473600
completions_gemini/completion_M_t0.7_59.v,gemini,M,0.7,59,0,0,0,NA,NA,NA
completions_gemini/completion_M_t0.7_60.v,gemini,M,0.7,60,1,1,0,"489D5FAA37241BAD28ED2ABE05566A04
",2524,90.243072
completions_gemini/completion_M_t0.7_61.v,gemini,M,0.7,61,1,1,0,"03D676977CE4AC4706022F22FB0A9626
",2548,6070.665331
completions_gemini/completion_M_t0.7_62.v,gemini,M,0.7,62,1,1,0,"6C1F4B801F5E8F25E2F28E387E507AD1
",2535,90.243072
completions_gemini/completion_M_t0.7_63.v,gemini,M,0.7,63,1,1,0,"56256FCA8256382DEE0B9091C144883D
",2546,191.102976
completions_gemini/completion_M_t0.7_64.v,gemini,M,0.7,64,0,0,0,NA,NA,NA
completions_gemini/completion_M_t0.7_65.v,gemini,M,0.7,65,1,1,0,"C984DD73E034E7D83FF003A8EFC861B6
",2510,168.984576
completions_gemini/completion_M_t0.7_66.v,gemini,M,0.7,66,0,0,0,NA,NA,NA
completions_gemini/completion_M_t0.7_67.v,gemini,M,0.7,67,1,1,0,"FB70A6287C596C62995D5ADAAD5AE244
",2553,144.359424
completions_gemini/completion_M_t0.7_68.v,gemini,M,0.7,68,1,1,0,"F7176DB018731FC4901E0122179A5840
",2543,47.775744
completions_gemini/completion_M_t0.7_69.v,gemini,M,0.7,69,0,0,0,NA,NA,NA
completions_gemini/completion_M_t0.7_70.v,gemini,M,0.7,70,0,0,0,NA,NA,NA
completions_gemini/completion_M_t0.7_71.v,gemini,M,0.7,71,0,0,0,NA,NA,NA
completions_gemini/completion_M_t0.7_72.v,gemini,M,0.7,72,0,0,0,NA,NA,NA
completions_gemini/completion_M_t0.7_73.v,gemini,M,0.7,73,1,1,0,"BCB2A86D3767974D09B49CF0EDC68E36
",2562,111.476736
completions_gemini/completion_M_t0.7_74.v,gemini,M,0.7,74,1,1,0,"40FCABB3216D7D2537323B6B9DAC4AF3
",2543,25.657344
completions_gemini/completion_M_t0.7_75.v,gemini,M,0.7,75,0,0,0,NA,NA,NA
completions_gemini/completion_M_t0.7_76.v,gemini,M,0.7,76,1,1,0,"CC7986014BA97109AF5644D3508561B8
",2514,197.296128
completions_gemini/completion_M_t0.7_77.v,gemini,M,0.7,77,1,1,0,"9422D220021CE20D206DE8F15595212D
",2546,200.687616
completions_gemini/completion_M_t0.7_78.v,gemini,M,0.7,78,1,1,0,"70A20A6A6361D12338460960391767D0
",2517,58.392576
completions_gemini/completion_M_t0.7_79.v,gemini,M,0.7,79,1,1,0,"9ED571DEB84EB08B8658BE02A2924585
",2537,191.102976
completions_gemini/completion_M_t0.7_80.v,gemini,M,0.7,80,0,0,0,NA,NA,NA
completions_gemini/completion_M_t0.7_81.v,gemini,M,0.7,81,0,0,0,NA,NA,NA
completions_gemini/completion_M_t0.7_82.v,gemini,M,0.7,82,1,1,0,"B0FC11A9DC6D594F4F76CB53A26F4AEF
",2522,17.694720
completions_gemini/completion_M_t0.7_83.v,gemini,M,0.7,83,1,1,0,"C0052B3E3B575AF80CC82BA477040569
",2536,175.177728
completions_gemini/completion_M_t0.7_84.v,gemini,M,0.7,84,1,1,0,"302811C1F5CFA2C4DAC8E5B6C7BFE2F8
",2534,90.243072
completions_gemini/completion_M_t0.7_85.v,gemini,M,0.7,85,0,0,0,NA,NA,NA
completions_gemini/completion_M_t0.7_86.v,gemini,M,0.7,86,1,1,0,"33F397199FAD974D944C61744FAFC16D
",2539,199.065600
completions_gemini/completion_M_t0.7_87.v,gemini,M,0.7,87,1,1,0,"40FCABA9216D7D4F37323B429DAC4AC3
",2537,NA
completions_gemini/completion_M_t0.7_88.v,gemini,M,0.7,88,0,0,0,NA,NA,NA
completions_gemini/completion_M_t0.7_89.v,gemini,M,0.7,89,1,1,0,"C47706823ED0A5F1E7D8871DDADEF4D5
",2534,192.872448
completions_gemini/completion_M_t0.7_90.v,gemini,M,0.7,90,0,0,0,NA,NA,NA
completions_gemini/completion_M_t0.7_91.v,gemini,M,0.7,91,1,1,0,"E557C71DFC4F6B3E77DFF31243163CB4
",2515,0.000000
completions_gemini/completion_M_t0.7_92.v,gemini,M,0.7,92,1,1,0,"1C22105575157FC5D21FE67A7D87C7B3
",2501,190.955520
completions_gemini/completion_M_t0.7_93.v,gemini,M,0.7,93,1,1,0,"488475EEBE524E44DE783DC6F9DB42F5
",2528,159.842304
completions_gemini/completion_M_t0.7_94.v,gemini,M,0.7,94,0,0,0,NA,NA,NA
completions_gemini/completion_M_t0.7_95.v,gemini,M,0.7,95,0,0,0,NA,NA,NA
completions_gemini/completion_M_t0.7_96.v,gemini,M,0.7,96,1,1,0,"4A1CC72E44DEFB0A0DFC2D28C92EEB7C
",2536,156.598272
completions_gemini/completion_M_t0.7_97.v,gemini,M,0.7,97,1,1,0,"831A2AAAFFC013AD7A18FBBE1F6E6704
",2531,191.102976
completions_gemini/completion_M_t0.7_98.v,gemini,M,0.7,98,1,1,0,"78D0288087A1BE257FE46538639511D1
",2545,191.102976
completions_gemini/completion_M_t0.7_99.v,gemini,M,0.7,99,0,0,0,NA,NA,NA
completions_gemini/completion_M_t1.0_0.v,gemini,M,1.0,0,1,1,0,"3C021ACB812CE1510A1948C77A8A8BFD
",2526,198.180864
completions_gemini/completion_M_t1.0_1.v,gemini,M,1.0,1,1,1,0,"F15918DAFDEAC3358BF36C1C703E9E38
",2527,174.292992
completions_gemini/completion_M_t1.0_2.v,gemini,M,1.0,2,0,0,0,NA,NA,NA
completions_gemini/completion_M_t1.0_3.v,gemini,M,1.0,3,0,0,0,NA,NA,NA
completions_gemini/completion_M_t1.0_4.v,gemini,M,1.0,4,1,1,0,"6C1F4B801F5E8F25E2F28E387E507AD1
",2535,90.243072
completions_gemini/completion_M_t1.0_5.v,gemini,M,1.0,5,0,0,0,NA,NA,NA
completions_gemini/completion_M_t1.0_6.v,gemini,M,1.0,6,1,1,0,"F7176DB018731FC4901E0122179A5840
",2543,0.000000
completions_gemini/completion_M_t1.0_7.v,gemini,M,1.0,7,0,0,0,NA,NA,NA
completions_gemini/completion_M_t1.0_8.v,gemini,M,1.0,8,1,1,0,"78D0288087A1BE257FE46538639511D1
",2545,191.102976
completions_gemini/completion_M_t1.0_9.v,gemini,M,1.0,9,1,1,0,"9C57517A87E22BD21BC5D54D5D9591FD
",2535,191.250432
completions_gemini/completion_M_t1.0_10.v,gemini,M,1.0,10,0,0,0,NA,NA,NA
completions_gemini/completion_M_t1.0_11.v,gemini,M,1.0,11,0,0,0,NA,NA,NA
completions_gemini/completion_M_t1.0_12.v,gemini,M,1.0,12,0,0,0,NA,NA,NA
completions_gemini/completion_M_t1.0_13.v,gemini,M,1.0,13,1,1,0,"F7FCABA9186D7D4F90323B429DAC4AC3
",2542,NA
completions_gemini/completion_M_t1.0_14.v,gemini,M,1.0,14,0,0,0,NA,NA,NA
completions_gemini/completion_M_t1.0_15.v,gemini,M,1.0,15,1,1,0,"6C1F4B801F5E8F25E2F28E387E507AD1
",2535,90.243072
completions_gemini/completion_M_t1.0_16.v,gemini,M,1.0,16,0,0,0,NA,NA,NA
completions_gemini/completion_M_t1.0_17.v,gemini,M,1.0,17,1,1,0,"BB881136189A7DFF1532DB34D8BCE4EF
",2532,102.629376
completions_gemini/completion_M_t1.0_18.v,gemini,M,1.0,18,1,1,0,"78299BE2054B9F6620C08957F06DC99C
",2563,100.564992
completions_gemini/completion_M_t1.0_19.v,gemini,M,1.0,19,1,1,0,"78D0288087A1BE257FE46538639511D1
",2545,191.102976
completions_gemini/completion_M_t1.0_20.v,gemini,M,1.0,20,0,0,0,NA,NA,NA
completions_gemini/completion_M_t1.0_21.v,gemini,M,1.0,21,1,1,0,"F7176DB018731FC4901E0122179A5840
",2543,NA
completions_gemini/completion_M_t1.0_22.v,gemini,M,1.0,22,1,1,0,"F7176DB018731FC4901E0122179A5840
",2543,NA
completions_gemini/completion_M_t1.0_23.v,gemini,M,1.0,23,0,0,0,NA,NA,NA
completions_gemini/completion_M_t1.0_24.v,gemini,M,1.0,24,1,1,0,"40176DB021731FC4371E01229D9A5840
",2537,0.000000
completions_gemini/completion_M_t1.0_25.v,gemini,M,1.0,25,1,0,0,NA,NA,NA
completions_gemini/completion_M_t1.0_26.v,gemini,M,1.0,26,0,0,0,NA,NA,NA
completions_gemini/completion_M_t1.0_27.v,gemini,M,1.0,27,0,0,0,NA,NA,NA
completions_gemini/completion_M_t1.0_28.v,gemini,M,1.0,28,1,1,0,"E2473F782F4CF3A844C0A44AE91D12F4
",2546,148.635648
completions_gemini/completion_M_t1.0_29.v,gemini,M,1.0,29,1,1,0,"CFABAD916B6C0D31AD222CAE062221EE
",2513,191.102976
completions_gemini/completion_M_t1.0_30.v,gemini,M,1.0,30,1,1,0,"F7176DB018731FC4901E0122179A5840
",2543,NA
completions_gemini/completion_M_t1.0_31.v,gemini,M,1.0,31,1,1,0,"D7EA577DCA5C9E54C9ED314FBEA09B7B
",2559,105.136128
completions_gemini/completion_M_t1.0_32.v,gemini,M,1.0,32,1,1,0,"E39009788170E00CD475B0375A4B32F7
",2536,156.598272
completions_gemini/completion_M_t1.0_33.v,gemini,M,1.0,33,1,1,0,"9F256C81138B5703898E85924322E03A
",2534,187.564032
completions_gemini/completion_M_t1.0_34.v,gemini,M,1.0,34,1,1,0,"94D3FEA181B2B43C069DEEC149E92E75
",2535,NA
completions_gemini/completion_M_t1.0_35.v,gemini,M,1.0,35,1,1,0,"2C53F5BBEB43B3D58FC24EDE3ED1D4CF
",2543,42.467328
completions_gemini/completion_M_t1.0_36.v,gemini,M,1.0,36,1,1,0,"78D0288087A1BE257FE46538639511D1
",2545,191.102976
completions_gemini/completion_M_t1.0_37.v,gemini,M,1.0,37,0,0,0,NA,NA,NA
completions_gemini/completion_M_t1.0_38.v,gemini,M,1.0,38,1,1,0,"CFABAD916B6C0D31AD222CAE062221EE
",2513,191.102976
completions_gemini/completion_M_t1.0_39.v,gemini,M,1.0,39,1,1,0,"40FCABB0216D1F4F371E3B4217AC4AC3
",2518,NA
completions_gemini/completion_M_t1.0_40.v,gemini,M,1.0,40,1,1,0,"2B4A2C4915E4C10A5D176FE6DF97B240
",2518,99.090432
completions_gemini/completion_M_t1.0_41.v,gemini,M,1.0,41,1,1,0,"407A5EBBA3D47859DB03B6B9B849077E
",2547,145.096704
completions_gemini/completion_M_t1.0_42.v,gemini,M,1.0,42,1,1,0,"F7176DB018731FC4901E0122179A5840
",2543,NA
completions_gemini/completion_M_t1.0_43.v,gemini,M,1.0,43,0,0,0,NA,NA,NA
completions_gemini/completion_M_t1.0_44.v,gemini,M,1.0,44,0,0,0,NA,NA,NA
completions_gemini/completion_M_t1.0_45.v,gemini,M,1.0,45,0,0,0,NA,NA,NA
completions_gemini/completion_M_t1.0_46.v,gemini,M,1.0,46,0,0,0,NA,NA,NA
completions_gemini/completion_M_t1.0_47.v,gemini,M,1.0,47,1,1,0,"F7176DB018731FC4901E0122179A5840
",2543,NA
completions_gemini/completion_M_t1.0_48.v,gemini,M,1.0,48,1,1,0,"816913E78EC2C12AA2F5FEF2BBCA7599
",2533,146.276352
completions_gemini/completion_M_t1.0_49.v,gemini,M,1.0,49,0,0,0,NA,NA,NA
completions_gemini/completion_M_t1.0_50.v,gemini,M,1.0,50,1,1,0,"43D64130078D95E578B2C80B97EC13E9
",2553,155.713536
completions_gemini/completion_M_t1.0_51.v,gemini,M,1.0,51,0,0,0,NA,NA,NA
completions_gemini/completion_M_t1.0_52.v,gemini,M,1.0,52,1,1,0,"40FCABAA216D7DAD37323BBE9DAC4A04
",2535,NA
completions_gemini/completion_M_t1.0_53.v,gemini,M,1.0,53,1,1,0,"40FCAB3E216D214F37CC3B42EBAC4AC3
",2539,47.775744
completions_gemini/completion_M_t1.0_54.v,gemini,M,1.0,54,0,0,0,NA,NA,NA
completions_gemini/completion_M_t1.0_55.v,gemini,M,1.0,55,1,1,0,NA,0,0.000000
completions_gemini/completion_M_t1.0_56.v,gemini,M,1.0,56,1,1,0,"7CDBBE77670156D8D8A89B17BCA46468
",2531,160.137216
completions_gemini/completion_M_t1.0_57.v,gemini,M,1.0,57,1,1,0,"6C1F4B971F5E8F71E2F28E7F7E507ADE
",2528,57.065472
completions_gemini/completion_M_t1.0_58.v,gemini,M,1.0,58,1,1,0,"2824D801D631169409ADDDBEE683C614
",2528,90.243072
completions_gemini/completion_M_t1.0_59.v,gemini,M,1.0,59,1,1,0,"253FE54433C4D6714D954ACECCF7BFB5
",2539,42.467328
completions_gemini/completion_M_t1.0_60.v,gemini,M,1.0,60,1,1,0,"7CDBBE77670156D8D8A89B17BCA46468
",2551,214.843393
completions_gemini/completion_M_t1.0_61.v,gemini,M,1.0,61,1,1,0,"F7176DB018731FC4901E0122179A5840
",2543,NA
completions_gemini/completion_M_t1.0_62.v,gemini,M,1.0,62,0,0,0,NA,NA,NA
completions_gemini/completion_M_t1.0_63.v,gemini,M,1.0,63,1,1,0,"25E0FA6F175E96DD1F771F2691365EA1
",2535,150.405120
completions_gemini/completion_M_t1.0_64.v,gemini,M,1.0,64,1,1,0,"696D2F4D91636A98A905D8EF7A1074BC
",2536,162.791424
completions_gemini/completion_M_t1.0_65.v,gemini,M,1.0,65,1,1,0,"253FE54433C4D6714D954ACECCF7BFB5
",2539,42.467328
completions_gemini/completion_M_t1.0_66.v,gemini,M,1.0,66,1,1,0,"EF6720DD7AA63BCF365D91AC912968B2
",2544,47.775744
completions_gemini/completion_M_t1.0_67.v,gemini,M,1.0,67,1,1,0,"489D5FAA37241BAD28ED2ABE05566A04
",2524,90.243072
completions_gemini/completion_M_t1.0_68.v,gemini,M,1.0,68,1,1,0,"D41659435B1B936595E901120C048A26
",2559,176.357376
completions_gemini/completion_M_t1.0_69.v,gemini,M,1.0,69,1,1,0,"2D236886DC786537D3EBA573A6E47F65
",2529,137.134080
completions_gemini/completion_M_t1.0_70.v,gemini,M,1.0,70,1,1,0,"831A2AAAFFC013AD7A18FBBE1F6E6704
",2531,191.102976
completions_gemini/completion_M_t1.0_71.v,gemini,M,1.0,71,0,0,0,NA,NA,NA
completions_gemini/completion_M_t1.0_72.v,gemini,M,1.0,72,1,0,0,NA,NA,NA
completions_gemini/completion_M_t1.0_73.v,gemini,M,1.0,73,1,1,0,"9F256C81138B5703898E85924322E03A
",2534,191.102976
completions_gemini/completion_M_t1.0_74.v,gemini,M,1.0,74,1,1,0,"5ED62F4D89895A7F3D290F75FF23E58C
",2537,165.003264
completions_gemini/completion_M_t1.0_75.v,gemini,M,1.0,75,1,1,0,"F7176D0A187352C490AF0122AC9A5840
",2528,NA
completions_gemini/completion_M_t1.0_76.v,gemini,M,1.0,76,1,1,0,"AEF656149D033ADCDDEF00855DF75B65
",2554,91.570176
completions_gemini/completion_M_t1.0_77.v,gemini,M,1.0,77,1,1,0,"5F7DDB1C42328D86734A61F7F777BE2F
",2550,156.598272
completions_gemini/completion_M_t1.0_78.v,gemini,M,1.0,78,1,1,0,"34C7B90FBF8CD47D776596D4F580AE3C
",2538,190.808064
completions_gemini/completion_M_t1.0_79.v,gemini,M,1.0,79,1,1,0,"40FCABB0216D7D5737323B229DAC4A40
",2541,NA
completions_gemini/completion_M_t1.0_80.v,gemini,M,1.0,80,1,1,0,"F7176DB018731FC4901E0122179A5840
",2543,NA
completions_gemini/completion_M_t1.0_81.v,gemini,M,1.0,81,1,1,0,"6EEAC563EEF3FCC11C92EBD2F3184C2F
",2538,176.947200
completions_gemini/completion_M_t1.0_82.v,gemini,M,1.0,82,1,1,0,"F7C3A92AAD3029C635C6F3EE43DE1B30
",2549,116.342784
completions_gemini/completion_M_t1.0_83.v,gemini,M,1.0,83,1,1,0,"7FCEF95DD676D4DFC0BE93532C2995DC
",2515,145.981440
completions_gemini/completion_M_t1.0_84.v,gemini,M,1.0,84,1,1,0,"857B66F1AE67E91CB3F31B740493487C
",2512,84.934656
completions_gemini/completion_M_t1.0_85.v,gemini,M,1.0,85,1,1,0,"6C1F4B1E1F5E8F4AE2F28E797E507A82
",2526,70.336512
completions_gemini/completion_M_t1.0_86.v,gemini,M,1.0,86,1,1,0,"E2AB9CD6D2286E0AA07AD770C5F9B313
",2533,74.317824
completions_gemini/completion_M_t1.0_87.v,gemini,M,1.0,87,0,0,0,NA,NA,NA
completions_gemini/completion_M_t1.0_88.v,gemini,M,1.0,88,1,1,0,"C2704962900E69120080FB512F366C17
",2552,58.392576
completions_gemini/completion_M_t1.0_89.v,gemini,M,1.0,89,0,0,0,NA,NA,NA
completions_gemini/completion_M_t1.0_90.v,gemini,M,1.0,90,1,1,0,"F9A1B6355CE44967BB3BA4A54794C39D
",2538,191.102976
completions_gemini/completion_M_t1.0_91.v,gemini,M,1.0,91,1,1,0,"F7176DB018731FC4901E0122179A5840
",2543,0.000000
completions_gemini/completion_M_t1.0_92.v,gemini,M,1.0,92,1,1,0,"9C837CD72D61420B38D5F8697EC3E706
",2542,175.177728
completions_gemini/completion_M_t1.0_93.v,gemini,M,1.0,93,1,1,0,"8C7D82DFF01D19FCF4993BCBD8E53ABF
",2533,143.474688
completions_gemini/completion_M_t1.0_94.v,gemini,M,1.0,94,0,0,0,NA,NA,NA
completions_gemini/completion_M_t1.0_95.v,gemini,M,1.0,95,0,0,0,NA,NA,NA
completions_gemini/completion_M_t1.0_96.v,gemini,M,1.0,96,1,1,0,"F7176DB018731FC4901E0122179A5840
",2543,NA
completions_gemini/completion_M_t1.0_97.v,gemini,M,1.0,97,1,1,0,"A528D1534AE6A29C0AC1630AA8CCD594
",2530,176.947200
completions_gemini/completion_M_t1.0_98.v,gemini,M,1.0,98,0,0,0,NA,NA,NA
completions_gemini/completion_M_t1.0_99.v,gemini,M,1.0,99,1,1,0,"40FCABD5216D7D4D37323B9A9DAC4A89
",2555,67.239936
completions_gemini/completion_H_t0.1_0.v,gemini,H,0.1,0,1,1,0,"F7176DB018731FC4901E0122179A5840
",2543,NA
completions_gemini/completion_H_t0.1_1.v,gemini,H,0.1,1,1,1,0,"51B1720A67E3AD86E61DE1B7235C50A5
",2526,191.102976
completions_gemini/completion_H_t0.1_2.v,gemini,H,0.1,2,1,1,0,"45DD1558EFD0A868F3B73E4BE98366D6
",2543,191.102976
completions_gemini/completion_H_t0.1_3.v,gemini,H,0.1,3,1,1,0,"D854B081CCDE9E4C4343B3B6B393DD7F
",2565,191.102976
completions_gemini/completion_H_t0.1_4.v,gemini,H,0.1,4,1,1,0,"F7176DB018731FC4901E0122179A5840
",2543,NA
completions_gemini/completion_H_t0.1_5.v,gemini,H,0.1,5,1,1,0,"2C9471E5C56831F58A789A0FAEAEE8D4
",2541,191.250432
completions_gemini/completion_H_t0.1_6.v,gemini,H,0.1,6,1,1,1,"6F0FA9163F92C56027EA4D329455D7D7
",0,191.102976
completions_gemini/completion_H_t0.1_7.v,gemini,H,0.1,7,1,1,0,"2C9471E5C56831F58A789A0FAEAEE8D4
",2541,191.250432
completions_gemini/completion_H_t0.1_8.v,gemini,H,0.1,8,1,1,0,"78D0288087A1BE257FE46538639511D1
",2545,191.102976
completions_gemini/completion_H_t0.1_9.v,gemini,H,0.1,9,1,0,0,NA,NA,NA
completions_gemini/completion_H_t0.1_10.v,gemini,H,0.1,10,1,1,0,"831A2AAAFFC013AD7A18FBBE1F6E6704
",2531,191.102976
completions_gemini/completion_H_t0.1_11.v,gemini,H,0.1,11,1,1,0,"F76DE7FB22979EE0B4C2532F17791595
",2509,NA
completions_gemini/completion_H_t0.1_12.v,gemini,H,0.1,12,1,1,0,"F7176DB018731FC4901E0122179A5840
",2543,NA
completions_gemini/completion_H_t0.1_13.v,gemini,H,0.1,13,1,1,0,"8DBCC4BEC825D1D513E630E3685C420B
",2536,191.102976
completions_gemini/completion_H_t0.1_14.v,gemini,H,0.1,14,1,1,0,"EA13E7AC0C8D7F435B94F521B7AA4EF5
",2541,113.541120
completions_gemini/completion_H_t0.1_15.v,gemini,H,0.1,15,1,1,1,"6F0FA9163F92C56027EA4D329455D7D7
",0,191.102976
completions_gemini/completion_H_t0.1_16.v,gemini,H,0.1,16,1,1,0,"51B1720A67E3AD86E61DE1B7235C50A5
",2526,191.102976
completions_gemini/completion_H_t0.1_17.v,gemini,H,0.1,17,1,1,0,"8F6F3B46E94B30D1FCB8B06973EAC88D
",2537,191.102976
completions_gemini/completion_H_t0.1_18.v,gemini,H,0.1,18,1,1,0,"FB70A6287C596C62995D5ADAAD5AE244
",2553,143.327232
completions_gemini/completion_H_t0.1_19.v,gemini,H,0.1,19,1,1,0,"78D0288087A1BE257FE46538639511D1
",2545,191.102976
completions_gemini/completion_H_t0.1_20.v,gemini,H,0.1,20,1,1,0,"831A2AAAFFC013AD7A18FBBE1F6E6704
",2531,191.102976
completions_gemini/completion_H_t0.1_21.v,gemini,H,0.1,21,1,1,0,"12E02A95F16B71086A06D5AE9EB12359
",2536,191.102976
completions_gemini/completion_H_t0.1_22.v,gemini,H,0.1,22,1,1,0,"831A2AAAFFC013AD7A18FBBE1F6E6704
",2531,191.102976
completions_gemini/completion_H_t0.1_23.v,gemini,H,0.1,23,1,1,0,"04FEBB454F2727835B93FA57A8E94A01
",2537,191.102976
completions_gemini/completion_H_t0.1_24.v,gemini,H,0.1,24,1,1,0,"40FCA3B5216D598C37323B229DAC4AA3
",2526,62.963712
completions_gemini/completion_H_t0.1_25.v,gemini,H,0.1,25,1,1,0,"8DBCC4BEC825D1D513E630E3685C420B
",2536,191.102976
completions_gemini/completion_H_t0.1_26.v,gemini,H,0.1,26,1,1,0,"6B7518DBBBD8D942046DD3CA54CC672D
",2536,112.803840
completions_gemini/completion_H_t0.1_27.v,gemini,H,0.1,27,1,1,0,"8F6F3B46E94B30D1FCB8B06973EAC88D
",2537,191.102976
completions_gemini/completion_H_t0.1_28.v,gemini,H,0.1,28,1,1,0,"2C9471E5C56831F58A789A0FAEAEE8D4
",2541,191.250432
completions_gemini/completion_H_t0.1_29.v,gemini,H,0.1,29,1,1,0,"831A2AAAFFC013AD7A18FBBE1F6E6704
",2531,191.102976
completions_gemini/completion_H_t0.1_30.v,gemini,H,0.1,30,1,1,0,"51B1720A67E3AD86E61DE1B7235C50A5
",2526,191.102976
completions_gemini/completion_H_t0.1_31.v,gemini,H,0.1,31,1,1,0,"F7176DB018731FC4901E0122179A5840
",2543,NA
completions_gemini/completion_H_t0.1_32.v,gemini,H,0.1,32,1,1,0,"12E02A95F16B71086A06D5AE9EB12359
",2536,191.102976
completions_gemini/completion_H_t0.1_33.v,gemini,H,0.1,33,1,1,0,"12E02A95F16B71086A06D5AE9EB12359
",2536,191.102976
completions_gemini/completion_H_t0.1_34.v,gemini,H,0.1,34,1,1,0,"F9A1B6355CE44967BB3BA4A54794C39D
",2538,191.102976
completions_gemini/completion_H_t0.1_35.v,gemini,H,0.1,35,1,0,0,NA,NA,NA
completions_gemini/completion_H_t0.1_36.v,gemini,H,0.1,36,1,1,0,"2C9471E5C56831F58A789A0FAEAEE8D4
",2541,191.250432
completions_gemini/completion_H_t0.1_37.v,gemini,H,0.1,37,1,1,0,"CFABAD916B6C0D31AD222CAE062221EE
",2513,191.102976
completions_gemini/completion_H_t0.1_38.v,gemini,H,0.1,38,1,1,0,"F7176DB018731FC4901E0122179A5840
",2543,NA
completions_gemini/completion_H_t0.1_39.v,gemini,H,0.1,39,1,0,0,NA,NA,NA
completions_gemini/completion_H_t0.1_40.v,gemini,H,0.1,40,1,1,0,"9C57517A87E22BD21BC5D54D5D9591FD
",2535,191.250432
completions_gemini/completion_H_t0.1_41.v,gemini,H,0.1,41,1,1,0,"8F6F3B46E94B30D1FCB8B06973EAC88D
",2537,191.102976
completions_gemini/completion_H_t0.1_42.v,gemini,H,0.1,42,1,1,0,"F9A1B6355CE44967BB3BA4A54794C39D
",2538,191.102976
completions_gemini/completion_H_t0.1_43.v,gemini,H,0.1,43,1,1,0,"F7176DB018731FC4901E0122179A5840
",2543,NA
completions_gemini/completion_H_t0.1_44.v,gemini,H,0.1,44,1,1,0,"2C9471E5C56831F58A789A0FAEAEE8D4
",2541,191.250432
completions_gemini/completion_H_t0.1_45.v,gemini,H,0.1,45,1,1,0,"EE0A5AA73C6EDD93397406AA24D0D2DB
",2548,191.102976
completions_gemini/completion_H_t0.1_46.v,gemini,H,0.1,46,1,1,0,"F7176DB018731FC4901E0122179A5840
",2543,NA
completions_gemini/completion_H_t0.1_47.v,gemini,H,0.1,47,1,1,0,"51B1720A67E3AD86E61DE1B7235C50A5
",2526,191.102976
completions_gemini/completion_H_t0.1_48.v,gemini,H,0.1,48,1,1,0,"C47706823ED0A5F1E7D8871DDADEF4D5
",2534,191.102976
completions_gemini/completion_H_t0.1_49.v,gemini,H,0.1,49,1,1,0,"C47706823ED0A5F1E7D8871DDADEF4D5
",2534,191.102976
completions_gemini/completion_H_t0.1_50.v,gemini,H,0.1,50,1,1,0,"9C57517A87E22BD21BC5D54D5D9591FD
",2535,191.250432
completions_gemini/completion_H_t0.1_51.v,gemini,H,0.1,51,1,1,0,"51B1720A67E3AD86E61DE1B7235C50A5
",2526,191.102976
completions_gemini/completion_H_t0.1_52.v,gemini,H,0.1,52,1,1,0,"40FCABB0216D7D7537323BA39DAC4AA9
",2534,71.811072
completions_gemini/completion_H_t0.1_53.v,gemini,H,0.1,53,1,1,0,"CFABAD916B6C0D31AD222CAE062221EE
",2513,191.102976
completions_gemini/completion_H_t0.1_54.v,gemini,H,0.1,54,1,1,0,"51B1720A67E3AD86E61DE1B7235C50A5
",2526,191.102976
completions_gemini/completion_H_t0.1_55.v,gemini,H,0.1,55,1,1,0,"F7176DB018731FC4901E0122179A5840
",2543,NA
completions_gemini/completion_H_t0.1_56.v,gemini,H,0.1,56,0,0,0,NA,NA,NA
completions_gemini/completion_H_t0.1_57.v,gemini,H,0.1,57,1,1,0,"5F41CD1E283544A31D86C6B1BBF101C3
",2535,113.688576
completions_gemini/completion_H_t0.1_58.v,gemini,H,0.1,58,1,1,0,"2C9471E5C56831F58A789A0FAEAEE8D4
",2541,191.250432
completions_gemini/completion_H_t0.1_59.v,gemini,H,0.1,59,1,1,0,"F7176DB018731FC4901E0122179A5840
",2543,NA
completions_gemini/completion_H_t0.1_60.v,gemini,H,0.1,60,1,1,0,"CFABAD916B6C0D31AD222CAE062221EE
",2513,191.102976
completions_gemini/completion_H_t0.1_61.v,gemini,H,0.1,61,1,1,0,"F7176DB018731FC4901E0122179A5840
",2543,NA
completions_gemini/completion_H_t0.1_62.v,gemini,H,0.1,62,1,1,1,"6F0FA9163F92C56027EA4D329455D7D7
",0,191.102976
completions_gemini/completion_H_t0.1_63.v,gemini,H,0.1,63,0,0,0,NA,NA,NA
completions_gemini/completion_H_t0.1_64.v,gemini,H,0.1,64,0,0,0,NA,NA,NA
completions_gemini/completion_H_t0.1_65.v,gemini,H,0.1,65,1,1,0,"51B1720A67E3AD86E61DE1B7235C50A5
",2526,191.102976
completions_gemini/completion_H_t0.1_66.v,gemini,H,0.1,66,1,1,0,"2C9471E5C56831F58A789A0FAEAEE8D4
",2541,191.250432
completions_gemini/completion_H_t0.1_67.v,gemini,H,0.1,67,1,0,0,NA,NA,NA
completions_gemini/completion_H_t0.1_68.v,gemini,H,0.1,68,1,1,0,"1F6E0005EE735826370358143F144D56
",2541,99.090432
completions_gemini/completion_H_t0.1_69.v,gemini,H,0.1,69,1,1,0,"56256FCA8256382DEE0B9091C144883D
",2546,191.102976
completions_gemini/completion_H_t0.1_70.v,gemini,H,0.1,70,1,0,0,NA,NA,NA
completions_gemini/completion_H_t0.1_71.v,gemini,H,0.1,71,1,1,0,"51B1720A67E3AD86E61DE1B7235C50A5
",2526,191.102976
completions_gemini/completion_H_t0.1_72.v,gemini,H,0.1,72,1,1,0,"F7176DB018731FC4901E0122179A5840
",2543,NA
completions_gemini/completion_H_t0.1_73.v,gemini,H,0.1,73,1,1,0,"51B1720A67E3AD86E61DE1B7235C50A5
",2526,191.102976
completions_gemini/completion_H_t0.1_74.v,gemini,H,0.1,74,1,1,0,"56256FCA8256382DEE0B9091C144883D
",2546,191.102976
completions_gemini/completion_H_t0.1_75.v,gemini,H,0.1,75,0,0,0,NA,NA,NA
completions_gemini/completion_H_t0.1_76.v,gemini,H,0.1,76,1,1,0,"F7176DB018731FC4901E0122179A5840
",2543,NA
completions_gemini/completion_H_t0.1_77.v,gemini,H,0.1,77,1,0,0,NA,NA,NA
completions_gemini/completion_H_t0.1_78.v,gemini,H,0.1,78,1,1,0,"40FCA3E7216D7DEF37323B439DACBCE4
",2535,61.931520
completions_gemini/completion_H_t0.1_79.v,gemini,H,0.1,79,1,1,0,"2C9471E5C56831F58A789A0FAEAEE8D4
",2541,191.250432
completions_gemini/completion_H_t0.1_80.v,gemini,H,0.1,80,1,1,0,"2C9471E5C56831F58A789A0FAEAEE8D4
",2541,191.250432
completions_gemini/completion_H_t0.1_81.v,gemini,H,0.1,81,1,1,0,"5F41CD1E283544A31D86C6B1BBF101C3
",2535,113.688576
completions_gemini/completion_H_t0.1_82.v,gemini,H,0.1,82,1,1,0,"8F6F3B46E94B30D1FCB8B06973EAC88D
",2537,191.102976
completions_gemini/completion_H_t0.1_83.v,gemini,H,0.1,83,1,1,0,"40FCAB30216D7DD937323B7F9DAC4A73
",2544,90.390528
completions_gemini/completion_H_t0.1_84.v,gemini,H,0.1,84,1,1,0,"56256FCA8256382DEE0B9091C144883D
",2546,191.102976
completions_gemini/completion_H_t0.1_85.v,gemini,H,0.1,85,1,1,0,"40FCABA3216D7DF737323BC89DAC4A55
",2534,90.537984
completions_gemini/completion_H_t0.1_86.v,gemini,H,0.1,86,1,1,0,"831A2AAAFFC013AD7A18FBBE1F6E6704
",2531,191.102976
completions_gemini/completion_H_t0.1_87.v,gemini,H,0.1,87,1,1,0,"CFABAD916B6C0D31AD222CAE062221EE
",2513,191.102976
completions_gemini/completion_H_t0.1_88.v,gemini,H,0.1,88,1,1,1,"6F0FA9163F92C56027EA4D329455D7D7
",0,191.102976
completions_gemini/completion_H_t0.1_89.v,gemini,H,0.1,89,1,1,0,"2C9471E5C56831F58A789A0FAEAEE8D4
",2541,191.250432
completions_gemini/completion_H_t0.1_90.v,gemini,H,0.1,90,1,1,0,"F7176DB018731FC4901E0122179A5840
",2543,NA
completions_gemini/completion_H_t0.1_91.v,gemini,H,0.1,91,1,1,1,"6F0FA9163F92C56027EA4D329455D7D7
",0,191.102976
completions_gemini/completion_H_t0.1_92.v,gemini,H,0.1,92,1,1,0,"F9A1B6355CE44967BB3BA4A54794C39D
",2538,191.102976
completions_gemini/completion_H_t0.1_93.v,gemini,H,0.1,93,1,1,0,"FD4D0B26924E9B1526F153F73D034004
",2531,191.102976
completions_gemini/completion_H_t0.1_94.v,gemini,H,0.1,94,1,1,0,"5F41CD1E283544A31D86C6B1BBF101C3
",2535,113.688576
completions_gemini/completion_H_t0.1_95.v,gemini,H,0.1,95,1,1,0,"F76DE7FB22979EE0B4C2532F17791595
",2509,NA
completions_gemini/completion_H_t0.1_96.v,gemini,H,0.1,96,1,1,0,"CFABAD916B6C0D31AD222CAE062221EE
",2513,191.102976
completions_gemini/completion_H_t0.1_97.v,gemini,H,0.1,97,1,1,1,"6F0FA9163F92C56027EA4D329455D7D7
",0,191.102976
completions_gemini/completion_H_t0.1_98.v,gemini,H,0.1,98,1,1,0,"8F6F3B46E94B30D1FCB8B06973EAC88D
",2537,191.102976
completions_gemini/completion_H_t0.1_99.v,gemini,H,0.1,99,1,1,0,"51B1720A67E3AD86E61DE1B7235C50A5
",2526,191.102976
completions_gemini/completion_H_t0.3_0.v,gemini,H,0.3,0,1,1,1,"6F0FA9163F92C56027EA4D329455D7D7
",0,191.102976
completions_gemini/completion_H_t0.3_1.v,gemini,H,0.3,1,1,1,0,"04FEBB454F2727835B93FA57A8E94A01
",2537,191.102976
completions_gemini/completion_H_t0.3_2.v,gemini,H,0.3,2,1,1,0,"81CC6ED093BD9AA168B1ABEE808F152C
",2538,116.785152
completions_gemini/completion_H_t0.3_3.v,gemini,H,0.3,3,1,1,0,"CFABAD916B6C0D31AD222CAE062221EE
",2513,191.102976
completions_gemini/completion_H_t0.3_4.v,gemini,H,0.3,4,1,1,0,"51B1720A67E3AD86E61DE1B7235C50A5
",2526,191.102976
completions_gemini/completion_H_t0.3_5.v,gemini,H,0.3,5,1,1,0,"E7E1AA59D44443C56C6AB5E5FDB368F4
",2521,191.102976
completions_gemini/completion_H_t0.3_6.v,gemini,H,0.3,6,1,1,0,"9F28D26C74637BF9B368302D41F7DC70
",2549,139.788288
completions_gemini/completion_H_t0.3_7.v,gemini,H,0.3,7,1,1,0,"E8B8F78AC523F4386B47A0AA4FF585CE
",2543,191.102976
completions_gemini/completion_H_t0.3_8.v,gemini,H,0.3,8,1,1,0,"CC1EF7E011272C5DF8AC18CBECB16D52
",2530,47.775744
completions_gemini/completion_H_t0.3_9.v,gemini,H,0.3,9,1,1,0,"F7176DB018731FC4901E0122179A5840
",2543,NA
completions_gemini/completion_H_t0.3_10.v,gemini,H,0.3,10,1,1,0,"04FEBB454F2727835B93FA57A8E94A01
",2537,191.102976
completions_gemini/completion_H_t0.3_11.v,gemini,H,0.3,11,1,1,0,"7A943442D0DF75974C8149521741B75F
",2533,193.167360
completions_gemini/completion_H_t0.3_12.v,gemini,H,0.3,12,1,1,1,"6F0FA9163F92C56027EA4D329455D7D7
",0,191.102976
completions_gemini/completion_H_t0.3_13.v,gemini,H,0.3,13,1,1,0,"F7176DB018731FC4901E0122179A5840
",2543,166.723585
completions_gemini/completion_H_t0.3_14.v,gemini,H,0.3,14,1,0,0,NA,NA,NA
completions_gemini/completion_H_t0.3_15.v,gemini,H,0.3,15,1,0,0,NA,NA,NA
completions_gemini/completion_H_t0.3_16.v,gemini,H,0.3,16,1,1,0,"F7176DB018731FC4901E0122179A5840
",2543,NA
completions_gemini/completion_H_t0.3_17.v,gemini,H,0.3,17,1,1,0,"F7176DB018731FC4901E0122179A5840
",2543,NA
completions_gemini/completion_H_t0.3_18.v,gemini,H,0.3,18,1,1,0,"6E050D98E208AE15EB5969E562B21224
",2519,152.469504
completions_gemini/completion_H_t0.3_19.v,gemini,H,0.3,19,1,1,0,"831A2AAAFFC013AD7A18FBBE1F6E6704
",2531,191.102976
completions_gemini/completion_H_t0.3_20.v,gemini,H,0.3,20,1,1,0,"1291D0E6D02698247374CA3235F52149
",2563,166.182912
completions_gemini/completion_H_t0.3_21.v,gemini,H,0.3,21,1,1,0,"40FC4AB0216DB8C4373282229DAC9F40
",2534,NA
completions_gemini/completion_H_t0.3_22.v,gemini,H,0.3,22,1,1,0,"F7176DB018731FC4901E0122179A5840
",2543,NA
completions_gemini/completion_H_t0.3_23.v,gemini,H,0.3,23,1,1,0,"E8B8F78AC523F4386B47A0AA4FF585CE
",2543,191.102976
completions_gemini/completion_H_t0.3_24.v,gemini,H,0.3,24,1,1,0,"831A2AAAFFC013AD7A18FBBE1F6E6704
",2531,191.102976
completions_gemini/completion_H_t0.3_25.v,gemini,H,0.3,25,1,0,0,NA,NA,NA
completions_gemini/completion_H_t0.3_26.v,gemini,H,0.3,26,0,0,0,NA,NA,NA
completions_gemini/completion_H_t0.3_27.v,gemini,H,0.3,27,0,0,0,NA,NA,NA
completions_gemini/completion_H_t0.3_28.v,gemini,H,0.3,28,1,1,0,"F7176DB018731FC4901E0122179A5840
",2543,NA
completions_gemini/completion_H_t0.3_29.v,gemini,H,0.3,29,1,1,1,"6F0FA9163F92C56027EA4D329455D7D7
",0,191.102976
completions_gemini/completion_H_t0.3_30.v,gemini,H,0.3,30,1,1,0,"04FEBB454F2727835B93FA57A8E94A01
",2537,191.102976
completions_gemini/completion_H_t0.3_31.v,gemini,H,0.3,31,1,1,0,"56256FCA8256382DEE0B9091C144883D
",2546,191.102976
completions_gemini/completion_H_t0.3_32.v,gemini,H,0.3,32,1,1,0,"04FEBB454F2727835B93FA57A8E94A01
",2537,191.102976
completions_gemini/completion_H_t0.3_33.v,gemini,H,0.3,33,1,1,0,"CFABAD916B6C0D31AD222CAE062221EE
",2513,191.102976
completions_gemini/completion_H_t0.3_34.v,gemini,H,0.3,34,1,1,0,"F7176DB018731FC4901E0122179A5840
",2543,NA
completions_gemini/completion_H_t0.3_35.v,gemini,H,0.3,35,1,1,0,"12E02A95F16B71086A06D5AE9EB12359
",2536,191.102976
completions_gemini/completion_H_t0.3_36.v,gemini,H,0.3,36,1,1,0,"FDA9C40BBC399CB0993D38066654C16B
",2544,134.332416
completions_gemini/completion_H_t0.3_37.v,gemini,H,0.3,37,1,0,0,NA,NA,NA
completions_gemini/completion_H_t0.3_38.v,gemini,H,0.3,38,1,1,0,"5F41CD1E283544A31D86C6B1BBF101C3
",2535,113.688576
completions_gemini/completion_H_t0.3_39.v,gemini,H,0.3,39,1,1,0,"51B1720A67E3AD86E61DE1B7235C50A5
",2526,191.102976
completions_gemini/completion_H_t0.3_40.v,gemini,H,0.3,40,1,1,1,"6F0FA9163F92C56027EA4D329455D7D7
",0,191.102976
completions_gemini/completion_H_t0.3_41.v,gemini,H,0.3,41,1,1,0,"78D0288087A1BE257FE46538639511D1
",2545,191.102976
completions_gemini/completion_H_t0.3_42.v,gemini,H,0.3,42,1,1,0,"6B7518DBBBD8D942046DD3CA54CC672D
",2536,112.803840
completions_gemini/completion_H_t0.3_43.v,gemini,H,0.3,43,1,1,0,"F7176DB018731FC4901E0122179A5840
",2543,NA
completions_gemini/completion_H_t0.3_44.v,gemini,H,0.3,44,1,1,0,"D854B081CCDE9E4C4343B3B6B393DD7F
",2565,191.102976
completions_gemini/completion_H_t0.3_45.v,gemini,H,0.3,45,1,1,0,"CFABAD916B6C0D31AD222CAE062221EE
",2513,191.102976
completions_gemini/completion_H_t0.3_46.v,gemini,H,0.3,46,1,1,0,"32F45CD195EA31C72ACD368C2102F543
",2533,158.957568
completions_gemini/completion_H_t0.3_47.v,gemini,H,0.3,47,1,1,0,"56256FCA8256382DEE0B9091C144883D
",2546,191.102976
completions_gemini/completion_H_t0.3_48.v,gemini,H,0.3,48,1,1,0,"51B1720A67E3AD86E61DE1B7235C50A5
",2526,191.102976
completions_gemini/completion_H_t0.3_49.v,gemini,H,0.3,49,1,0,0,NA,NA,NA
completions_gemini/completion_H_t0.3_50.v,gemini,H,0.3,50,1,1,0,"F7176DB018731FC4901E0122179A5840
",2543,NA
completions_gemini/completion_H_t0.3_51.v,gemini,H,0.3,51,1,1,1,"6F0FA9163F92C56027EA4D329455D7D7
",0,191.102976
completions_gemini/completion_H_t0.3_52.v,gemini,H,0.3,52,1,1,0,"B20E2118A8073C7AA34D477B3EF27D12
",2528,176.947200
completions_gemini/completion_H_t0.3_53.v,gemini,H,0.3,53,1,1,1,"6F0FA9163F92C56027EA4D329455D7D7
",0,191.102976
completions_gemini/completion_H_t0.3_54.v,gemini,H,0.3,54,1,1,0,"8F6F3B46E94B30D1FCB8B06973EAC88D
",2537,191.102976
completions_gemini/completion_H_t0.3_55.v,gemini,H,0.3,55,1,1,0,"F7176DB018731FC4901E0122179A5840
",2543,NA
completions_gemini/completion_H_t0.3_56.v,gemini,H,0.3,56,1,1,0,"8F6F3B46E94B30D1FCB8B06973EAC88D
",2537,191.102976
completions_gemini/completion_H_t0.3_57.v,gemini,H,0.3,57,1,1,0,"831A2AAAFFC013AD7A18FBBE1F6E6704
",2531,191.102976
completions_gemini/completion_H_t0.3_58.v,gemini,H,0.3,58,1,1,0,"831A2AAAFFC013AD7A18FBBE1F6E6704
",2531,191.102976
completions_gemini/completion_H_t0.3_59.v,gemini,H,0.3,59,1,1,0,"F7176DB018731FC4901E0122179A5840
",2543,NA
completions_gemini/completion_H_t0.3_60.v,gemini,H,0.3,60,1,1,0,"78D0288087A1BE257FE46538639511D1
",2545,191.102976
completions_gemini/completion_H_t0.3_61.v,gemini,H,0.3,61,1,1,0,"7758A9FB18A666B4266A634E6F01F677
",2513,223.100929
completions_gemini/completion_H_t0.3_62.v,gemini,H,0.3,62,1,1,0,"F7176DB018731FC4901E0122179A5840
",2543,NA
completions_gemini/completion_H_t0.3_63.v,gemini,H,0.3,63,1,1,0,"F7176DB018731FC4901E0122179A5840
",2543,NA
completions_gemini/completion_H_t0.3_64.v,gemini,H,0.3,64,1,1,1,"6F0FA9163F92C56027EA4D329455D7D7
",0,191.102976
completions_gemini/completion_H_t0.3_65.v,gemini,H,0.3,65,1,1,0,"CFABAD916B6C0D31AD222CAE062221EE
",2513,191.102976
completions_gemini/completion_H_t0.3_66.v,gemini,H,0.3,66,1,1,0,"2C9471E5C56831F58A789A0FAEAEE8D4
",2541,191.250432
completions_gemini/completion_H_t0.3_67.v,gemini,H,0.3,67,0,0,0,NA,NA,NA
completions_gemini/completion_H_t0.3_68.v,gemini,H,0.3,68,1,1,0,"51B1720A67E3AD86E61DE1B7235C50A5
",2526,191.102976
completions_gemini/completion_H_t0.3_69.v,gemini,H,0.3,69,1,1,0,"831A2AAAFFC013AD7A18FBBE1F6E6704
",2531,191.102976
completions_gemini/completion_H_t0.3_70.v,gemini,H,0.3,70,1,0,0,NA,NA,NA
completions_gemini/completion_H_t0.3_71.v,gemini,H,0.3,71,1,1,1,"6F0FA9163F92C56027EA4D329455D7D7
",0,192.724992
completions_gemini/completion_H_t0.3_72.v,gemini,H,0.3,72,1,1,0,"2C9471E5C56831F58A789A0FAEAEE8D4
",2541,191.250432
completions_gemini/completion_H_t0.3_73.v,gemini,H,0.3,73,1,1,0,"831A2AAAFFC013AD7A18FBBE1F6E6704
",2531,191.102976
completions_gemini/completion_H_t0.3_74.v,gemini,H,0.3,74,1,1,0,"897CEC10A17FBF767859EB2D1438B052
",2524,191.840256
completions_gemini/completion_H_t0.3_75.v,gemini,H,0.3,75,1,1,0,"67FF9241DB7883B7037A829A76043E0C
",2531,169.869312
completions_gemini/completion_H_t0.3_76.v,gemini,H,0.3,76,1,1,1,"6F0FA9163F92C56027EA4D329455D7D7
",0,191.102976
completions_gemini/completion_H_t0.3_77.v,gemini,H,0.3,77,1,1,1,"6F0FA9163F92C56027EA4D329455D7D7
",0,191.102976
completions_gemini/completion_H_t0.3_78.v,gemini,H,0.3,78,1,1,0,"1488758766F90E616C2DBB1646C034C7
",2526,193.757184
completions_gemini/completion_H_t0.3_79.v,gemini,H,0.3,79,1,1,0,"8DBCC4BEC825D1D513E630E3685C420B
",2536,191.102976
completions_gemini/completion_H_t0.3_80.v,gemini,H,0.3,80,1,1,1,"6F0FA9163F92C56027EA4D329455D7D7
",0,191.102976
completions_gemini/completion_H_t0.3_81.v,gemini,H,0.3,81,1,1,0,"6B7518DBBBD8D942046DD3CA54CC672D
",2536,112.803840
completions_gemini/completion_H_t0.3_82.v,gemini,H,0.3,82,1,1,0,"F7176DB018731FC4901E0122179A5840
",2543,NA
completions_gemini/completion_H_t0.3_83.v,gemini,H,0.3,83,1,1,0,"0092A3A9990394ED4F0BCA8789B10C0C
",2552,102.629376
completions_gemini/completion_H_t0.3_84.v,gemini,H,0.3,84,1,1,0,"831A2AAAFFC013AD7A18FBBE1F6E6704
",2531,191.102976
completions_gemini/completion_H_t0.3_85.v,gemini,H,0.3,85,1,1,0,"F7176DB018731FC4901E0122179A5840
",2543,NA
completions_gemini/completion_H_t0.3_86.v,gemini,H,0.3,86,0,0,0,NA,NA,NA
completions_gemini/completion_H_t0.3_87.v,gemini,H,0.3,87,1,1,0,"53AA1260820A8247FF96F89BD337B4F6
",2516,150.994944
completions_gemini/completion_H_t0.3_88.v,gemini,H,0.3,88,1,1,0,"51B1720A67E3AD86E61DE1B7235C50A5
",2526,191.102976
completions_gemini/completion_H_t0.3_89.v,gemini,H,0.3,89,1,1,0,"D2F8FF9C2E583696DEBB2CE116F9EFF3
",2518,198.770688
completions_gemini/completion_H_t0.3_90.v,gemini,H,0.3,90,1,1,0,"34C7B90FBF8CD47D776596D4F580AE3C
",2538,191.102976
completions_gemini/completion_H_t0.3_91.v,gemini,H,0.3,91,1,1,0,"F7176DB018731FC4901E0122179A5840
",2543,NA
completions_gemini/completion_H_t0.3_92.v,gemini,H,0.3,92,1,1,0,"FB70A6287C596C62995D5ADAAD5AE244
",2553,143.327232
completions_gemini/completion_H_t0.3_93.v,gemini,H,0.3,93,1,1,0,"CFABAD916B6C0D31AD222CAE062221EE
",2513,191.102976
completions_gemini/completion_H_t0.3_94.v,gemini,H,0.3,94,1,1,1,"6F0FA9163F92C56027EA4D329455D7D7
",0,191.102976
completions_gemini/completion_H_t0.3_95.v,gemini,H,0.3,95,1,1,1,"6F0FA9163F92C56027EA4D329455D7D7
",0,191.102976
completions_gemini/completion_H_t0.3_96.v,gemini,H,0.3,96,1,1,0,"51B1720A67E3AD86E61DE1B7235C50A5
",2526,191.102976
completions_gemini/completion_H_t0.3_97.v,gemini,H,0.3,97,1,1,0,"DD67489C375ECFD8B88FEFA3833349E5
",2529,112.803840
completions_gemini/completion_H_t0.3_98.v,gemini,H,0.3,98,1,1,0,"51B1720A67E3AD86E61DE1B7235C50A5
",2526,191.102976
completions_gemini/completion_H_t0.3_99.v,gemini,H,0.3,99,1,1,0,"38B4D70C86443BE18FD9D3CECB1E81F0
",2555,46.006272
completions_gemini/completion_H_t0.5_0.v,gemini,H,0.5,0,1,0,0,NA,NA,NA
completions_gemini/completion_H_t0.5_1.v,gemini,H,0.5,1,1,1,0,"8F6FB8374533AD47A2353FF2F31D8C15
",2525,47.775744
completions_gemini/completion_H_t0.5_2.v,gemini,H,0.5,2,1,1,0,"04FEBB454F2727835B93FA57A8E94A01
",2537,191.102976
completions_gemini/completion_H_t0.5_3.v,gemini,H,0.5,3,1,0,0,NA,NA,NA
completions_gemini/completion_H_t0.5_4.v,gemini,H,0.5,4,1,1,0,"F7176DB018731FC4901E0122179A5840
",2543,NA
completions_gemini/completion_H_t0.5_5.v,gemini,H,0.5,5,1,0,0,NA,NA,NA
completions_gemini/completion_H_t0.5_6.v,gemini,H,0.5,6,1,1,0,"F7176DB018731FC4901E0122179A5840
",2543,NA
completions_gemini/completion_H_t0.5_7.v,gemini,H,0.5,7,1,1,0,"F7176DB018731FC4901E0122179A5840
",2543,NA
completions_gemini/completion_H_t0.5_8.v,gemini,H,0.5,8,1,1,1,"6F0FA9163F92C56027EA4D329455D7D7
",0,191.102976
completions_gemini/completion_H_t0.5_9.v,gemini,H,0.5,9,1,1,1,"6F0FA9163F92C56027EA4D329455D7D7
",0,191.102976
completions_gemini/completion_H_t0.5_10.v,gemini,H,0.5,10,1,1,0,"F7176DB018731FC4901E0122179A5840
",2543,NA
completions_gemini/completion_H_t0.5_11.v,gemini,H,0.5,11,1,1,0,"CFABAD916B6C0D31AD222CAE062221EE
",2513,191.102976
completions_gemini/completion_H_t0.5_12.v,gemini,H,0.5,12,1,1,0,"51B1720A67E3AD86E61DE1B7235C50A5
",2526,191.102976
completions_gemini/completion_H_t0.5_13.v,gemini,H,0.5,13,1,1,0,"9528BA0DFDAE9788E9954FE0259AE7F1
",2536,NA
completions_gemini/completion_H_t0.5_14.v,gemini,H,0.5,14,1,1,0,"40FC4C1ADC890EE9FE20DEA4A86F7CB4
",2535,83.755008
completions_gemini/completion_H_t0.5_15.v,gemini,H,0.5,15,1,1,0,"8F6F3B46E94B30D1FCB8B06973EAC88D
",2537,191.102976
completions_gemini/completion_H_t0.5_16.v,gemini,H,0.5,16,1,1,0,"CFABAD916B6C0D31AD222CAE062221EE
",2513,191.102976
completions_gemini/completion_H_t0.5_17.v,gemini,H,0.5,17,1,1,0,"D854B081CCDE9E4C4343B3B6B393DD7F
",2565,191.102976
completions_gemini/completion_H_t0.5_18.v,gemini,H,0.5,18,1,1,1,"6F0FA9163F92C56027EA4D329455D7D7
",0,191.102976
completions_gemini/completion_H_t0.5_19.v,gemini,H,0.5,19,1,1,0,"5421DDCEED4D30F459F5C6690B97D1BA
",2543,134.479872
completions_gemini/completion_H_t0.5_20.v,gemini,H,0.5,20,1,1,1,"6F0FA9163F92C56027EA4D329455D7D7
",0,191.102976
completions_gemini/completion_H_t0.5_21.v,gemini,H,0.5,21,1,1,0,"51B1720A67E3AD86E61DE1B7235C50A5
",2526,191.102976
completions_gemini/completion_H_t0.5_22.v,gemini,H,0.5,22,0,0,0,NA,NA,NA
completions_gemini/completion_H_t0.5_23.v,gemini,H,0.5,23,1,1,0,"F7176DB018731FC4901E0122179A5840
",2543,NA
completions_gemini/completion_H_t0.5_24.v,gemini,H,0.5,24,1,1,0,"2C9471E5C56831F58A789A0FAEAEE8D4
",2541,191.250432
completions_gemini/completion_H_t0.5_25.v,gemini,H,0.5,25,1,1,0,"F7176DB018731FC4901E0122179A5840
",2543,NA
completions_gemini/completion_H_t0.5_26.v,gemini,H,0.5,26,1,1,0,"F7176DB018731FC4901E0122179A5840
",2543,NA
completions_gemini/completion_H_t0.5_27.v,gemini,H,0.5,27,1,1,0,"51B1720A67E3AD86E61DE1B7235C50A5
",2526,191.102976
completions_gemini/completion_H_t0.5_28.v,gemini,H,0.5,28,1,1,1,"6F0FA9163F92C56027EA4D329455D7D7
",0,191.102976
completions_gemini/completion_H_t0.5_29.v,gemini,H,0.5,29,1,1,0,"831A2AAAFFC013AD7A18FBBE1F6E6704
",2531,517.472262
completions_gemini/completion_H_t0.5_30.v,gemini,H,0.5,30,1,1,0,"59A09D7E3C44BE4768E49B0E1A0E35A3
",2514,174.735360
completions_gemini/completion_H_t0.5_31.v,gemini,H,0.5,31,1,1,0,"4017ABB0216D7DC490323B2217AC4A40
",2543,NA
completions_gemini/completion_H_t0.5_32.v,gemini,H,0.5,32,1,1,0,"F7176DB018731FC4901E0122179A5840
",2543,NA
completions_gemini/completion_H_t0.5_33.v,gemini,H,0.5,33,0,0,0,NA,NA,NA
completions_gemini/completion_H_t0.5_34.v,gemini,H,0.5,34,1,1,0,"F7176DB018731FC4901E0122179A5840
",2543,NA
completions_gemini/completion_H_t0.5_35.v,gemini,H,0.5,35,1,1,0,"CFABAD916B6C0D31AD222CAE062221EE
",2513,191.987712
completions_gemini/completion_H_t0.5_36.v,gemini,H,0.5,36,1,0,0,NA,NA,NA
completions_gemini/completion_H_t0.5_37.v,gemini,H,0.5,37,1,1,0,"F7176DB018731FC4901E0122179A5840
",2543,NA
completions_gemini/completion_H_t0.5_38.v,gemini,H,0.5,38,1,1,1,"6F0FA9163F92C56027EA4D329455D7D7
",0,191.102976
completions_gemini/completion_H_t0.5_39.v,gemini,H,0.5,39,1,1,0,"F7176DB018731FC4901E0122179A5840
",2543,NA
completions_gemini/completion_H_t0.5_40.v,gemini,H,0.5,40,1,1,0,"F7176DB018731FC4901E0122179A5840
",2543,NA
completions_gemini/completion_H_t0.5_41.v,gemini,H,0.5,41,1,1,1,"6F0FA9163F92C56027EA4D329455D7D7
",0,191.102976
completions_gemini/completion_H_t0.5_42.v,gemini,H,0.5,42,1,0,0,NA,NA,NA
completions_gemini/completion_H_t0.5_43.v,gemini,H,0.5,43,1,0,0,NA,NA,NA
completions_gemini/completion_H_t0.5_44.v,gemini,H,0.5,44,1,1,0,"F7176DB018731FC4901E0122179A5840
",2543,NA
completions_gemini/completion_H_t0.5_45.v,gemini,H,0.5,45,1,1,0,"F1E6FC7BCC808EE03BDEA335D7DE4457
",2549,0.000000
completions_gemini/completion_H_t0.5_46.v,gemini,H,0.5,46,1,1,0,"F7176DB018731FC4901E0122179A5840
",2543,NA
completions_gemini/completion_H_t0.5_47.v,gemini,H,0.5,47,1,0,0,NA,NA,NA
completions_gemini/completion_H_t0.5_48.v,gemini,H,0.5,48,1,1,0,"78D0288087A1BE257FE46538639511D1
",2545,191.102976
completions_gemini/completion_H_t0.5_49.v,gemini,H,0.5,49,1,1,1,"6F0FA9163F92C56027EA4D329455D7D7
",0,191.102976
completions_gemini/completion_H_t0.5_50.v,gemini,H,0.5,50,1,1,0,"8DBCC4BEC825D1D513E630E3685C420B
",2536,192.430080
completions_gemini/completion_H_t0.5_51.v,gemini,H,0.5,51,1,1,0,"F7176DB018731FC4901E0122179A5840
",2543,NA
completions_gemini/completion_H_t0.5_52.v,gemini,H,0.5,52,1,1,0,"40FCABAE216DA04F37D03B42D2AC4AC3
",2534,47.775744
completions_gemini/completion_H_t0.5_53.v,gemini,H,0.5,53,1,1,0,"F7176DB018731FC4901E0122179A5840
",2543,NA
completions_gemini/completion_H_t0.5_54.v,gemini,H,0.5,54,1,1,0,"D854B081CCDE9E4C4343B3B6B393DD7F
",2565,191.102976
completions_gemini/completion_H_t0.5_55.v,gemini,H,0.5,55,1,1,0,"56256FCA8256382DEE0B9091C144883D
",2546,191.102976
completions_gemini/completion_H_t0.5_56.v,gemini,H,0.5,56,1,1,1,"6F0FA9163F92C56027EA4D329455D7D7
",0,191.102976
completions_gemini/completion_H_t0.5_57.v,gemini,H,0.5,57,1,1,0,"51B1720A67E3AD86E61DE1B7235C50A5
",2526,191.102976
completions_gemini/completion_H_t0.5_58.v,gemini,H,0.5,58,1,1,0,"831A2AAAFFC013AD7A18FBBE1F6E6704
",2531,191.102976
completions_gemini/completion_H_t0.5_59.v,gemini,H,0.5,59,1,1,0,"56256FCA8256382DEE0B9091C144883D
",2546,191.102976
completions_gemini/completion_H_t0.5_60.v,gemini,H,0.5,60,1,1,0,"6B7518DBBBD8D942046DD3CA54CC672D
",2536,112.803840
completions_gemini/completion_H_t0.5_61.v,gemini,H,0.5,61,1,1,0,"51B1720A67E3AD86E61DE1B7235C50A5
",2526,191.102976
completions_gemini/completion_H_t0.5_62.v,gemini,H,0.5,62,1,1,0,"FD4D0B26924E9B1526F153F73D034004
",2531,191.102976
completions_gemini/completion_H_t0.5_63.v,gemini,H,0.5,63,1,1,0,"F7176DB018731FC4901E0122179A5840
",2543,NA
completions_gemini/completion_H_t0.5_64.v,gemini,H,0.5,64,1,1,0,"F7176DB018731FC4901E0122179A5840
",2543,NA
completions_gemini/completion_H_t0.5_65.v,gemini,H,0.5,65,1,1,0,"CFABAD916B6C0D31AD222CAE062221EE
",2513,191.102976
completions_gemini/completion_H_t0.5_66.v,gemini,H,0.5,66,1,1,0,"CFABAD916B6C0D31AD222CAE062221EE
",2513,191.102976
completions_gemini/completion_H_t0.5_67.v,gemini,H,0.5,67,1,1,0,"51B1720A67E3AD86E61DE1B7235C50A5
",2526,191.102976
completions_gemini/completion_H_t0.5_68.v,gemini,H,0.5,68,1,1,0,"AB2545FF867FA2226C43090370DF7AB2
",2525,191.987712
completions_gemini/completion_H_t0.5_69.v,gemini,H,0.5,69,1,1,0,"40FC952C2153FB4FD3103B4213AC4ADC
",2518,NA
completions_gemini/completion_H_t0.5_70.v,gemini,H,0.5,70,1,1,0,"56256FCA8256382DEE0B9091C144883D
",2546,191.102976
completions_gemini/completion_H_t0.5_71.v,gemini,H,0.5,71,1,1,0,"FD4D0B26924E9B1526F153F73D034004
",2531,191.102976
completions_gemini/completion_H_t0.5_72.v,gemini,H,0.5,72,1,1,0,"CFABAD916B6C0D31AD222CAE062221EE
",2513,191.102976
completions_gemini/completion_H_t0.5_73.v,gemini,H,0.5,73,1,1,0,"F7176DB018731FC4901E0122179A5840
",2543,NA
completions_gemini/completion_H_t0.5_74.v,gemini,H,0.5,74,1,0,0,NA,NA,NA
completions_gemini/completion_H_t0.5_75.v,gemini,H,0.5,75,1,1,0,"F7176DB018731FC4901E0122179A5840
",2543,NA
completions_gemini/completion_H_t0.5_76.v,gemini,H,0.5,76,1,1,0,"F7176DB018731FC4901E0122179A5840
",2543,NA
completions_gemini/completion_H_t0.5_77.v,gemini,H,0.5,77,1,1,1,"6F0FA9163F92C56027EA4D329455D7D7
",0,191.102976
completions_gemini/completion_H_t0.5_78.v,gemini,H,0.5,78,1,1,0,"F7176DB018731FC4901E0122179A5840
",2543,NA
completions_gemini/completion_H_t0.5_79.v,gemini,H,0.5,79,1,1,0,"831A2AAAFFC013AD7A18FBBE1F6E6704
",2531,191.102976
completions_gemini/completion_H_t0.5_80.v,gemini,H,0.5,80,1,1,0,"5F41CD1E283544A31D86C6B1BBF101C3
",2535,113.688576
completions_gemini/completion_H_t0.5_81.v,gemini,H,0.5,81,1,1,1,"6F0FA9163F92C56027EA4D329455D7D7
",0,191.102976
completions_gemini/completion_H_t0.5_82.v,gemini,H,0.5,82,1,1,1,"6F0FA9163F92C56027EA4D329455D7D7
",0,268.959744
completions_gemini/completion_H_t0.5_83.v,gemini,H,0.5,83,1,1,1,"6F0FA9163F92C56027EA4D329455D7D7
",0,191.102976
completions_gemini/completion_H_t0.5_84.v,gemini,H,0.5,84,1,1,0,"75FF06464C9FAAF7C6FEB5EAA6B30480
",2526,189.775872
completions_gemini/completion_H_t0.5_85.v,gemini,H,0.5,85,1,1,0,"F9A1B6355CE44967BB3BA4A54794C39D
",2538,191.102976
completions_gemini/completion_H_t0.5_86.v,gemini,H,0.5,86,1,1,0,"8DBCC4BEC825D1D513E630E3685C420B
",2536,191.102976
completions_gemini/completion_H_t0.5_87.v,gemini,H,0.5,87,1,1,0,"E8B8F78AC523F4386B47A0AA4FF585CE
",2543,191.102976
completions_gemini/completion_H_t0.5_88.v,gemini,H,0.5,88,1,1,0,"56256FCA8256382DEE0B9091C144883D
",2546,191.102976
completions_gemini/completion_H_t0.5_89.v,gemini,H,0.5,89,1,1,0,"FD4D0B26924E9B1526F153F73D034004
",2531,191.102976
completions_gemini/completion_H_t0.5_90.v,gemini,H,0.5,90,1,1,0,"51B1720A67E3AD86E61DE1B7235C50A5
",2526,191.102976
completions_gemini/completion_H_t0.5_91.v,gemini,H,0.5,91,1,1,0,"F7176DB018731FC4901E0122179A5840
",2543,NA
completions_gemini/completion_H_t0.5_92.v,gemini,H,0.5,92,1,1,0,"51B1720A67E3AD86E61DE1B7235C50A5
",2526,191.102976
completions_gemini/completion_H_t0.5_93.v,gemini,H,0.5,93,1,1,0,"51B1720A67E3AD86E61DE1B7235C50A5
",2526,191.102976
completions_gemini/completion_H_t0.5_94.v,gemini,H,0.5,94,1,1,0,"51B1720A67E3AD86E61DE1B7235C50A5
",2526,191.102976
completions_gemini/completion_H_t0.5_95.v,gemini,H,0.5,95,1,1,1,"6F0FA9163F92C56027EA4D329455D7D7
",0,191.102976
completions_gemini/completion_H_t0.5_96.v,gemini,H,0.5,96,1,1,0,"F7176DB018731FC4901E0122179A5840
",2543,NA
completions_gemini/completion_H_t0.5_97.v,gemini,H,0.5,97,1,1,0,"BFB74343027307FF6624CB9903A87F20
",2533,191.102976
completions_gemini/completion_H_t0.5_98.v,gemini,H,0.5,98,1,1,0,"8F6F3B46E94B30D1FCB8B06973EAC88D
",2537,191.102976
completions_gemini/completion_H_t0.5_99.v,gemini,H,0.5,99,1,1,0,"56256FCA8256382DEE0B9091C144883D
",2546,191.102976
completions_gemini/completion_H_t0.7_0.v,gemini,H,0.7,0,1,1,0,"78D0288087A1BE257FE46538639511D1
",2545,191.102976
completions_gemini/completion_H_t0.7_1.v,gemini,H,0.7,1,1,1,0,"56256FCA8256382DEE0B9091C144883D
",2546,191.102976
completions_gemini/completion_H_t0.7_2.v,gemini,H,0.7,2,1,1,0,"85933E79AEE8A08C6B5E9D01FDFE79D1
",2531,191.102976
completions_gemini/completion_H_t0.7_3.v,gemini,H,0.7,3,1,1,0,"56256FCA8256382DEE0B9091C144883D
",2546,191.102976
completions_gemini/completion_H_t0.7_4.v,gemini,H,0.7,4,1,1,1,"6F0FA9163F92C56027EA4D329455D7D7
",0,205.406208
completions_gemini/completion_H_t0.7_5.v,gemini,H,0.7,5,1,1,0,"8F6F3B46E94B30D1FCB8B06973EAC88D
",2537,191.102976
completions_gemini/completion_H_t0.7_6.v,gemini,H,0.7,6,1,1,0,"8F6F3B46E94B30D1FCB8B06973EAC88D
",2537,191.102976
completions_gemini/completion_H_t0.7_7.v,gemini,H,0.7,7,1,1,0,"51B1720A67E3AD86E61DE1B7235C50A5
",2526,191.102976
completions_gemini/completion_H_t0.7_8.v,gemini,H,0.7,8,0,0,0,NA,NA,NA
completions_gemini/completion_H_t0.7_9.v,gemini,H,0.7,9,1,1,0,"F7176DB018731FC4901E0122179A5840
",2543,NA
completions_gemini/completion_H_t0.7_10.v,gemini,H,0.7,10,1,1,0,"F7176DB018731FC4901E0122179A5840
",2543,NA
completions_gemini/completion_H_t0.7_11.v,gemini,H,0.7,11,1,1,0,"CFABAD916B6C0D31AD222CAE062221EE
",2513,191.102976
completions_gemini/completion_H_t0.7_12.v,gemini,H,0.7,12,1,1,0,"51B1720A67E3AD86E61DE1B7235C50A5
",2526,191.102976
completions_gemini/completion_H_t0.7_13.v,gemini,H,0.7,13,1,1,0,"FD4D0B26924E9B1526F153F73D034004
",2531,191.102976
completions_gemini/completion_H_t0.7_14.v,gemini,H,0.7,14,1,1,0,"F9A1B6355CE44967BB3BA4A54794C39D
",2538,191.102976
completions_gemini/completion_H_t0.7_15.v,gemini,H,0.7,15,1,1,0,"04FEBB454F2727835B93FA57A8E94A01
",2537,191.102976
completions_gemini/completion_H_t0.7_16.v,gemini,H,0.7,16,1,1,0,"831A2AAAFFC013AD7A18FBBE1F6E6704
",2531,191.102976
completions_gemini/completion_H_t0.7_17.v,gemini,H,0.7,17,1,1,0,"E122CF5BE7A424E67E2C9296EF54F07F
",2523,113.393664
completions_gemini/completion_H_t0.7_18.v,gemini,H,0.7,18,1,1,0,"F7176DB018731FC4901E0122179A5840
",2543,NA
completions_gemini/completion_H_t0.7_19.v,gemini,H,0.7,19,1,1,0,"8F6F3B46E94B30D1FCB8B06973EAC88D
",2537,191.102976
completions_gemini/completion_H_t0.7_20.v,gemini,H,0.7,20,1,1,1,"6F0FA9163F92C56027EA4D329455D7D7
",0,191.102976
completions_gemini/completion_H_t0.7_21.v,gemini,H,0.7,21,1,1,1,"6F0FA9163F92C56027EA4D329455D7D7
",0,191.102976
completions_gemini/completion_H_t0.7_22.v,gemini,H,0.7,22,1,1,0,"CFABAD916B6C0D31AD222CAE062221EE
",2513,191.102976
completions_gemini/completion_H_t0.7_23.v,gemini,H,0.7,23,1,1,1,"6F0FA9163F92C56027EA4D329455D7D7
",0,191.102976
completions_gemini/completion_H_t0.7_24.v,gemini,H,0.7,24,1,1,0,"F7176DB018801FC4326E0122EF9A5840
",2545,NA
completions_gemini/completion_H_t0.7_25.v,gemini,H,0.7,25,0,0,0,NA,NA,NA
completions_gemini/completion_H_t0.7_26.v,gemini,H,0.7,26,1,1,0,"8F6F3B46E94B30D1FCB8B06973EAC88D
",2537,191.102976
completions_gemini/completion_H_t0.7_27.v,gemini,H,0.7,27,1,1,0,"F9A1B6355CE44967BB3BA4A54794C39D
",2538,191.102976
completions_gemini/completion_H_t0.7_28.v,gemini,H,0.7,28,1,0,0,NA,NA,NA
completions_gemini/completion_H_t0.7_29.v,gemini,H,0.7,29,1,1,0,"831A2AAAFFC013AD7A18FBBE1F6E6704
",2531,191.102976
completions_gemini/completion_H_t0.7_30.v,gemini,H,0.7,30,1,1,1,"6F0FA9163F92C56027EA4D329455D7D7
",0,191.102976
completions_gemini/completion_H_t0.7_31.v,gemini,H,0.7,31,1,1,0,"56256FCA8256382DEE0B9091C144883D
",2546,191.102976
completions_gemini/completion_H_t0.7_32.v,gemini,H,0.7,32,1,0,0,NA,NA,NA
completions_gemini/completion_H_t0.7_33.v,gemini,H,0.7,33,1,1,0,"F7176DB018731FC4901E0122179A5840
",2543,NA
completions_gemini/completion_H_t0.7_34.v,gemini,H,0.7,34,1,1,0,"56256FCA8256382DEE0B9091C144883D
",2546,191.102976
completions_gemini/completion_H_t0.7_35.v,gemini,H,0.7,35,1,1,0,"E801D097211CFA9A8167FAC8FF4B7872
",2539,134.479872
completions_gemini/completion_H_t0.7_36.v,gemini,H,0.7,36,1,1,0,"51B1720A67E3AD86E61DE1B7235C50A5
",2526,191.102976
completions_gemini/completion_H_t0.7_37.v,gemini,H,0.7,37,1,1,0,"F7176DB018731FC4901E0122179A5840
",2543,NA
completions_gemini/completion_H_t0.7_38.v,gemini,H,0.7,38,1,1,0,"0C597D0D7BE23B57B7C6614EDF7E03C2
",2578,NA
completions_gemini/completion_H_t0.7_39.v,gemini,H,0.7,39,1,1,0,"F9A1B6355CE44967BB3BA4A54794C39D
",2538,191.102976
completions_gemini/completion_H_t0.7_40.v,gemini,H,0.7,40,1,1,0,"831A2AAAFFC013AD7A18FBBE1F6E6704
",2531,191.102976
completions_gemini/completion_H_t0.7_41.v,gemini,H,0.7,41,1,0,0,NA,NA,NA
completions_gemini/completion_H_t0.7_42.v,gemini,H,0.7,42,1,1,0,"F7176DB018731FC4901E0122179A5840
",2543,NA
completions_gemini/completion_H_t0.7_43.v,gemini,H,0.7,43,1,1,0,"F7176DB018731FC4901E0122179A5840
",2543,NA
completions_gemini/completion_H_t0.7_44.v,gemini,H,0.7,44,1,1,0,"9C57517A87E22BD21BC5D54D5D9591FD
",2535,191.250432
completions_gemini/completion_H_t0.7_45.v,gemini,H,0.7,45,1,1,0,"CFABAD916B6C0D31AD222CAE062221EE
",2513,191.102976
completions_gemini/completion_H_t0.7_46.v,gemini,H,0.7,46,1,1,1,"6F0FA9163F92C56027EA4D329455D7D7
",0,191.102976
completions_gemini/completion_H_t0.7_47.v,gemini,H,0.7,47,1,1,0,"40ED50FA39B1D2D3F9019BA0655E3FCB
",2527,191.102976
completions_gemini/completion_H_t0.7_48.v,gemini,H,0.7,48,1,1,0,"A225ABA9681F7DE35A768CC4899B58C3
",2532,49.987584
completions_gemini/completion_H_t0.7_49.v,gemini,H,0.7,49,1,1,0,"56256FCA8256382DEE0B9091C144883D
",2546,191.102976
completions_gemini/completion_H_t0.7_50.v,gemini,H,0.7,50,1,1,1,"6F0FA9163F92C56027EA4D329455D7D7
",0,191.102976
completions_gemini/completion_H_t0.7_51.v,gemini,H,0.7,51,1,0,0,NA,NA,NA
completions_gemini/completion_H_t0.7_52.v,gemini,H,0.7,52,1,1,0,"CFABAD916B6C0D31AD222CAE062221EE
",2513,191.102976
completions_gemini/completion_H_t0.7_53.v,gemini,H,0.7,53,1,1,0,"5ACBAB0494030F0A307DAB140B900A05
",2538,124.010496
completions_gemini/completion_H_t0.7_54.v,gemini,H,0.7,54,1,1,1,"6F0FA9163F92C56027EA4D329455D7D7
",0,191.102976
completions_gemini/completion_H_t0.7_55.v,gemini,H,0.7,55,1,1,0,"40FCAB30216D7DD937323B7F9DAC4A73
",2544,90.243072
completions_gemini/completion_H_t0.7_56.v,gemini,H,0.7,56,1,1,0,"FD4D0B26924E9B1526F153F73D034004
",2531,191.102976
completions_gemini/completion_H_t0.7_57.v,gemini,H,0.7,57,1,1,0,"40FCAB30216D7DD937323B7F9DAC4A73
",2544,90.243072
completions_gemini/completion_H_t0.7_58.v,gemini,H,0.7,58,1,1,0,"56256FCA8256382DEE0B9091C144883D
",2546,191.102976
completions_gemini/completion_H_t0.7_59.v,gemini,H,0.7,59,1,1,1,"6F0FA9163F92C56027EA4D329455D7D7
",0,191.102976
completions_gemini/completion_H_t0.7_60.v,gemini,H,0.7,60,1,1,0,"1488758766F90E616C2DBB1646C034C7
",2526,193.757184
completions_gemini/completion_H_t0.7_61.v,gemini,H,0.7,61,1,1,0,"78D0288087A1BE257FE46538639511D1
",2545,191.102976
completions_gemini/completion_H_t0.7_62.v,gemini,H,0.7,62,1,1,0,"F76DE7FB22979EE0B4C2532F17791595
",2509,NA
completions_gemini/completion_H_t0.7_63.v,gemini,H,0.7,63,1,1,1,"6F0FA9163F92C56027EA4D329455D7D7
",0,191.102976
completions_gemini/completion_H_t0.7_64.v,gemini,H,0.7,64,1,1,0,"04FEBB454F2727835B93FA57A8E94A01
",2537,191.102976
completions_gemini/completion_H_t0.7_65.v,gemini,H,0.7,65,1,0,0,NA,NA,NA
completions_gemini/completion_H_t0.7_66.v,gemini,H,0.7,66,1,1,0,"4ADA49542DA32B89E0EABE75A8E41708
",2561,87.588864
completions_gemini/completion_H_t0.7_67.v,gemini,H,0.7,67,1,1,0,"F7176DB018731FC4901E0122179A5840
",2542,268.369921
completions_gemini/completion_H_t0.7_68.v,gemini,H,0.7,68,1,1,1,"6F0FA9163F92C56027EA4D329455D7D7
",0,192.724992
completions_gemini/completion_H_t0.7_69.v,gemini,H,0.7,69,1,1,0,"51B1720A67E3AD86E61DE1B7235C50A5
",2526,191.102976
completions_gemini/completion_H_t0.7_70.v,gemini,H,0.7,70,1,1,0,"56256FCA8256382DEE0B9091C144883D
",2546,191.102976
completions_gemini/completion_H_t0.7_71.v,gemini,H,0.7,71,1,1,1,"6F0FA9163F92C56027EA4D329455D7D7
",0,191.102976
completions_gemini/completion_H_t0.7_72.v,gemini,H,0.7,72,1,0,0,NA,NA,NA
completions_gemini/completion_H_t0.7_73.v,gemini,H,0.7,73,1,0,0,NA,NA,NA
completions_gemini/completion_H_t0.7_74.v,gemini,H,0.7,74,1,1,0,"7823930E877D090C7F92E685636E73DA
",2550,47.775744
completions_gemini/completion_H_t0.7_75.v,gemini,H,0.7,75,1,1,0,"FB70A6287C596C62995D5ADAAD5AE244
",2553,143.327232
completions_gemini/completion_H_t0.7_76.v,gemini,H,0.7,76,1,1,0,"5421DDCEED4D30F459F5C6690B97D1BA
",2543,134.479872
completions_gemini/completion_H_t0.7_77.v,gemini,H,0.7,77,1,1,0,"8DBCC4BEC825D1D513E630E3685C420B
",2536,191.102976
completions_gemini/completion_H_t0.7_78.v,gemini,H,0.7,78,1,1,0,"CFABAD916B6C0D31AD222CAE062221EE
",2513,191.102976
completions_gemini/completion_H_t0.7_79.v,gemini,H,0.7,79,1,1,0,"04FEBB454F2727835B93FA57A8E94A01
",2537,191.102976
completions_gemini/completion_H_t0.7_80.v,gemini,H,0.7,80,0,0,0,NA,NA,NA
completions_gemini/completion_H_t0.7_81.v,gemini,H,0.7,81,1,1,0,"831A2AAAFFC013AD7A18FBBE1F6E6704
",2531,191.102976
completions_gemini/completion_H_t0.7_82.v,gemini,H,0.7,82,1,1,0,"2C9471E5C56831F58A789A0FAEAEE8D4
",2541,191.250432
completions_gemini/completion_H_t0.7_83.v,gemini,H,0.7,83,1,1,0,"EC57C3F80508506B0F2C12950F1F4925
",2553,258.736131
completions_gemini/completion_H_t0.7_84.v,gemini,H,0.7,84,1,1,0,"40FCABB0216D7DC437323B229DAC4A40
",2540,NA
completions_gemini/completion_H_t0.7_85.v,gemini,H,0.7,85,1,1,0,"56256FCA8256382DEE0B9091C144883D
",2546,191.102976
completions_gemini/completion_H_t0.7_86.v,gemini,H,0.7,86,1,1,0,"F7176DB018731FC4901E0122179A5840
",2543,NA
completions_gemini/completion_H_t0.7_87.v,gemini,H,0.7,87,1,1,0,"F7176DB018731FC4901E0122179A5840
",2543,NA
completions_gemini/completion_H_t0.7_88.v,gemini,H,0.7,88,1,1,0,"38341954851798FF8C338551273EF5A7
",2571,191.102976
completions_gemini/completion_H_t0.7_89.v,gemini,H,0.7,89,1,1,0,"8F6F3B46E94B30D1FCB8B06973EAC88D
",2537,191.102976
completions_gemini/completion_H_t0.7_90.v,gemini,H,0.7,90,1,1,0,"F7176DB018731FC4901E0122179A5840
",2543,NA
completions_gemini/completion_H_t0.7_91.v,gemini,H,0.7,91,1,1,0,"831A2AAAFFC013AD7A18FBBE1F6E6704
",2531,191.102976
completions_gemini/completion_H_t0.7_92.v,gemini,H,0.7,92,1,1,0,"40FC65B0216D5DC4373215229DAC1740
",2545,NA
completions_gemini/completion_H_t0.7_93.v,gemini,H,0.7,93,1,1,0,"E8B8F78AC523F4386B47A0AA4FF585CE
",2543,191.102976
completions_gemini/completion_H_t0.7_94.v,gemini,H,0.7,94,1,1,0,"56F4429496A3D5199A3B969EC1E0FD80
",2534,143.917056
completions_gemini/completion_H_t0.7_95.v,gemini,H,0.7,95,1,1,0,"8F6FB8374533AD47A2353FF2F31D8C15
",2525,47.775744
completions_gemini/completion_H_t0.7_96.v,gemini,H,0.7,96,1,1,1,"6F0FA9163F92C56027EA4D329455D7D7
",0,191.102976
completions_gemini/completion_H_t0.7_97.v,gemini,H,0.7,97,1,1,0,"579BB7085A4D7682B29D2958E7484B41
",2526,177.094656
completions_gemini/completion_H_t0.7_98.v,gemini,H,0.7,98,1,1,0,"9F256C81138B5703898E85924322E03A
",2534,191.102976
completions_gemini/completion_H_t0.7_99.v,gemini,H,0.7,99,1,1,0,"56256FCA8256382DEE0B9091C144883D
",2546,193.904640
completions_gemini/completion_H_t1.0_0.v,gemini,H,1.0,0,1,1,0,"359927A8A65D9B35DD0BEC1D8DDF80C9
",2551,172.081152
completions_gemini/completion_H_t1.0_1.v,gemini,H,1.0,1,1,1,0,"67FF9241DB7883B7037A829A76043E0C
",2531,169.869312
completions_gemini/completion_H_t1.0_2.v,gemini,H,1.0,2,1,1,0,"9F256C81138B5703898E85924322E03A
",2534,191.840256
completions_gemini/completion_H_t1.0_3.v,gemini,H,1.0,3,1,1,0,"04FEBB454F2727835B93FA57A8E94A01
",2537,191.102976
completions_gemini/completion_H_t1.0_4.v,gemini,H,1.0,4,1,1,0,"8F6F3B46E94B30D1FCB8B06973EAC88D
",2537,191.102976
completions_gemini/completion_H_t1.0_5.v,gemini,H,1.0,5,1,1,1,"6F0FA9163F92C56027EA4D329455D7D7
",0,191.102976
completions_gemini/completion_H_t1.0_6.v,gemini,H,1.0,6,1,1,0,"8F6F3B46E94B30D1FCB8B06973EAC88D
",2537,191.102976
completions_gemini/completion_H_t1.0_7.v,gemini,H,1.0,7,1,1,0,"40176DB021731FC4371E01229D9A5840
",2537,NA
completions_gemini/completion_H_t1.0_8.v,gemini,H,1.0,8,1,1,1,"6F0FA9163F92C56027EA4D329455D7D7
",0,191.102976
completions_gemini/completion_H_t1.0_9.v,gemini,H,1.0,9,1,1,0,"51B1720A67E3AD86E61DE1B7235C50A5
",2526,191.102976
completions_gemini/completion_H_t1.0_10.v,gemini,H,1.0,10,1,1,1,"6F0FA9163F92C56027EA4D329455D7D7
",0,191.102976
completions_gemini/completion_H_t1.0_11.v,gemini,H,1.0,11,1,1,1,"6F0FA9163F92C56027EA4D329455D7D7
",0,191.102976
completions_gemini/completion_H_t1.0_12.v,gemini,H,1.0,12,1,1,0,"40FCA325216D591D37323B459DAC4A62
",2546,44.679168
completions_gemini/completion_H_t1.0_13.v,gemini,H,1.0,13,1,1,0,"04FEBB454F2727835B93FA57A8E94A01
",2537,191.102976
completions_gemini/completion_H_t1.0_14.v,gemini,H,1.0,14,1,0,0,NA,NA,NA
completions_gemini/completion_H_t1.0_15.v,gemini,H,1.0,15,1,1,0,"CFABAD916B6C0D31AD222CAE062221EE
",2513,191.102976
completions_gemini/completion_H_t1.0_16.v,gemini,H,1.0,16,1,1,0,"6249F5D74CB92DAF07710804060FABDB
",2518,175.177728
completions_gemini/completion_H_t1.0_17.v,gemini,H,1.0,17,1,1,0,"F7176DB018731FC4901E0122179A5840
",2543,NA
completions_gemini/completion_H_t1.0_18.v,gemini,H,1.0,18,1,1,0,"494CA9821F2D03771454C3FB1B203DCA
",2531,191.250432
completions_gemini/completion_H_t1.0_19.v,gemini,H,1.0,19,1,1,0,"04FEBB454F2727835B93FA57A8E94A01
",2537,191.102976
completions_gemini/completion_H_t1.0_20.v,gemini,H,1.0,20,1,1,1,"6F0FA9163F92C56027EA4D329455D7D7
",0,191.102976
completions_gemini/completion_H_t1.0_21.v,gemini,H,1.0,21,1,1,0,"5F41CD1E283544A31D86C6B1BBF101C3
",2535,113.688576
completions_gemini/completion_H_t1.0_22.v,gemini,H,1.0,22,1,0,0,NA,NA,NA
completions_gemini/completion_H_t1.0_23.v,gemini,H,1.0,23,1,1,0,"5ACBAB0494030F0A307DAB140B900A05
",2538,NA
completions_gemini/completion_H_t1.0_24.v,gemini,H,1.0,24,1,1,0,"56256FCA8256382DEE0B9091C144883D
",2546,191.102976
completions_gemini/completion_H_t1.0_25.v,gemini,H,1.0,25,1,1,0,"1291D0E6D02698247374CA3235F52149
",2563,166.182912
completions_gemini/completion_H_t1.0_26.v,gemini,H,1.0,26,1,1,0,"9F256C81138B5703898E85924322E03A
",2534,191.102976
completions_gemini/completion_H_t1.0_27.v,gemini,H,1.0,27,1,1,0,"51B1720A67E3AD86E61DE1B7235C50A5
",2526,191.102976
completions_gemini/completion_H_t1.0_28.v,gemini,H,1.0,28,1,1,0,"F7176DF318D41FC4901E0122179A5840
",2537,NA
completions_gemini/completion_H_t1.0_29.v,gemini,H,1.0,29,1,1,1,"6F0FA9163F92C56027EA4D329455D7D7
",0,191.102976
completions_gemini/completion_H_t1.0_30.v,gemini,H,1.0,30,1,1,0,"0A3E60902AB50B5D066A25AD89C58E96
",2549,165.150720
completions_gemini/completion_H_t1.0_31.v,gemini,H,1.0,31,1,1,0,"1488758766F90E616C2DBB1646C034C7
",2526,193.757184
completions_gemini/completion_H_t1.0_32.v,gemini,H,1.0,32,1,0,0,NA,NA,NA
completions_gemini/completion_H_t1.0_33.v,gemini,H,1.0,33,1,1,1,"6F0FA9163F92C56027EA4D329455D7D7
",0,191.102976
completions_gemini/completion_H_t1.0_34.v,gemini,H,1.0,34,1,0,0,NA,NA,NA
completions_gemini/completion_H_t1.0_35.v,gemini,H,1.0,35,1,1,0,"FB70A6287C596C62995D5ADAAD5AE244
",2553,143.327232
completions_gemini/completion_H_t1.0_36.v,gemini,H,1.0,36,1,1,0,"1488758766F90E616C2DBB1646C034C7
",2526,193.757184
completions_gemini/completion_H_t1.0_37.v,gemini,H,1.0,37,1,1,0,"5F41CD1E283544A31D86C6B1BBF101C3
",2535,113.688576
completions_gemini/completion_H_t1.0_38.v,gemini,H,1.0,38,1,1,0,"F7176DB018731FC4901E0122179A5840
",2543,NA
completions_gemini/completion_H_t1.0_39.v,gemini,H,1.0,39,1,1,1,"6F0FA9163F92C56027EA4D329455D7D7
",0,191.102976
completions_gemini/completion_H_t1.0_40.v,gemini,H,1.0,40,1,1,1,"6F0FA9163F92C56027EA4D329455D7D7
",0,191.102976
completions_gemini/completion_H_t1.0_41.v,gemini,H,1.0,41,1,1,0,"56256FCA8256382DEE0B9091C144883D
",2546,191.102976
completions_gemini/completion_H_t1.0_42.v,gemini,H,1.0,42,1,1,0,"7823930E877D090C7F92E685636E73DA
",2550,47.775744
completions_gemini/completion_H_t1.0_43.v,gemini,H,1.0,43,1,1,0,"D854B081CCDE9E4C4343B3B6B393DD7F
",2565,191.102976
completions_gemini/completion_H_t1.0_44.v,gemini,H,1.0,44,1,1,1,"6F0FA9163F92C56027EA4D329455D7D7
",0,191.102976
completions_gemini/completion_H_t1.0_45.v,gemini,H,1.0,45,1,1,0,"9B2C0881F445721B325A2D0181CDE05A
",2530,NA
completions_gemini/completion_H_t1.0_46.v,gemini,H,1.0,46,1,1,0,"F7176DB018731FC4901E0122179A5840
",2543,NA
completions_gemini/completion_H_t1.0_47.v,gemini,H,1.0,47,0,0,0,NA,NA,NA
completions_gemini/completion_H_t1.0_48.v,gemini,H,1.0,48,1,1,0,"F7176DB018731FC4901E0122179A5840
",2543,NA
completions_gemini/completion_H_t1.0_49.v,gemini,H,1.0,49,1,1,0,"51B1720A67E3AD86E61DE1B7235C50A5
",2526,191.102976
completions_gemini/completion_H_t1.0_50.v,gemini,H,1.0,50,1,1,0,"C8BF317825EDEAE400D8FCDCEA7BCC8B
",2534,241.434626
completions_gemini/completion_H_t1.0_51.v,gemini,H,1.0,51,1,1,0,"8F6F3B46E94B30D1FCB8B06973EAC88D
",2537,191.102976
completions_gemini/completion_H_t1.0_52.v,gemini,H,1.0,52,1,1,1,"6F0FA9163F92C56027EA4D329455D7D7
",0,191.102976
completions_gemini/completion_H_t1.0_53.v,gemini,H,1.0,53,1,1,0,"5421DDCEED4D30F459F5C6690B97D1BA
",2543,134.479872
completions_gemini/completion_H_t1.0_54.v,gemini,H,1.0,54,1,1,0,"40FCABB0216D7DC437323B229DAC4A40
",2540,NA
completions_gemini/completion_H_t1.0_55.v,gemini,H,1.0,55,1,1,0,"04FEBB454F2727835B93FA57A8E94A01
",2537,191.102976
completions_gemini/completion_H_t1.0_56.v,gemini,H,1.0,56,1,1,0,"40FCABAE216DA04F37D03B42D2AC4AC3
",2534,47.775744
completions_gemini/completion_H_t1.0_57.v,gemini,H,1.0,57,1,0,0,NA,NA,NA
completions_gemini/completion_H_t1.0_58.v,gemini,H,1.0,58,0,0,0,NA,NA,NA
completions_gemini/completion_H_t1.0_59.v,gemini,H,1.0,59,1,1,0,"F7176DB018731FC4901E0122179A5840
",2543,NA
completions_gemini/completion_H_t1.0_60.v,gemini,H,1.0,60,1,1,0,"51B1720A67E3AD86E61DE1B7235C50A5
",2526,191.102976
completions_gemini/completion_H_t1.0_61.v,gemini,H,1.0,61,1,1,1,"6F0FA9163F92C56027EA4D329455D7D7
",0,191.102976
completions_gemini/completion_H_t1.0_62.v,gemini,H,1.0,62,1,1,0,"F9A1B6355CE44967BB3BA4A54794C39D
",2538,191.102976
completions_gemini/completion_H_t1.0_63.v,gemini,H,1.0,63,1,1,0,"F7176DB018731FC4901E0122179A5840
",2543,NA
completions_gemini/completion_H_t1.0_64.v,gemini,H,1.0,64,1,1,0,"F9A1B6355CE44967BB3BA4A54794C39D
",2538,191.102976
completions_gemini/completion_H_t1.0_65.v,gemini,H,1.0,65,1,1,1,"6F0FA9163F92C56027EA4D329455D7D7
",0,191.102976
completions_gemini/completion_H_t1.0_66.v,gemini,H,1.0,66,1,1,0,"831A2AAAFFC013AD7A18FBBE1F6E6704
",2531,191.102976
completions_gemini/completion_H_t1.0_67.v,gemini,H,1.0,67,1,1,0,"F7176DB018731FC4901E0122179A5840
",2543,NA
completions_gemini/completion_H_t1.0_68.v,gemini,H,1.0,68,0,0,0,NA,NA,NA
completions_gemini/completion_H_t1.0_69.v,gemini,H,1.0,69,1,1,1,"6F0FA9163F92C56027EA4D329455D7D7
",0,191.102976
completions_gemini/completion_H_t1.0_70.v,gemini,H,1.0,70,1,1,0,"F7176DB018731FC4901E0122179A5840
",2543,NA
completions_gemini/completion_H_t1.0_71.v,gemini,H,1.0,71,1,1,0,"FD4D0B26924E9B1526F153F73D034004
",2531,191.102976
completions_gemini/completion_H_t1.0_72.v,gemini,H,1.0,72,1,1,0,"831A2AAAFFC013AD7A18FBBE1F6E6704
",2531,191.102976
completions_gemini/completion_H_t1.0_73.v,gemini,H,1.0,73,1,1,0,"CFABAD916B6C0D31AD222CAE062221EE
",2513,191.102976
completions_gemini/completion_H_t1.0_74.v,gemini,H,1.0,74,1,1,0,"56256FCA8256382DEE0B9091C144883D
",2546,191.102976
completions_gemini/completion_H_t1.0_75.v,gemini,H,1.0,75,1,1,0,"E8B8F78AC523F4386B47A0AA4FF585CE
",2543,191.102976
completions_gemini/completion_H_t1.0_76.v,gemini,H,1.0,76,1,1,1,"6F0FA9163F92C56027EA4D329455D7D7
",0,191.102976
completions_gemini/completion_H_t1.0_77.v,gemini,H,1.0,77,1,1,1,"6F0FA9163F92C56027EA4D329455D7D7
",0,191.102976
completions_gemini/completion_H_t1.0_78.v,gemini,H,1.0,78,1,1,0,"F7176DB018731FC4901E0122179A5840
",2543,NA
completions_gemini/completion_H_t1.0_79.v,gemini,H,1.0,79,1,1,1,"6F0FA9163F92C56027EA4D329455D7D7
",0,191.102976
completions_gemini/completion_H_t1.0_80.v,gemini,H,1.0,80,1,1,0,"F7176DB018731FC4901E0122179A5840
",2543,NA
completions_gemini/completion_H_t1.0_81.v,gemini,H,1.0,81,1,1,0,"3F0DC96FE55B80ADC61CEF34A9E81FCE
",2539,152.174592
completions_gemini/completion_H_t1.0_82.v,gemini,H,1.0,82,1,1,1,"6F0FA9163F92C56027EA4D329455D7D7
",0,191.102976
completions_gemini/completion_H_t1.0_83.v,gemini,H,1.0,83,1,1,1,"6F0FA9163F92C56027EA4D329455D7D7
",0,191.102976
completions_gemini/completion_H_t1.0_84.v,gemini,H,1.0,84,1,1,1,"6F0FA9163F92C56027EA4D329455D7D7
",0,191.102976
completions_gemini/completion_H_t1.0_85.v,gemini,H,1.0,85,1,1,0,"8F6F3B46E94B30D1FCB8B06973EAC88D
",2537,191.102976
completions_gemini/completion_H_t1.0_86.v,gemini,H,1.0,86,1,1,1,"6F0FA9163F92C56027EA4D329455D7D7
",0,191.102976
completions_gemini/completion_H_t1.0_87.v,gemini,H,1.0,87,1,1,1,"6F0FA9163F92C56027EA4D329455D7D7
",0,191.102976
completions_gemini/completion_H_t1.0_88.v,gemini,H,1.0,88,1,1,1,"6F0FA9163F92C56027EA4D329455D7D7
",0,191.102976
completions_gemini/completion_H_t1.0_89.v,gemini,H,1.0,89,1,1,0,"551014C63C7AF2ABD108DE12806F9991
",2533,146.866176
completions_gemini/completion_H_t1.0_90.v,gemini,H,1.0,90,1,1,1,"6F0FA9163F92C56027EA4D329455D7D7
",0,191.102976
completions_gemini/completion_H_t1.0_91.v,gemini,H,1.0,91,1,0,0,NA,NA,NA
completions_gemini/completion_H_t1.0_92.v,gemini,H,1.0,92,1,1,0,"E8B8F78AC523F4386B47A0AA4FF585CE
",2543,191.102976
completions_gemini/completion_H_t1.0_93.v,gemini,H,1.0,93,1,0,0,NA,NA,NA
completions_gemini/completion_H_t1.0_94.v,gemini,H,1.0,94,1,1,1,"6F0FA9163F92C56027EA4D329455D7D7
",0,192.577536
completions_gemini/completion_H_t1.0_95.v,gemini,H,1.0,95,1,1,1,"6F0FA9163F92C56027EA4D329455D7D7
",0,191.102976
completions_gemini/completion_H_t1.0_96.v,gemini,H,1.0,96,1,1,0,"E8B8F78AC523F4386B47A0AA4FF585CE
",2543,191.102976
completions_gemini/completion_H_t1.0_97.v,gemini,H,1.0,97,1,1,0,"F9A1B6355CE44967BB3BA4A54794C39D
",2538,191.102976
completions_gemini/completion_H_t1.0_98.v,gemini,H,1.0,98,1,1,0,"F7176DB018731FC4901E0122179A5840
",2543,NA
completions_gemini/completion_H_t1.0_99.v,gemini,H,1.0,99,1,1,0,"F7176DB018731FC4901E0122179A5840
",2543,223.346689
completions_llm/completion_H_t0.1_0.v,llm,H,0.1,0,0,0,0,NA,NA,NA
completions_llm/completion_H_t0.1_1.v,llm,H,0.1,1,0,0,0,NA,NA,NA
completions_llm/completion_H_t0.1_10.v,llm,H,0.1,10,0,0,0,NA,NA,NA
completions_llm/completion_H_t0.1_11.v,llm,H,0.1,11,1,1,0,"F7176DB018731FC4901E0122179A5840
",2543,0.000000
completions_llm/completion_H_t0.1_12.v,llm,H,0.1,12,0,0,0,NA,NA,NA
completions_llm/completion_H_t0.1_13.v,llm,H,0.1,13,0,0,0,NA,NA,NA
completions_llm/completion_H_t0.1_14.v,llm,H,0.1,14,1,1,0,"F7176DB018731FC4901E0122179A5840
",2543,0.000000
completions_llm/completion_H_t0.1_15.v,llm,H,0.1,15,0,0,0,NA,NA,NA
completions_llm/completion_H_t0.1_16.v,llm,H,0.1,16,0,0,0,NA,NA,NA
completions_llm/completion_H_t0.1_17.v,llm,H,0.1,17,0,0,0,NA,NA,NA
completions_llm/completion_H_t0.1_18.v,llm,H,0.1,18,0,0,0,NA,NA,NA
completions_llm/completion_H_t0.1_19.v,llm,H,0.1,19,0,0,0,NA,NA,NA
completions_llm/completion_H_t0.1_2.v,llm,H,0.1,2,0,0,0,NA,NA,NA
completions_llm/completion_H_t0.1_20.v,llm,H,0.1,20,0,0,0,NA,NA,NA
completions_llm/completion_H_t0.1_21.v,llm,H,0.1,21,0,0,0,NA,NA,NA
completions_llm/completion_H_t0.1_22.v,llm,H,0.1,22,0,0,0,NA,NA,NA
completions_llm/completion_H_t0.1_23.v,llm,H,0.1,23,0,0,0,NA,NA,NA
completions_llm/completion_H_t0.1_24.v,llm,H,0.1,24,0,0,0,NA,NA,NA
completions_llm/completion_H_t0.1_25.v,llm,H,0.1,25,0,0,0,NA,NA,NA
completions_llm/completion_H_t0.1_26.v,llm,H,0.1,26,0,0,0,NA,NA,NA
completions_llm/completion_H_t0.1_27.v,llm,H,0.1,27,0,0,0,NA,NA,NA
completions_llm/completion_H_t0.1_28.v,llm,H,0.1,28,0,0,0,NA,NA,NA
completions_llm/completion_H_t0.1_29.v,llm,H,0.1,29,0,0,0,NA,NA,NA
completions_llm/completion_H_t0.1_3.v,llm,H,0.1,3,0,0,0,NA,NA,NA
completions_llm/completion_H_t0.1_30.v,llm,H,0.1,30,0,0,0,NA,NA,NA
completions_llm/completion_H_t0.1_31.v,llm,H,0.1,31,0,0,0,NA,NA,NA
completions_llm/completion_H_t0.1_32.v,llm,H,0.1,32,0,0,0,NA,NA,NA
completions_llm/completion_H_t0.1_33.v,llm,H,0.1,33,0,0,0,NA,NA,NA
completions_llm/completion_H_t0.1_34.v,llm,H,0.1,34,0,0,0,NA,NA,NA
completions_llm/completion_H_t0.1_35.v,llm,H,0.1,35,0,0,0,NA,NA,NA
completions_llm/completion_H_t0.1_36.v,llm,H,0.1,36,0,0,0,NA,NA,NA
completions_llm/completion_H_t0.1_37.v,llm,H,0.1,37,0,0,0,NA,NA,NA
completions_llm/completion_H_t0.1_38.v,llm,H,0.1,38,0,0,0,NA,NA,NA
completions_llm/completion_H_t0.1_39.v,llm,H,0.1,39,0,0,0,NA,NA,NA
completions_llm/completion_H_t0.1_4.v,llm,H,0.1,4,0,0,0,NA,NA,NA
completions_llm/completion_H_t0.1_40.v,llm,H,0.1,40,0,0,0,NA,NA,NA
completions_llm/completion_H_t0.1_41.v,llm,H,0.1,41,0,0,0,NA,NA,NA
completions_llm/completion_H_t0.1_42.v,llm,H,0.1,42,0,0,0,NA,NA,NA
completions_llm/completion_H_t0.1_43.v,llm,H,0.1,43,0,0,0,NA,NA,NA
completions_llm/completion_H_t0.1_44.v,llm,H,0.1,44,0,0,0,NA,NA,NA
completions_llm/completion_H_t0.1_45.v,llm,H,0.1,45,0,0,0,NA,NA,NA
completions_llm/completion_H_t0.1_46.v,llm,H,0.1,46,0,0,0,NA,NA,NA
completions_llm/completion_H_t0.1_47.v,llm,H,0.1,47,0,0,0,NA,NA,NA
completions_llm/completion_H_t0.1_48.v,llm,H,0.1,48,0,0,0,NA,NA,NA
completions_llm/completion_H_t0.1_49.v,llm,H,0.1,49,1,1,0,"F7176DB018731FC4901E0122179A5840
",2543,0.000000
completions_llm/completion_H_t0.1_5.v,llm,H,0.1,5,0,0,0,NA,NA,NA
completions_llm/completion_H_t0.1_50.v,llm,H,0.1,50,0,0,0,NA,NA,NA
completions_llm/completion_H_t0.1_51.v,llm,H,0.1,51,0,0,0,NA,NA,NA
completions_llm/completion_H_t0.1_52.v,llm,H,0.1,52,0,0,0,NA,NA,NA
completions_llm/completion_H_t0.1_53.v,llm,H,0.1,53,1,1,0,"20395735D94FC33C8F6C5C6960A0C610
",2517,0.000000
completions_llm/completion_H_t0.1_54.v,llm,H,0.1,54,0,0,0,NA,NA,NA
completions_llm/completion_H_t0.1_55.v,llm,H,0.1,55,0,0,0,NA,NA,NA
completions_llm/completion_H_t0.1_56.v,llm,H,0.1,56,0,0,0,NA,NA,NA
completions_llm/completion_H_t0.1_57.v,llm,H,0.1,57,0,0,0,NA,NA,NA
completions_llm/completion_H_t0.1_58.v,llm,H,0.1,58,0,0,0,NA,NA,NA
completions_llm/completion_H_t0.1_59.v,llm,H,0.1,59,0,0,0,NA,NA,NA
completions_llm/completion_H_t0.1_6.v,llm,H,0.1,6,0,0,0,NA,NA,NA
completions_llm/completion_H_t0.1_60.v,llm,H,0.1,60,0,0,0,NA,NA,NA
completions_llm/completion_H_t0.1_61.v,llm,H,0.1,61,0,0,0,NA,NA,NA
completions_llm/completion_H_t0.1_62.v,llm,H,0.1,62,0,0,0,NA,NA,NA
completions_llm/completion_H_t0.1_63.v,llm,H,0.1,63,1,1,0,"F7176DB018731FC4901E0122179A5840
",2543,0.000000
completions_llm/completion_H_t0.1_64.v,llm,H,0.1,64,0,0,0,NA,NA,NA
completions_llm/completion_H_t0.1_65.v,llm,H,0.1,65,0,0,0,NA,NA,NA
completions_llm/completion_H_t0.1_66.v,llm,H,0.1,66,0,0,0,NA,NA,NA
completions_llm/completion_H_t0.1_67.v,llm,H,0.1,67,0,0,0,NA,NA,NA
completions_llm/completion_H_t0.1_68.v,llm,H,0.1,68,0,0,0,NA,NA,NA
completions_llm/completion_H_t0.1_69.v,llm,H,0.1,69,0,0,0,NA,NA,NA
completions_llm/completion_H_t0.1_7.v,llm,H,0.1,7,0,0,0,NA,NA,NA
completions_llm/completion_H_t0.1_70.v,llm,H,0.1,70,0,0,0,NA,NA,NA
completions_llm/completion_H_t0.1_71.v,llm,H,0.1,71,0,0,0,NA,NA,NA
completions_llm/completion_H_t0.1_72.v,llm,H,0.1,72,0,0,0,NA,NA,NA
completions_llm/completion_H_t0.1_73.v,llm,H,0.1,73,0,0,0,NA,NA,NA
completions_llm/completion_H_t0.1_74.v,llm,H,0.1,74,0,0,0,NA,NA,NA
completions_llm/completion_H_t0.1_75.v,llm,H,0.1,75,0,0,0,NA,NA,NA
completions_llm/completion_H_t0.1_76.v,llm,H,0.1,76,0,0,0,NA,NA,NA
completions_llm/completion_H_t0.1_77.v,llm,H,0.1,77,0,0,0,NA,NA,NA
completions_llm/completion_H_t0.1_78.v,llm,H,0.1,78,0,0,0,NA,NA,NA
completions_llm/completion_H_t0.1_79.v,llm,H,0.1,79,0,0,0,NA,NA,NA
completions_llm/completion_H_t0.1_8.v,llm,H,0.1,8,0,0,0,NA,NA,NA
completions_llm/completion_H_t0.1_80.v,llm,H,0.1,80,0,0,0,NA,NA,NA
completions_llm/completion_H_t0.1_81.v,llm,H,0.1,81,0,0,0,NA,NA,NA
completions_llm/completion_H_t0.1_82.v,llm,H,0.1,82,0,0,0,NA,NA,NA
completions_llm/completion_H_t0.1_83.v,llm,H,0.1,83,0,0,0,NA,NA,NA
completions_llm/completion_H_t0.1_84.v,llm,H,0.1,84,0,0,0,NA,NA,NA
completions_llm/completion_H_t0.1_85.v,llm,H,0.1,85,0,0,0,NA,NA,NA
completions_llm/completion_H_t0.1_86.v,llm,H,0.1,86,0,0,0,NA,NA,NA
completions_llm/completion_H_t0.1_87.v,llm,H,0.1,87,0,0,0,NA,NA,NA
completions_llm/completion_H_t0.1_88.v,llm,H,0.1,88,0,0,0,NA,NA,NA
completions_llm/completion_H_t0.1_89.v,llm,H,0.1,89,0,0,0,NA,NA,NA
completions_llm/completion_H_t0.1_9.v,llm,H,0.1,9,0,0,0,NA,NA,NA
completions_llm/completion_H_t0.1_90.v,llm,H,0.1,90,0,0,0,NA,NA,NA
completions_llm/completion_H_t0.1_91.v,llm,H,0.1,91,0,0,0,NA,NA,NA
completions_llm/completion_H_t0.1_92.v,llm,H,0.1,92,0,0,0,NA,NA,NA
completions_llm/completion_H_t0.1_93.v,llm,H,0.1,93,0,0,0,NA,NA,NA
completions_llm/completion_H_t0.1_94.v,llm,H,0.1,94,0,0,0,NA,NA,NA
completions_llm/completion_H_t0.1_95.v,llm,H,0.1,95,0,0,0,NA,NA,NA
completions_llm/completion_H_t0.1_96.v,llm,H,0.1,96,0,0,0,NA,NA,NA
completions_llm/completion_H_t0.1_97.v,llm,H,0.1,97,0,0,0,NA,NA,NA
completions_llm/completion_H_t0.1_98.v,llm,H,0.1,98,0,0,0,NA,NA,NA
completions_llm/completion_H_t0.1_99.v,llm,H,0.1,99,0,0,0,NA,NA,NA
completions_llm/completion_H_t0.3_0.v,llm,H,0.3,0,0,0,0,NA,NA,NA
completions_llm/completion_H_t0.3_1.v,llm,H,0.3,1,1,1,0,"F7176DB018731FC4901E0122179A5840
",2543,0.000000
completions_llm/completion_H_t0.3_10.v,llm,H,0.3,10,0,0,0,NA,NA,NA
completions_llm/completion_H_t0.3_11.v,llm,H,0.3,11,0,0,0,NA,NA,NA
completions_llm/completion_H_t0.3_12.v,llm,H,0.3,12,0,0,0,NA,NA,NA
completions_llm/completion_H_t0.3_13.v,llm,H,0.3,13,0,0,0,NA,NA,NA
completions_llm/completion_H_t0.3_14.v,llm,H,0.3,14,0,0,0,NA,NA,NA
completions_llm/completion_H_t0.3_15.v,llm,H,0.3,15,1,1,0,"BD590357BD16E00BA8A6D1206047CCDA
",2515,0.000000
completions_llm/completion_H_t0.3_16.v,llm,H,0.3,16,0,0,0,NA,NA,NA
completions_llm/completion_H_t0.3_17.v,llm,H,0.3,17,1,1,0,"F7176DB018731FC4901E0122179A5840
",2543,0.000000
completions_llm/completion_H_t0.3_18.v,llm,H,0.3,18,0,0,0,NA,NA,NA
completions_llm/completion_H_t0.3_19.v,llm,H,0.3,19,0,0,0,NA,NA,NA
completions_llm/completion_H_t0.3_2.v,llm,H,0.3,2,0,0,0,NA,NA,NA
completions_llm/completion_H_t0.3_20.v,llm,H,0.3,20,0,0,0,NA,NA,NA
completions_llm/completion_H_t0.3_21.v,llm,H,0.3,21,0,0,0,NA,NA,NA
completions_llm/completion_H_t0.3_22.v,llm,H,0.3,22,1,1,0,"20395735D94FC33C8F6C5C6960A0C610
",2517,0.000000
completions_llm/completion_H_t0.3_23.v,llm,H,0.3,23,0,0,0,NA,NA,NA
completions_llm/completion_H_t0.3_24.v,llm,H,0.3,24,0,0,0,NA,NA,NA
completions_llm/completion_H_t0.3_25.v,llm,H,0.3,25,1,1,0,"F7176DB018731FC4901E0122179A5840
",2543,0.000000
completions_llm/completion_H_t0.3_26.v,llm,H,0.3,26,1,1,0,"20395735D94FC33C8F6C5C6960A0C610
",2517,0.000000
completions_llm/completion_H_t0.3_27.v,llm,H,0.3,27,0,0,0,NA,NA,NA
completions_llm/completion_H_t0.3_28.v,llm,H,0.3,28,0,0,0,NA,NA,NA
completions_llm/completion_H_t0.3_29.v,llm,H,0.3,29,0,0,0,NA,NA,NA
completions_llm/completion_H_t0.3_3.v,llm,H,0.3,3,0,0,0,NA,NA,NA
completions_llm/completion_H_t0.3_30.v,llm,H,0.3,30,0,0,0,NA,NA,NA
completions_llm/completion_H_t0.3_31.v,llm,H,0.3,31,0,0,0,NA,NA,NA
completions_llm/completion_H_t0.3_32.v,llm,H,0.3,32,0,0,0,NA,NA,NA
completions_llm/completion_H_t0.3_33.v,llm,H,0.3,33,1,1,0,"F7176DB018731FC4901E0122179A5840
",2543,0.000000
completions_llm/completion_H_t0.3_34.v,llm,H,0.3,34,0,0,0,NA,NA,NA
completions_llm/completion_H_t0.3_35.v,llm,H,0.3,35,0,0,0,NA,NA,NA
completions_llm/completion_H_t0.3_36.v,llm,H,0.3,36,0,0,0,NA,NA,NA
completions_llm/completion_H_t0.3_37.v,llm,H,0.3,37,0,0,0,NA,NA,NA
completions_llm/completion_H_t0.3_38.v,llm,H,0.3,38,0,0,0,NA,NA,NA
completions_llm/completion_H_t0.3_39.v,llm,H,0.3,39,0,0,0,NA,NA,NA
completions_llm/completion_H_t0.3_4.v,llm,H,0.3,4,1,1,0,"F7176DB018731FC4901E0122179A5840
",2543,0.000000
completions_llm/completion_H_t0.3_40.v,llm,H,0.3,40,0,0,0,NA,NA,NA
completions_llm/completion_H_t0.3_41.v,llm,H,0.3,41,0,0,0,NA,NA,NA
completions_llm/completion_H_t0.3_42.v,llm,H,0.3,42,0,0,0,NA,NA,NA
completions_llm/completion_H_t0.3_43.v,llm,H,0.3,43,0,0,0,NA,NA,NA
completions_llm/completion_H_t0.3_44.v,llm,H,0.3,44,0,0,0,NA,NA,NA
completions_llm/completion_H_t0.3_45.v,llm,H,0.3,45,0,0,0,NA,NA,NA
completions_llm/completion_H_t0.3_46.v,llm,H,0.3,46,1,0,0,NA,NA,NA
completions_llm/completion_H_t0.3_47.v,llm,H,0.3,47,0,0,0,NA,NA,NA
completions_llm/completion_H_t0.3_48.v,llm,H,0.3,48,0,0,0,NA,NA,NA
completions_llm/completion_H_t0.3_49.v,llm,H,0.3,49,0,0,0,NA,NA,NA
completions_llm/completion_H_t0.3_5.v,llm,H,0.3,5,1,1,0,"BC0CD249157A5482DB972FF7AFC340AB
",2524,NA
completions_llm/completion_H_t0.3_50.v,llm,H,0.3,50,0,0,0,NA,NA,NA
completions_llm/completion_H_t0.3_51.v,llm,H,0.3,51,1,1,0,"20395735D94FC33C8F6C5C6960A0C610
",2517,0.000000
completions_llm/completion_H_t0.3_52.v,llm,H,0.3,52,0,0,0,NA,NA,NA
completions_llm/completion_H_t0.3_53.v,llm,H,0.3,53,0,0,0,NA,NA,NA
completions_llm/completion_H_t0.3_54.v,llm,H,0.3,54,0,0,0,NA,NA,NA
completions_llm/completion_H_t0.3_55.v,llm,H,0.3,55,0,0,0,NA,NA,NA
completions_llm/completion_H_t0.3_56.v,llm,H,0.3,56,0,0,0,NA,NA,NA
completions_llm/completion_H_t0.3_57.v,llm,H,0.3,57,0,0,0,NA,NA,NA
completions_llm/completion_H_t0.3_58.v,llm,H,0.3,58,0,0,0,NA,NA,NA
completions_llm/completion_H_t0.3_59.v,llm,H,0.3,59,0,0,0,NA,NA,NA
completions_llm/completion_H_t0.3_6.v,llm,H,0.3,6,0,0,0,NA,NA,NA
completions_llm/completion_H_t0.3_60.v,llm,H,0.3,60,0,0,0,NA,NA,NA
completions_llm/completion_H_t0.3_61.v,llm,H,0.3,61,0,0,0,NA,NA,NA
completions_llm/completion_H_t0.3_62.v,llm,H,0.3,62,0,0,0,NA,NA,NA
completions_llm/completion_H_t0.3_63.v,llm,H,0.3,63,1,1,0,"F7176DB018731FC4901E0122179A5840
",2543,0.000000
completions_llm/completion_H_t0.3_64.v,llm,H,0.3,64,0,0,0,NA,NA,NA
completions_llm/completion_H_t0.3_65.v,llm,H,0.3,65,0,0,0,NA,NA,NA
completions_llm/completion_H_t0.3_66.v,llm,H,0.3,66,0,0,0,NA,NA,NA
completions_llm/completion_H_t0.3_67.v,llm,H,0.3,67,0,0,0,NA,NA,NA
completions_llm/completion_H_t0.3_68.v,llm,H,0.3,68,0,0,0,NA,NA,NA
completions_llm/completion_H_t0.3_69.v,llm,H,0.3,69,1,1,0,"F7176DB018731FC4901E0122179A5840
",2543,0.000000
completions_llm/completion_H_t0.3_7.v,llm,H,0.3,7,0,0,0,NA,NA,NA
completions_llm/completion_H_t0.3_70.v,llm,H,0.3,70,0,0,0,NA,NA,NA
completions_llm/completion_H_t0.3_71.v,llm,H,0.3,71,0,0,0,NA,NA,NA
completions_llm/completion_H_t0.3_72.v,llm,H,0.3,72,0,0,0,NA,NA,NA
completions_llm/completion_H_t0.3_73.v,llm,H,0.3,73,0,0,0,NA,NA,NA
completions_llm/completion_H_t0.3_74.v,llm,H,0.3,74,1,1,0,"20395735D94FC33C8F6C5C6960A0C610
",2517,0.000000
completions_llm/completion_H_t0.3_75.v,llm,H,0.3,75,0,0,0,NA,NA,NA
completions_llm/completion_H_t0.3_76.v,llm,H,0.3,76,0,0,0,NA,NA,NA
completions_llm/completion_H_t0.3_77.v,llm,H,0.3,77,0,0,0,NA,NA,NA
completions_llm/completion_H_t0.3_78.v,llm,H,0.3,78,0,0,0,NA,NA,NA
completions_llm/completion_H_t0.3_79.v,llm,H,0.3,79,0,0,0,NA,NA,NA
completions_llm/completion_H_t0.3_8.v,llm,H,0.3,8,0,0,0,NA,NA,NA
completions_llm/completion_H_t0.3_80.v,llm,H,0.3,80,0,0,0,NA,NA,NA
completions_llm/completion_H_t0.3_81.v,llm,H,0.3,81,0,0,0,NA,NA,NA
completions_llm/completion_H_t0.3_82.v,llm,H,0.3,82,0,0,0,NA,NA,NA
completions_llm/completion_H_t0.3_83.v,llm,H,0.3,83,0,0,0,NA,NA,NA
completions_llm/completion_H_t0.3_84.v,llm,H,0.3,84,0,0,0,NA,NA,NA
completions_llm/completion_H_t0.3_85.v,llm,H,0.3,85,1,1,0,"20395735D94FC33C8F6C5C6960A0C610
",2517,0.000000
completions_llm/completion_H_t0.3_86.v,llm,H,0.3,86,1,1,0,"20395735D94FC33C8F6C5C6960A0C610
",2517,0.000000
completions_llm/completion_H_t0.3_87.v,llm,H,0.3,87,1,1,0,"F7176DB018731FC4901E0122179A5840
",2543,0.000000
completions_llm/completion_H_t0.3_88.v,llm,H,0.3,88,0,0,0,NA,NA,NA
completions_llm/completion_H_t0.3_89.v,llm,H,0.3,89,0,0,0,NA,NA,NA
completions_llm/completion_H_t0.3_9.v,llm,H,0.3,9,1,1,0,"F7176DB018731FC4901E0122179A5840
",2543,0.000000
completions_llm/completion_H_t0.3_90.v,llm,H,0.3,90,0,0,0,NA,NA,NA
completions_llm/completion_H_t0.3_91.v,llm,H,0.3,91,0,0,0,NA,NA,NA
completions_llm/completion_H_t0.3_92.v,llm,H,0.3,92,0,0,0,NA,NA,NA
completions_llm/completion_H_t0.3_93.v,llm,H,0.3,93,0,0,0,NA,NA,NA
completions_llm/completion_H_t0.3_94.v,llm,H,0.3,94,0,0,0,NA,NA,NA
completions_llm/completion_H_t0.3_95.v,llm,H,0.3,95,0,0,0,NA,NA,NA
completions_llm/completion_H_t0.3_96.v,llm,H,0.3,96,1,1,0,"20395735D94FC33C8F6C5C6960A0C610
",2517,0.000000
completions_llm/completion_H_t0.3_97.v,llm,H,0.3,97,0,0,0,NA,NA,NA
completions_llm/completion_H_t0.3_98.v,llm,H,0.3,98,0,0,0,NA,NA,NA
completions_llm/completion_H_t0.3_99.v,llm,H,0.3,99,0,0,0,NA,NA,NA
completions_llm/completion_H_t0.5_0.v,llm,H,0.5,0,0,0,0,NA,NA,NA
completions_llm/completion_H_t0.5_1.v,llm,H,0.5,1,0,0,0,NA,NA,NA
completions_llm/completion_H_t0.5_10.v,llm,H,0.5,10,0,0,0,NA,NA,NA
completions_llm/completion_H_t0.5_11.v,llm,H,0.5,11,1,1,0,"BD590357BD16E00BA8A6D1206047CCDA
",2515,0.000000
completions_llm/completion_H_t0.5_12.v,llm,H,0.5,12,0,0,0,NA,NA,NA
completions_llm/completion_H_t0.5_13.v,llm,H,0.5,13,1,0,0,NA,NA,NA
completions_llm/completion_H_t0.5_14.v,llm,H,0.5,14,0,0,0,NA,NA,NA
completions_llm/completion_H_t0.5_15.v,llm,H,0.5,15,0,0,0,NA,NA,NA
completions_llm/completion_H_t0.5_16.v,llm,H,0.5,16,0,0,0,NA,NA,NA
completions_llm/completion_H_t0.5_17.v,llm,H,0.5,17,0,0,0,NA,NA,NA
completions_llm/completion_H_t0.5_18.v,llm,H,0.5,18,0,0,0,NA,NA,NA
completions_llm/completion_H_t0.5_19.v,llm,H,0.5,19,0,0,0,NA,NA,NA
completions_llm/completion_H_t0.5_2.v,llm,H,0.5,2,0,0,0,NA,NA,NA
completions_llm/completion_H_t0.5_20.v,llm,H,0.5,20,0,0,0,NA,NA,NA
completions_llm/completion_H_t0.5_21.v,llm,H,0.5,21,0,0,0,NA,NA,NA
completions_llm/completion_H_t0.5_22.v,llm,H,0.5,22,0,0,0,NA,NA,NA
completions_llm/completion_H_t0.5_23.v,llm,H,0.5,23,1,0,0,NA,NA,NA
completions_llm/completion_H_t0.5_24.v,llm,H,0.5,24,0,0,0,NA,NA,NA
completions_llm/completion_H_t0.5_25.v,llm,H,0.5,25,1,1,0,"F7176DB018731FC4901E0122179A5840
",2543,0.000000
completions_llm/completion_H_t0.5_26.v,llm,H,0.5,26,1,1,0,"18F16DB0E7731F73901EFB2217475840
",2542,0.000000
completions_llm/completion_H_t0.5_27.v,llm,H,0.5,27,0,0,0,NA,NA,NA
completions_llm/completion_H_t0.5_28.v,llm,H,0.5,28,1,1,0,"F79962A9CCE57DC48F32019E9D9A68E4
",2567,NA
completions_llm/completion_H_t0.5_29.v,llm,H,0.5,29,0,0,0,NA,NA,NA
completions_llm/completion_H_t0.5_3.v,llm,H,0.5,3,0,0,0,NA,NA,NA
completions_llm/completion_H_t0.5_30.v,llm,H,0.5,30,0,0,0,NA,NA,NA
completions_llm/completion_H_t0.5_31.v,llm,H,0.5,31,0,0,0,NA,NA,NA
completions_llm/completion_H_t0.5_32.v,llm,H,0.5,32,0,0,0,NA,NA,NA
completions_llm/completion_H_t0.5_33.v,llm,H,0.5,33,0,0,0,NA,NA,NA
completions_llm/completion_H_t0.5_34.v,llm,H,0.5,34,1,1,0,"F7176DB018731FC4901E0122179A5840
",2543,0.000000
completions_llm/completion_H_t0.5_35.v,llm,H,0.5,35,1,1,0,"F7176DB018731FC4901E0122179A5840
",2543,0.000000
completions_llm/completion_H_t0.5_36.v,llm,H,0.5,36,0,0,0,NA,NA,NA
completions_llm/completion_H_t0.5_37.v,llm,H,0.5,37,0,0,0,NA,NA,NA
completions_llm/completion_H_t0.5_38.v,llm,H,0.5,38,0,0,0,NA,NA,NA
completions_llm/completion_H_t0.5_39.v,llm,H,0.5,39,1,1,0,"20395735D94FC33C8F6C5C6960A0C610
",2517,0.000000
completions_llm/completion_H_t0.5_4.v,llm,H,0.5,4,0,0,0,NA,NA,NA
completions_llm/completion_H_t0.5_40.v,llm,H,0.5,40,0,0,0,NA,NA,NA
completions_llm/completion_H_t0.5_41.v,llm,H,0.5,41,0,0,0,NA,NA,NA
completions_llm/completion_H_t0.5_42.v,llm,H,0.5,42,0,0,0,NA,NA,NA
completions_llm/completion_H_t0.5_43.v,llm,H,0.5,43,0,0,0,NA,NA,NA
completions_llm/completion_H_t0.5_44.v,llm,H,0.5,44,0,0,0,NA,NA,NA
completions_llm/completion_H_t0.5_45.v,llm,H,0.5,45,1,0,0,NA,NA,NA
completions_llm/completion_H_t0.5_46.v,llm,H,0.5,46,0,0,0,NA,NA,NA
completions_llm/completion_H_t0.5_47.v,llm,H,0.5,47,0,0,0,NA,NA,NA
completions_llm/completion_H_t0.5_48.v,llm,H,0.5,48,0,0,0,NA,NA,NA
completions_llm/completion_H_t0.5_49.v,llm,H,0.5,49,0,0,0,NA,NA,NA
completions_llm/completion_H_t0.5_5.v,llm,H,0.5,5,0,0,0,NA,NA,NA
completions_llm/completion_H_t0.5_50.v,llm,H,0.5,50,0,0,0,NA,NA,NA
completions_llm/completion_H_t0.5_51.v,llm,H,0.5,51,0,0,0,NA,NA,NA
completions_llm/completion_H_t0.5_52.v,llm,H,0.5,52,0,0,0,NA,NA,NA
completions_llm/completion_H_t0.5_53.v,llm,H,0.5,53,0,0,0,NA,NA,NA
completions_llm/completion_H_t0.5_54.v,llm,H,0.5,54,0,0,0,NA,NA,NA
completions_llm/completion_H_t0.5_55.v,llm,H,0.5,55,1,1,0,"F7176DB018731FC4901E0122179A5840
",2543,0.000000
completions_llm/completion_H_t0.5_56.v,llm,H,0.5,56,0,0,0,NA,NA,NA
completions_llm/completion_H_t0.5_57.v,llm,H,0.5,57,0,0,0,NA,NA,NA
completions_llm/completion_H_t0.5_58.v,llm,H,0.5,58,1,1,0,"204C57F1D9EDA3D38FF15CF99CE443F4
",2548,0.000000
completions_llm/completion_H_t0.5_59.v,llm,H,0.5,59,0,0,0,NA,NA,NA
completions_llm/completion_H_t0.5_6.v,llm,H,0.5,6,0,0,0,NA,NA,NA
completions_llm/completion_H_t0.5_60.v,llm,H,0.5,60,1,1,0,"20395735D94FC33C8F6C5C6960A0C610
",2517,0.000000
completions_llm/completion_H_t0.5_61.v,llm,H,0.5,61,0,0,0,NA,NA,NA
completions_llm/completion_H_t0.5_62.v,llm,H,0.5,62,1,0,0,NA,NA,NA
completions_llm/completion_H_t0.5_63.v,llm,H,0.5,63,1,1,0,"20395735D94FC33C8F6C5C6960A0C610
",2517,0.000000
completions_llm/completion_H_t0.5_64.v,llm,H,0.5,64,0,0,0,NA,NA,NA
completions_llm/completion_H_t0.5_65.v,llm,H,0.5,65,0,0,0,NA,NA,NA
completions_llm/completion_H_t0.5_66.v,llm,H,0.5,66,0,0,0,NA,NA,NA
completions_llm/completion_H_t0.5_67.v,llm,H,0.5,67,0,0,0,NA,NA,NA
completions_llm/completion_H_t0.5_68.v,llm,H,0.5,68,0,0,0,NA,NA,NA
completions_llm/completion_H_t0.5_69.v,llm,H,0.5,69,1,1,0,"DFA63630CCB3FB397DF50DA7E3A3CC0C
",2510,0.000000
completions_llm/completion_H_t0.5_7.v,llm,H,0.5,7,0,0,0,NA,NA,NA
completions_llm/completion_H_t0.5_70.v,llm,H,0.5,70,1,1,0,"700B5FF863ED80BED97C8C177C8C583F
",2547,28.311552
completions_llm/completion_H_t0.5_71.v,llm,H,0.5,71,0,0,0,NA,NA,NA
completions_llm/completion_H_t0.5_72.v,llm,H,0.5,72,0,0,0,NA,NA,NA
completions_llm/completion_H_t0.5_73.v,llm,H,0.5,73,1,1,0,"20395735D94FC33C8F6C5C6960A0C610
",2517,0.000000
completions_llm/completion_H_t0.5_74.v,llm,H,0.5,74,0,0,0,NA,NA,NA
completions_llm/completion_H_t0.5_75.v,llm,H,0.5,75,0,0,0,NA,NA,NA
completions_llm/completion_H_t0.5_76.v,llm,H,0.5,76,0,0,0,NA,NA,NA
completions_llm/completion_H_t0.5_77.v,llm,H,0.5,77,1,1,0,"F7176DB018731FC4901E0122179A5840
",2543,0.000000
completions_llm/completion_H_t0.5_78.v,llm,H,0.5,78,0,0,0,NA,NA,NA
completions_llm/completion_H_t0.5_79.v,llm,H,0.5,79,0,0,0,NA,NA,NA
completions_llm/completion_H_t0.5_8.v,llm,H,0.5,8,0,0,0,NA,NA,NA
completions_llm/completion_H_t0.5_80.v,llm,H,0.5,80,0,0,0,NA,NA,NA
completions_llm/completion_H_t0.5_81.v,llm,H,0.5,81,1,1,0,"F7176DB018731FC4901E0122179A5840
",2543,0.000000
completions_llm/completion_H_t0.5_82.v,llm,H,0.5,82,0,0,0,NA,NA,NA
completions_llm/completion_H_t0.5_83.v,llm,H,0.5,83,0,0,0,NA,NA,NA
completions_llm/completion_H_t0.5_84.v,llm,H,0.5,84,0,0,0,NA,NA,NA
completions_llm/completion_H_t0.5_85.v,llm,H,0.5,85,0,0,0,NA,NA,NA
completions_llm/completion_H_t0.5_86.v,llm,H,0.5,86,0,0,0,NA,NA,NA
completions_llm/completion_H_t0.5_87.v,llm,H,0.5,87,0,0,0,NA,NA,NA
completions_llm/completion_H_t0.5_88.v,llm,H,0.5,88,0,0,0,NA,NA,NA
completions_llm/completion_H_t0.5_89.v,llm,H,0.5,89,1,1,0,"F7176DB018731FC4901E0122179A5840
",2543,NA
completions_llm/completion_H_t0.5_9.v,llm,H,0.5,9,0,0,0,NA,NA,NA
completions_llm/completion_H_t0.5_90.v,llm,H,0.5,90,1,1,0,"253FE54433C4D6714D954ACECCF7BFB5
",2539,42.467328
completions_llm/completion_H_t0.5_91.v,llm,H,0.5,91,0,0,0,NA,NA,NA
completions_llm/completion_H_t0.5_92.v,llm,H,0.5,92,1,1,0,"F7176DB018731FC4901E0122179A5840
",2543,0.000000
completions_llm/completion_H_t0.5_93.v,llm,H,0.5,93,1,1,0,"F7176DB018731FC4901E0122179A5840
",2543,NA
completions_llm/completion_H_t0.5_94.v,llm,H,0.5,94,0,0,0,NA,NA,NA
completions_llm/completion_H_t0.5_95.v,llm,H,0.5,95,0,0,0,NA,NA,NA
completions_llm/completion_H_t0.5_96.v,llm,H,0.5,96,0,0,0,NA,NA,NA
completions_llm/completion_H_t0.5_97.v,llm,H,0.5,97,0,0,0,NA,NA,NA
completions_llm/completion_H_t0.5_98.v,llm,H,0.5,98,0,0,0,NA,NA,NA
completions_llm/completion_H_t0.5_99.v,llm,H,0.5,99,0,0,0,NA,NA,NA
completions_llm/completion_H_t0.7_0.v,llm,H,0.7,0,0,0,0,NA,NA,NA
completions_llm/completion_H_t0.7_1.v,llm,H,0.7,1,0,0,0,NA,NA,NA
completions_llm/completion_H_t0.7_10.v,llm,H,0.7,10,0,0,0,NA,NA,NA
completions_llm/completion_H_t0.7_11.v,llm,H,0.7,11,0,0,0,NA,NA,NA
completions_llm/completion_H_t0.7_12.v,llm,H,0.7,12,0,0,0,NA,NA,NA
completions_llm/completion_H_t0.7_13.v,llm,H,0.7,13,0,0,0,NA,NA,NA
completions_llm/completion_H_t0.7_14.v,llm,H,0.7,14,0,0,0,NA,NA,NA
completions_llm/completion_H_t0.7_15.v,llm,H,0.7,15,1,1,0,"7EC7195718EF870B901EF0FB1788B9DA
",2535,0.000000
completions_llm/completion_H_t0.7_16.v,llm,H,0.7,16,0,0,0,NA,NA,NA
completions_llm/completion_H_t0.7_17.v,llm,H,0.7,17,0,0,0,NA,NA,NA
completions_llm/completion_H_t0.7_18.v,llm,H,0.7,18,0,0,0,NA,NA,NA
completions_llm/completion_H_t0.7_19.v,llm,H,0.7,19,0,0,0,NA,NA,NA
completions_llm/completion_H_t0.7_2.v,llm,H,0.7,2,0,0,0,NA,NA,NA
completions_llm/completion_H_t0.7_20.v,llm,H,0.7,20,0,0,0,NA,NA,NA
completions_llm/completion_H_t0.7_21.v,llm,H,0.7,21,1,0,0,NA,NA,NA
completions_llm/completion_H_t0.7_22.v,llm,H,0.7,22,0,0,0,NA,NA,NA
completions_llm/completion_H_t0.7_23.v,llm,H,0.7,23,0,0,0,NA,NA,NA
completions_llm/completion_H_t0.7_24.v,llm,H,0.7,24,0,0,0,NA,NA,NA
completions_llm/completion_H_t0.7_25.v,llm,H,0.7,25,1,1,0,"40FCABA9216D7D4F37323B429DAC4AC3
",2537,0.000000
completions_llm/completion_H_t0.7_26.v,llm,H,0.7,26,1,1,0,"F7176DB018731FC4901E0122179A5840
",2542,NA
completions_llm/completion_H_t0.7_27.v,llm,H,0.7,27,0,0,0,NA,NA,NA
completions_llm/completion_H_t0.7_28.v,llm,H,0.7,28,0,0,0,NA,NA,NA
completions_llm/completion_H_t0.7_29.v,llm,H,0.7,29,0,0,0,NA,NA,NA
completions_llm/completion_H_t0.7_3.v,llm,H,0.7,3,0,0,0,NA,NA,NA
completions_llm/completion_H_t0.7_30.v,llm,H,0.7,30,0,0,0,NA,NA,NA
completions_llm/completion_H_t0.7_31.v,llm,H,0.7,31,0,0,0,NA,NA,NA
completions_llm/completion_H_t0.7_32.v,llm,H,0.7,32,0,0,0,NA,NA,NA
completions_llm/completion_H_t0.7_33.v,llm,H,0.7,33,0,0,0,NA,NA,NA
completions_llm/completion_H_t0.7_34.v,llm,H,0.7,34,1,1,0,"40FCABC2216D3E4F370F3B42C5AC4AC3
",2540,28.311552
completions_llm/completion_H_t0.7_35.v,llm,H,0.7,35,1,0,0,NA,NA,NA
completions_llm/completion_H_t0.7_36.v,llm,H,0.7,36,1,1,0,"F7176DB018731FC4901E0122179A5840
",2543,0.000000
completions_llm/completion_H_t0.7_37.v,llm,H,0.7,37,0,0,0,NA,NA,NA
completions_llm/completion_H_t0.7_38.v,llm,H,0.7,38,0,0,0,NA,NA,NA
completions_llm/completion_H_t0.7_39.v,llm,H,0.7,39,1,1,0,"BDA11957F116870BA8A6F0FB6047B9DA
",2523,0.000000
completions_llm/completion_H_t0.7_4.v,llm,H,0.7,4,0,0,0,NA,NA,NA
completions_llm/completion_H_t0.7_40.v,llm,H,0.7,40,0,0,0,NA,NA,NA
completions_llm/completion_H_t0.7_41.v,llm,H,0.7,41,1,1,0,"20395735D94FC33C8F6C5C6960A0C610
",2517,0.000000
completions_llm/completion_H_t0.7_42.v,llm,H,0.7,42,0,0,0,NA,NA,NA
completions_llm/completion_H_t0.7_43.v,llm,H,0.7,43,1,1,0,"F7176DB018731FC4901E0122179A5840
",2543,NA
completions_llm/completion_H_t0.7_44.v,llm,H,0.7,44,0,0,0,NA,NA,NA
completions_llm/completion_H_t0.7_45.v,llm,H,0.7,45,0,0,0,NA,NA,NA
completions_llm/completion_H_t0.7_46.v,llm,H,0.7,46,0,0,0,NA,NA,NA
completions_llm/completion_H_t0.7_47.v,llm,H,0.7,47,0,0,0,NA,NA,NA
completions_llm/completion_H_t0.7_48.v,llm,H,0.7,48,1,1,0,"BC0CD249157A5482DB972FF7AFC340AB
",2524,42.467328
completions_llm/completion_H_t0.7_49.v,llm,H,0.7,49,1,1,0,"55EF3DA920057DA47B32DD459D966847
",2513,42.467328
completions_llm/completion_H_t0.7_5.v,llm,H,0.7,5,0,0,0,NA,NA,NA
completions_llm/completion_H_t0.7_50.v,llm,H,0.7,50,0,0,0,NA,NA,NA
completions_llm/completion_H_t0.7_51.v,llm,H,0.7,51,1,1,0,"20395735D94FC33C8F6C5C6960A0C610
",2517,0.000000
completions_llm/completion_H_t0.7_52.v,llm,H,0.7,52,0,0,0,NA,NA,NA
completions_llm/completion_H_t0.7_53.v,llm,H,0.7,53,0,0,0,NA,NA,NA
completions_llm/completion_H_t0.7_54.v,llm,H,0.7,54,0,0,0,NA,NA,NA
completions_llm/completion_H_t0.7_55.v,llm,H,0.7,55,1,1,0,"40FCAB00216DAA4F37323B429DAC4AC3
",2527,0.000000
completions_llm/completion_H_t0.7_56.v,llm,H,0.7,56,1,0,0,NA,NA,NA
completions_llm/completion_H_t0.7_57.v,llm,H,0.7,57,0,0,0,NA,NA,NA
completions_llm/completion_H_t0.7_58.v,llm,H,0.7,58,0,0,0,NA,NA,NA
completions_llm/completion_H_t0.7_59.v,llm,H,0.7,59,0,0,0,NA,NA,NA
completions_llm/completion_H_t0.7_6.v,llm,H,0.7,6,0,0,0,NA,NA,NA
completions_llm/completion_H_t0.7_60.v,llm,H,0.7,60,1,0,0,NA,NA,NA
completions_llm/completion_H_t0.7_61.v,llm,H,0.7,61,1,0,0,NA,NA,NA
completions_llm/completion_H_t0.7_62.v,llm,H,0.7,62,0,0,0,NA,NA,NA
completions_llm/completion_H_t0.7_63.v,llm,H,0.7,63,0,0,0,NA,NA,NA
completions_llm/completion_H_t0.7_64.v,llm,H,0.7,64,0,0,0,NA,NA,NA
completions_llm/completion_H_t0.7_65.v,llm,H,0.7,65,0,0,0,NA,NA,NA
completions_llm/completion_H_t0.7_66.v,llm,H,0.7,66,0,0,0,NA,NA,NA
completions_llm/completion_H_t0.7_67.v,llm,H,0.7,67,0,0,0,NA,NA,NA
completions_llm/completion_H_t0.7_68.v,llm,H,0.7,68,1,1,0,"20395735D94FC33C8F6C5C6960A0C610
",2517,0.000000
completions_llm/completion_H_t0.7_69.v,llm,H,0.7,69,1,1,0,"F7176DB018731FC4901E0122179A5840
",2543,0.000000
completions_llm/completion_H_t0.7_7.v,llm,H,0.7,7,0,0,0,NA,NA,NA
completions_llm/completion_H_t0.7_70.v,llm,H,0.7,70,0,0,0,NA,NA,NA
completions_llm/completion_H_t0.7_71.v,llm,H,0.7,71,0,0,0,NA,NA,NA
completions_llm/completion_H_t0.7_72.v,llm,H,0.7,72,0,0,0,NA,NA,NA
completions_llm/completion_H_t0.7_73.v,llm,H,0.7,73,0,0,0,NA,NA,NA
completions_llm/completion_H_t0.7_74.v,llm,H,0.7,74,1,1,0,"F7176DB018731FC4901E0122179A5840
",2543,0.000000
completions_llm/completion_H_t0.7_75.v,llm,H,0.7,75,0,0,0,NA,NA,NA
completions_llm/completion_H_t0.7_76.v,llm,H,0.7,76,0,0,0,NA,NA,NA
completions_llm/completion_H_t0.7_77.v,llm,H,0.7,77,0,0,0,NA,NA,NA
completions_llm/completion_H_t0.7_78.v,llm,H,0.7,78,1,1,0,"20395735D94FC33C8F6C5C6960A0C610
",2517,0.000000
completions_llm/completion_H_t0.7_79.v,llm,H,0.7,79,0,0,0,NA,NA,NA
completions_llm/completion_H_t0.7_8.v,llm,H,0.7,8,1,1,0,"20395735D94FC33C8F6C5C6960A0C610
",2517,0.000000
completions_llm/completion_H_t0.7_80.v,llm,H,0.7,80,1,1,0,"40FCABE7216D574F37053B4263AC4AC3
",2528,0.442368
completions_llm/completion_H_t0.7_81.v,llm,H,0.7,81,0,0,0,NA,NA,NA
completions_llm/completion_H_t0.7_82.v,llm,H,0.7,82,0,0,0,NA,NA,NA
completions_llm/completion_H_t0.7_83.v,llm,H,0.7,83,0,0,0,NA,NA,NA
completions_llm/completion_H_t0.7_84.v,llm,H,0.7,84,0,0,0,NA,NA,NA
completions_llm/completion_H_t0.7_85.v,llm,H,0.7,85,1,1,0,"F7176DB018731FC4901E0122179A5840
",2543,0.000000
completions_llm/completion_H_t0.7_86.v,llm,H,0.7,86,0,0,0,NA,NA,NA
completions_llm/completion_H_t0.7_87.v,llm,H,0.7,87,0,0,0,NA,NA,NA
completions_llm/completion_H_t0.7_88.v,llm,H,0.7,88,0,0,0,NA,NA,NA
completions_llm/completion_H_t0.7_89.v,llm,H,0.7,89,0,0,0,NA,NA,NA
completions_llm/completion_H_t0.7_9.v,llm,H,0.7,9,0,0,0,NA,NA,NA
completions_llm/completion_H_t0.7_90.v,llm,H,0.7,90,0,0,0,NA,NA,NA
completions_llm/completion_H_t0.7_91.v,llm,H,0.7,91,0,0,0,NA,NA,NA
completions_llm/completion_H_t0.7_92.v,llm,H,0.7,92,0,0,0,NA,NA,NA
completions_llm/completion_H_t0.7_93.v,llm,H,0.7,93,0,0,0,NA,NA,NA
completions_llm/completion_H_t0.7_94.v,llm,H,0.7,94,0,0,0,NA,NA,NA
completions_llm/completion_H_t0.7_95.v,llm,H,0.7,95,0,0,0,NA,NA,NA
completions_llm/completion_H_t0.7_96.v,llm,H,0.7,96,0,0,0,NA,NA,NA
completions_llm/completion_H_t0.7_97.v,llm,H,0.7,97,0,0,0,NA,NA,NA
completions_llm/completion_H_t0.7_98.v,llm,H,0.7,98,0,0,0,NA,NA,NA
completions_llm/completion_H_t0.7_99.v,llm,H,0.7,99,0,0,0,NA,NA,NA
completions_llm/completion_H_t1.0_0.v,llm,H,1.0,0,0,0,0,NA,NA,NA
completions_llm/completion_H_t1.0_1.v,llm,H,1.0,1,0,0,0,NA,NA,NA
completions_llm/completion_H_t1.0_10.v,llm,H,1.0,10,0,0,0,NA,NA,NA
completions_llm/completion_H_t1.0_11.v,llm,H,1.0,11,0,0,0,NA,NA,NA
completions_llm/completion_H_t1.0_12.v,llm,H,1.0,12,0,0,0,NA,NA,NA
completions_llm/completion_H_t1.0_13.v,llm,H,1.0,13,0,0,0,NA,NA,NA
completions_llm/completion_H_t1.0_14.v,llm,H,1.0,14,0,0,0,NA,NA,NA
completions_llm/completion_H_t1.0_15.v,llm,H,1.0,15,0,0,0,NA,NA,NA
completions_llm/completion_H_t1.0_16.v,llm,H,1.0,16,0,0,0,NA,NA,NA
completions_llm/completion_H_t1.0_17.v,llm,H,1.0,17,1,1,0,"F7176DB018731FC4901E0122179A5840
",2543,0.000000
completions_llm/completion_H_t1.0_18.v,llm,H,1.0,18,0,0,0,NA,NA,NA
completions_llm/completion_H_t1.0_19.v,llm,H,1.0,19,1,0,0,NA,NA,NA
completions_llm/completion_H_t1.0_2.v,llm,H,1.0,2,0,0,0,NA,NA,NA
completions_llm/completion_H_t1.0_20.v,llm,H,1.0,20,0,0,0,NA,NA,NA
completions_llm/completion_H_t1.0_21.v,llm,H,1.0,21,0,0,0,NA,NA,NA
completions_llm/completion_H_t1.0_22.v,llm,H,1.0,22,0,0,0,NA,NA,NA
completions_llm/completion_H_t1.0_23.v,llm,H,1.0,23,0,0,0,NA,NA,NA
completions_llm/completion_H_t1.0_24.v,llm,H,1.0,24,0,0,0,NA,NA,NA
completions_llm/completion_H_t1.0_25.v,llm,H,1.0,25,1,1,0,"F7176DB018731FC4901E0122179A5840
",2543,0.000000
completions_llm/completion_H_t1.0_26.v,llm,H,1.0,26,0,0,0,NA,NA,NA
completions_llm/completion_H_t1.0_27.v,llm,H,1.0,27,1,1,0,"F7176DB018731FC4901E0122179A5840
",2543,0.000000
completions_llm/completion_H_t1.0_28.v,llm,H,1.0,28,0,0,0,NA,NA,NA
completions_llm/completion_H_t1.0_29.v,llm,H,1.0,29,0,0,0,NA,NA,NA
completions_llm/completion_H_t1.0_3.v,llm,H,1.0,3,1,1,0,"F7176D4E18738CC490F40122B79A5840
",2543,2.654208
completions_llm/completion_H_t1.0_30.v,llm,H,1.0,30,0,0,0,NA,NA,NA
completions_llm/completion_H_t1.0_31.v,llm,H,1.0,31,0,0,0,NA,NA,NA
completions_llm/completion_H_t1.0_32.v,llm,H,1.0,32,0,0,0,NA,NA,NA
completions_llm/completion_H_t1.0_33.v,llm,H,1.0,33,0,0,0,NA,NA,NA
completions_llm/completion_H_t1.0_34.v,llm,H,1.0,34,0,0,0,NA,NA,NA
completions_llm/completion_H_t1.0_35.v,llm,H,1.0,35,0,0,0,NA,NA,NA
completions_llm/completion_H_t1.0_36.v,llm,H,1.0,36,0,0,0,NA,NA,NA
completions_llm/completion_H_t1.0_37.v,llm,H,1.0,37,0,0,0,NA,NA,NA
completions_llm/completion_H_t1.0_38.v,llm,H,1.0,38,0,0,0,NA,NA,NA
completions_llm/completion_H_t1.0_39.v,llm,H,1.0,39,1,1,0,"F7176DB018731FC4901E0122179A5840
",2543,0.000000
completions_llm/completion_H_t1.0_4.v,llm,H,1.0,4,1,0,0,NA,NA,NA
completions_llm/completion_H_t1.0_40.v,llm,H,1.0,40,0,0,0,NA,NA,NA
completions_llm/completion_H_t1.0_41.v,llm,H,1.0,41,0,0,0,NA,NA,NA
completions_llm/completion_H_t1.0_42.v,llm,H,1.0,42,0,0,0,NA,NA,NA
completions_llm/completion_H_t1.0_43.v,llm,H,1.0,43,0,0,0,NA,NA,NA
completions_llm/completion_H_t1.0_44.v,llm,H,1.0,44,1,1,0,"20395735D94FC33C8F6C5C6960A0C610
",2517,0.000000
completions_llm/completion_H_t1.0_45.v,llm,H,1.0,45,0,0,0,NA,NA,NA
completions_llm/completion_H_t1.0_46.v,llm,H,1.0,46,0,0,0,NA,NA,NA
completions_llm/completion_H_t1.0_47.v,llm,H,1.0,47,0,0,0,NA,NA,NA
completions_llm/completion_H_t1.0_48.v,llm,H,1.0,48,0,0,0,NA,NA,NA
completions_llm/completion_H_t1.0_49.v,llm,H,1.0,49,0,0,0,NA,NA,NA
completions_llm/completion_H_t1.0_5.v,llm,H,1.0,5,0,0,0,NA,NA,NA
completions_llm/completion_H_t1.0_50.v,llm,H,1.0,50,0,0,0,NA,NA,NA
completions_llm/completion_H_t1.0_51.v,llm,H,1.0,51,0,0,0,NA,NA,NA
completions_llm/completion_H_t1.0_52.v,llm,H,1.0,52,0,0,0,NA,NA,NA
completions_llm/completion_H_t1.0_53.v,llm,H,1.0,53,0,0,0,NA,NA,NA
completions_llm/completion_H_t1.0_54.v,llm,H,1.0,54,0,0,0,NA,NA,NA
completions_llm/completion_H_t1.0_55.v,llm,H,1.0,55,0,0,0,NA,NA,NA
completions_llm/completion_H_t1.0_56.v,llm,H,1.0,56,0,0,0,NA,NA,NA
completions_llm/completion_H_t1.0_57.v,llm,H,1.0,57,0,0,0,NA,NA,NA
completions_llm/completion_H_t1.0_58.v,llm,H,1.0,58,0,0,0,NA,NA,NA
completions_llm/completion_H_t1.0_59.v,llm,H,1.0,59,0,0,0,NA,NA,NA
completions_llm/completion_H_t1.0_6.v,llm,H,1.0,6,0,0,0,NA,NA,NA
completions_llm/completion_H_t1.0_60.v,llm,H,1.0,60,0,0,0,NA,NA,NA
completions_llm/completion_H_t1.0_61.v,llm,H,1.0,61,0,0,0,NA,NA,NA
completions_llm/completion_H_t1.0_62.v,llm,H,1.0,62,0,0,0,NA,NA,NA
completions_llm/completion_H_t1.0_63.v,llm,H,1.0,63,0,0,0,NA,NA,NA
completions_llm/completion_H_t1.0_64.v,llm,H,1.0,64,0,0,0,NA,NA,NA
completions_llm/completion_H_t1.0_65.v,llm,H,1.0,65,0,0,0,NA,NA,NA
completions_llm/completion_H_t1.0_66.v,llm,H,1.0,66,0,0,0,NA,NA,NA
completions_llm/completion_H_t1.0_67.v,llm,H,1.0,67,0,0,0,NA,NA,NA
completions_llm/completion_H_t1.0_68.v,llm,H,1.0,68,1,1,0,"686984150DB536AD0F4AF0FB9447B989
",2529,0.000000
completions_llm/completion_H_t1.0_69.v,llm,H,1.0,69,0,0,0,NA,NA,NA
completions_llm/completion_H_t1.0_7.v,llm,H,1.0,7,1,1,0,"40FCABB0216D1F4F371E3B4217AC4AC3
",2518,0.000000
completions_llm/completion_H_t1.0_70.v,llm,H,1.0,70,1,1,0,"20BD57A9D9E57D7E8F325C439DB73B9C
",2531,0.000000
completions_llm/completion_H_t1.0_71.v,llm,H,1.0,71,0,0,0,NA,NA,NA
completions_llm/completion_H_t1.0_72.v,llm,H,1.0,72,1,0,0,NA,NA,NA
completions_llm/completion_H_t1.0_73.v,llm,H,1.0,73,0,0,0,NA,NA,NA
completions_llm/completion_H_t1.0_74.v,llm,H,1.0,74,0,0,0,NA,NA,NA
completions_llm/completion_H_t1.0_75.v,llm,H,1.0,75,1,1,0,NA,0,0.000000
completions_llm/completion_H_t1.0_76.v,llm,H,1.0,76,0,0,0,NA,NA,NA
completions_llm/completion_H_t1.0_77.v,llm,H,1.0,77,0,0,0,NA,NA,NA
completions_llm/completion_H_t1.0_78.v,llm,H,1.0,78,0,0,0,NA,NA,NA
completions_llm/completion_H_t1.0_79.v,llm,H,1.0,79,0,0,0,NA,NA,NA
completions_llm/completion_H_t1.0_8.v,llm,H,1.0,8,0,0,0,NA,NA,NA
completions_llm/completion_H_t1.0_80.v,llm,H,1.0,80,0,0,0,NA,NA,NA
completions_llm/completion_H_t1.0_81.v,llm,H,1.0,81,1,0,0,NA,NA,NA
completions_llm/completion_H_t1.0_82.v,llm,H,1.0,82,0,0,0,NA,NA,NA
completions_llm/completion_H_t1.0_83.v,llm,H,1.0,83,0,0,0,NA,NA,NA
completions_llm/completion_H_t1.0_84.v,llm,H,1.0,84,0,0,0,NA,NA,NA
completions_llm/completion_H_t1.0_85.v,llm,H,1.0,85,0,0,0,NA,NA,NA
completions_llm/completion_H_t1.0_86.v,llm,H,1.0,86,0,0,0,NA,NA,NA
completions_llm/completion_H_t1.0_87.v,llm,H,1.0,87,0,0,0,NA,NA,NA
completions_llm/completion_H_t1.0_88.v,llm,H,1.0,88,1,1,0,"7EFC6C7C217980937DE55C429D594AC7
",2531,0.000000
completions_llm/completion_H_t1.0_89.v,llm,H,1.0,89,0,0,0,NA,NA,NA
completions_llm/completion_H_t1.0_9.v,llm,H,1.0,9,0,0,0,NA,NA,NA
completions_llm/completion_H_t1.0_90.v,llm,H,1.0,90,0,0,0,NA,NA,NA
completions_llm/completion_H_t1.0_91.v,llm,H,1.0,91,0,0,0,NA,NA,NA
completions_llm/completion_H_t1.0_92.v,llm,H,1.0,92,1,1,0,"F7176DB018731FC4901E0122179A5840
",2543,0.000000
completions_llm/completion_H_t1.0_93.v,llm,H,1.0,93,0,0,0,NA,NA,NA
completions_llm/completion_H_t1.0_94.v,llm,H,1.0,94,0,0,0,NA,NA,NA
completions_llm/completion_H_t1.0_95.v,llm,H,1.0,95,1,1,0,"F7176DB018731FC4901E0122179A5840
",2543,0.000000
completions_llm/completion_H_t1.0_96.v,llm,H,1.0,96,1,1,0,"E917ABBC186DDC3337FE3522566A58C3
",2536,42.467328
completions_llm/completion_H_t1.0_97.v,llm,H,1.0,97,0,0,0,NA,NA,NA
completions_llm/completion_H_t1.0_98.v,llm,H,1.0,98,0,0,0,NA,NA,NA
completions_llm/completion_H_t1.0_99.v,llm,H,1.0,99,1,1,0,"80E9E7C98711090BF2702620BE6ECADA
",2556,0.000000
completions_llm/completion_L_t0.1_0.v,llm,L,0.1,0,0,0,0,NA,NA,NA
completions_llm/completion_L_t0.1_1.v,llm,L,0.1,1,1,1,0,"B855BDEB51DE462A042C3D0946EA56ED
",2557,14.155776
completions_llm/completion_L_t0.1_10.v,llm,L,0.1,10,1,1,0,"20395735D94FC33C8F6C5C6960A0C610
",2517,0.000000
completions_llm/completion_L_t0.1_11.v,llm,L,0.1,11,1,1,0,"F7176D58187340C490890122609A5840
",2541,0.000000
completions_llm/completion_L_t0.1_12.v,llm,L,0.1,12,0,0,0,NA,NA,NA
completions_llm/completion_L_t0.1_13.v,llm,L,0.1,13,0,0,0,NA,NA,NA
completions_llm/completion_L_t0.1_14.v,llm,L,0.1,14,0,0,0,NA,NA,NA
completions_llm/completion_L_t0.1_15.v,llm,L,0.1,15,0,0,0,NA,NA,NA
completions_llm/completion_L_t0.1_16.v,llm,L,0.1,16,0,0,0,NA,NA,NA
completions_llm/completion_L_t0.1_17.v,llm,L,0.1,17,0,0,0,NA,NA,NA
completions_llm/completion_L_t0.1_18.v,llm,L,0.1,18,0,0,0,NA,NA,NA
completions_llm/completion_L_t0.1_19.v,llm,L,0.1,19,0,0,0,NA,NA,NA
completions_llm/completion_L_t0.1_2.v,llm,L,0.1,2,0,0,0,NA,NA,NA
completions_llm/completion_L_t0.1_20.v,llm,L,0.1,20,0,0,0,NA,NA,NA
completions_llm/completion_L_t0.1_21.v,llm,L,0.1,21,0,0,0,NA,NA,NA
completions_llm/completion_L_t0.1_22.v,llm,L,0.1,22,0,0,0,NA,NA,NA
completions_llm/completion_L_t0.1_23.v,llm,L,0.1,23,0,0,0,NA,NA,NA
completions_llm/completion_L_t0.1_24.v,llm,L,0.1,24,0,0,0,NA,NA,NA
completions_llm/completion_L_t0.1_25.v,llm,L,0.1,25,0,0,0,NA,NA,NA
completions_llm/completion_L_t0.1_26.v,llm,L,0.1,26,1,1,0,"20395735D94FC33C8F6C5C6960A0C610
",2517,0.000000
completions_llm/completion_L_t0.1_27.v,llm,L,0.1,27,0,0,0,NA,NA,NA
completions_llm/completion_L_t0.1_28.v,llm,L,0.1,28,0,0,0,NA,NA,NA
completions_llm/completion_L_t0.1_29.v,llm,L,0.1,29,0,0,0,NA,NA,NA
completions_llm/completion_L_t0.1_3.v,llm,L,0.1,3,0,0,0,NA,NA,NA
completions_llm/completion_L_t0.1_30.v,llm,L,0.1,30,1,1,0,"F7176D58187340C490890122609A5840
",2541,0.000000
completions_llm/completion_L_t0.1_31.v,llm,L,0.1,31,0,0,0,NA,NA,NA
completions_llm/completion_L_t0.1_32.v,llm,L,0.1,32,0,0,0,NA,NA,NA
completions_llm/completion_L_t0.1_33.v,llm,L,0.1,33,0,0,0,NA,NA,NA
completions_llm/completion_L_t0.1_34.v,llm,L,0.1,34,1,1,0,"1FD9A129641993B2D91255957C9C09CE
",2555,28.311552
completions_llm/completion_L_t0.1_35.v,llm,L,0.1,35,0,0,0,NA,NA,NA
completions_llm/completion_L_t0.1_36.v,llm,L,0.1,36,0,0,0,NA,NA,NA
completions_llm/completion_L_t0.1_37.v,llm,L,0.1,37,0,0,0,NA,NA,NA
completions_llm/completion_L_t0.1_38.v,llm,L,0.1,38,0,0,0,NA,NA,NA
completions_llm/completion_L_t0.1_39.v,llm,L,0.1,39,0,0,0,NA,NA,NA
completions_llm/completion_L_t0.1_4.v,llm,L,0.1,4,0,0,0,NA,NA,NA
completions_llm/completion_L_t0.1_40.v,llm,L,0.1,40,0,0,0,NA,NA,NA
completions_llm/completion_L_t0.1_41.v,llm,L,0.1,41,0,0,0,NA,NA,NA
completions_llm/completion_L_t0.1_42.v,llm,L,0.1,42,1,1,0,"20395735D94FC33C8F6C5C6960A0C610
",2517,0.000000
completions_llm/completion_L_t0.1_43.v,llm,L,0.1,43,1,1,0,"20395735D94FC33C8F6C5C6960A0C610
",2517,0.000000
completions_llm/completion_L_t0.1_44.v,llm,L,0.1,44,0,0,0,NA,NA,NA
completions_llm/completion_L_t0.1_45.v,llm,L,0.1,45,0,0,0,NA,NA,NA
completions_llm/completion_L_t0.1_46.v,llm,L,0.1,46,1,1,0,"20696D15F6736911904AD7FB287BE540
",2559,0.000000
completions_llm/completion_L_t0.1_47.v,llm,L,0.1,47,0,0,0,NA,NA,NA
completions_llm/completion_L_t0.1_48.v,llm,L,0.1,48,0,0,0,NA,NA,NA
completions_llm/completion_L_t0.1_49.v,llm,L,0.1,49,0,0,0,NA,NA,NA
completions_llm/completion_L_t0.1_5.v,llm,L,0.1,5,1,0,0,NA,NA,NA
completions_llm/completion_L_t0.1_50.v,llm,L,0.1,50,0,0,0,NA,NA,NA
completions_llm/completion_L_t0.1_51.v,llm,L,0.1,51,0,0,0,NA,NA,NA
completions_llm/completion_L_t0.1_52.v,llm,L,0.1,52,0,0,0,NA,NA,NA
completions_llm/completion_L_t0.1_53.v,llm,L,0.1,53,0,0,0,NA,NA,NA
completions_llm/completion_L_t0.1_54.v,llm,L,0.1,54,1,0,0,NA,NA,NA
completions_llm/completion_L_t0.1_55.v,llm,L,0.1,55,1,1,0,"F7176D58187340C490890122609A5840
",2541,0.000000
completions_llm/completion_L_t0.1_56.v,llm,L,0.1,56,1,1,0,"20395735D94FC33C8F6C5C6960A0C610
",2517,0.000000
completions_llm/completion_L_t0.1_57.v,llm,L,0.1,57,1,1,0,"20395735D94FC33C8F6C5C6960A0C610
",2517,0.000000
completions_llm/completion_L_t0.1_58.v,llm,L,0.1,58,0,0,0,NA,NA,NA
completions_llm/completion_L_t0.1_59.v,llm,L,0.1,59,1,1,0,"20395735D94FC33C8F6C5C6960A0C610
",2517,0.000000
completions_llm/completion_L_t0.1_6.v,llm,L,0.1,6,0,0,0,NA,NA,NA
completions_llm/completion_L_t0.1_60.v,llm,L,0.1,60,0,0,0,NA,NA,NA
completions_llm/completion_L_t0.1_61.v,llm,L,0.1,61,0,0,0,NA,NA,NA
completions_llm/completion_L_t0.1_62.v,llm,L,0.1,62,0,0,0,NA,NA,NA
completions_llm/completion_L_t0.1_63.v,llm,L,0.1,63,1,1,0,"F7176D58187340C490890122609A5840
",2541,0.000000
completions_llm/completion_L_t0.1_64.v,llm,L,0.1,64,0,0,0,NA,NA,NA
completions_llm/completion_L_t0.1_65.v,llm,L,0.1,65,0,0,0,NA,NA,NA
completions_llm/completion_L_t0.1_66.v,llm,L,0.1,66,0,0,0,NA,NA,NA
completions_llm/completion_L_t0.1_67.v,llm,L,0.1,67,1,1,0,"20395735D94FC33C8F6C5C6960A0C610
",2517,0.000000
completions_llm/completion_L_t0.1_68.v,llm,L,0.1,68,1,1,0,"20395735D94FC33C8F6C5C6960A0C610
",2517,0.000000
completions_llm/completion_L_t0.1_69.v,llm,L,0.1,69,0,0,0,NA,NA,NA
completions_llm/completion_L_t0.1_7.v,llm,L,0.1,7,1,1,0,"20395735D94FC33C8F6C5C6960A0C610
",2517,0.000000
completions_llm/completion_L_t0.1_70.v,llm,L,0.1,70,0,0,0,NA,NA,NA
completions_llm/completion_L_t0.1_71.v,llm,L,0.1,71,0,0,0,NA,NA,NA
completions_llm/completion_L_t0.1_72.v,llm,L,0.1,72,1,1,0,"20395735D94FC33C8F6C5C6960A0C610
",2517,0.000000
completions_llm/completion_L_t0.1_73.v,llm,L,0.1,73,0,0,0,NA,NA,NA
completions_llm/completion_L_t0.1_74.v,llm,L,0.1,74,0,0,0,NA,NA,NA
completions_llm/completion_L_t0.1_75.v,llm,L,0.1,75,1,1,0,"1FD9A129641993B2D91255957C9C09CE
",2555,28.311552
completions_llm/completion_L_t0.1_76.v,llm,L,0.1,76,0,0,0,NA,NA,NA
completions_llm/completion_L_t0.1_77.v,llm,L,0.1,77,1,1,0,"20395735D94FC33C8F6C5C6960A0C610
",2517,0.000000
completions_llm/completion_L_t0.1_78.v,llm,L,0.1,78,0,0,0,NA,NA,NA
completions_llm/completion_L_t0.1_79.v,llm,L,0.1,79,0,0,0,NA,NA,NA
completions_llm/completion_L_t0.1_8.v,llm,L,0.1,8,1,1,0,"20395735D94FC33C8F6C5C6960A0C610
",2517,0.000000
completions_llm/completion_L_t0.1_80.v,llm,L,0.1,80,0,0,0,NA,NA,NA
completions_llm/completion_L_t0.1_81.v,llm,L,0.1,81,1,1,0,"20395735D94FC33C8F6C5C6960A0C610
",2517,0.000000
completions_llm/completion_L_t0.1_82.v,llm,L,0.1,82,0,0,0,NA,NA,NA
completions_llm/completion_L_t0.1_83.v,llm,L,0.1,83,0,0,0,NA,NA,NA
completions_llm/completion_L_t0.1_84.v,llm,L,0.1,84,0,0,0,NA,NA,NA
completions_llm/completion_L_t0.1_85.v,llm,L,0.1,85,1,1,0,"20395735D94FC33C8F6C5C6960A0C610
",2517,0.000000
completions_llm/completion_L_t0.1_86.v,llm,L,0.1,86,0,0,0,NA,NA,NA
completions_llm/completion_L_t0.1_87.v,llm,L,0.1,87,1,1,0,"20395735D94FC33C8F6C5C6960A0C610
",2517,0.000000
completions_llm/completion_L_t0.1_88.v,llm,L,0.1,88,0,0,0,NA,NA,NA
completions_llm/completion_L_t0.1_89.v,llm,L,0.1,89,1,1,0,"20395735D94FC33C8F6C5C6960A0C610
",2517,0.000000
completions_llm/completion_L_t0.1_9.v,llm,L,0.1,9,0,0,0,NA,NA,NA
completions_llm/completion_L_t0.1_90.v,llm,L,0.1,90,0,0,0,NA,NA,NA
completions_llm/completion_L_t0.1_91.v,llm,L,0.1,91,0,0,0,NA,NA,NA
completions_llm/completion_L_t0.1_92.v,llm,L,0.1,92,0,0,0,NA,NA,NA
completions_llm/completion_L_t0.1_93.v,llm,L,0.1,93,0,0,0,NA,NA,NA
completions_llm/completion_L_t0.1_94.v,llm,L,0.1,94,0,0,0,NA,NA,NA
completions_llm/completion_L_t0.1_95.v,llm,L,0.1,95,0,0,0,NA,NA,NA
completions_llm/completion_L_t0.1_96.v,llm,L,0.1,96,0,0,0,NA,NA,NA
completions_llm/completion_L_t0.1_97.v,llm,L,0.1,97,0,0,0,NA,NA,NA
completions_llm/completion_L_t0.1_98.v,llm,L,0.1,98,0,0,0,NA,NA,NA
completions_llm/completion_L_t0.1_99.v,llm,L,0.1,99,0,0,0,NA,NA,NA
completions_llm/completion_L_t0.3_0.v,llm,L,0.3,0,0,0,0,NA,NA,NA
completions_llm/completion_L_t0.3_1.v,llm,L,0.3,1,0,0,0,NA,NA,NA
completions_llm/completion_L_t0.3_10.v,llm,L,0.3,10,0,0,0,NA,NA,NA
completions_llm/completion_L_t0.3_11.v,llm,L,0.3,11,1,1,0,"ED456986CC8DC3368FD9EAFBE346C63E
",2520,0.000000
completions_llm/completion_L_t0.3_12.v,llm,L,0.3,12,0,0,0,NA,NA,NA
completions_llm/completion_L_t0.3_13.v,llm,L,0.3,13,0,0,0,NA,NA,NA
completions_llm/completion_L_t0.3_14.v,llm,L,0.3,14,0,0,0,NA,NA,NA
completions_llm/completion_L_t0.3_15.v,llm,L,0.3,15,1,0,0,NA,NA,NA
completions_llm/completion_L_t0.3_16.v,llm,L,0.3,16,1,1,0,"C6CD1C611BC65B178A532E8462FC6E1B
",2536,0.000000
completions_llm/completion_L_t0.3_17.v,llm,L,0.3,17,1,1,0,"BED126958716840B8FF51500BE47F7DA
",2506,0.000000
completions_llm/completion_L_t0.3_18.v,llm,L,0.3,18,1,1,0,"1FD9A129641993B2D91255957C9C09CE
",2555,28.311552
completions_llm/completion_L_t0.3_19.v,llm,L,0.3,19,0,0,0,NA,NA,NA
completions_llm/completion_L_t0.3_2.v,llm,L,0.3,2,0,0,0,NA,NA,NA
completions_llm/completion_L_t0.3_20.v,llm,L,0.3,20,0,0,0,NA,NA,NA
completions_llm/completion_L_t0.3_21.v,llm,L,0.3,21,0,0,0,NA,NA,NA
completions_llm/completion_L_t0.3_22.v,llm,L,0.3,22,0,0,0,NA,NA,NA
completions_llm/completion_L_t0.3_23.v,llm,L,0.3,23,0,0,0,NA,NA,NA
completions_llm/completion_L_t0.3_24.v,llm,L,0.3,24,0,0,0,NA,NA,NA
completions_llm/completion_L_t0.3_25.v,llm,L,0.3,25,0,0,0,NA,NA,NA
completions_llm/completion_L_t0.3_26.v,llm,L,0.3,26,0,0,0,NA,NA,NA
completions_llm/completion_L_t0.3_27.v,llm,L,0.3,27,1,1,0,"F7176DB0187340C490890122609A5840
",2547,NA
completions_llm/completion_L_t0.3_28.v,llm,L,0.3,28,0,0,0,NA,NA,NA
completions_llm/completion_L_t0.3_29.v,llm,L,0.3,29,0,0,0,NA,NA,NA
completions_llm/completion_L_t0.3_3.v,llm,L,0.3,3,0,0,0,NA,NA,NA
completions_llm/completion_L_t0.3_30.v,llm,L,0.3,30,1,1,0,"20395735D94FC33C8F6C5C6960A0C610
",2517,0.000000
completions_llm/completion_L_t0.3_31.v,llm,L,0.3,31,0,0,0,NA,NA,NA
completions_llm/completion_L_t0.3_32.v,llm,L,0.3,32,0,0,0,NA,NA,NA
completions_llm/completion_L_t0.3_33.v,llm,L,0.3,33,0,0,0,NA,NA,NA
completions_llm/completion_L_t0.3_34.v,llm,L,0.3,34,1,1,0,"55FA0F8F278EC36AB0CA5019123D7F96
",2529,NA
completions_llm/completion_L_t0.3_35.v,llm,L,0.3,35,0,0,0,NA,NA,NA
completions_llm/completion_L_t0.3_36.v,llm,L,0.3,36,0,0,0,NA,NA,NA
completions_llm/completion_L_t0.3_37.v,llm,L,0.3,37,0,0,0,NA,NA,NA
completions_llm/completion_L_t0.3_38.v,llm,L,0.3,38,0,0,0,NA,NA,NA
completions_llm/completion_L_t0.3_39.v,llm,L,0.3,39,0,0,0,NA,NA,NA
completions_llm/completion_L_t0.3_4.v,llm,L,0.3,4,0,0,0,NA,NA,NA
completions_llm/completion_L_t0.3_40.v,llm,L,0.3,40,0,0,0,NA,NA,NA
completions_llm/completion_L_t0.3_41.v,llm,L,0.3,41,0,0,0,NA,NA,NA
completions_llm/completion_L_t0.3_42.v,llm,L,0.3,42,0,0,0,NA,NA,NA
completions_llm/completion_L_t0.3_43.v,llm,L,0.3,43,0,0,0,NA,NA,NA
completions_llm/completion_L_t0.3_44.v,llm,L,0.3,44,0,0,0,NA,NA,NA
completions_llm/completion_L_t0.3_45.v,llm,L,0.3,45,1,1,0,"40BC6DB0A6731F4F901E3B6D17ACCC40
",2523,NA
completions_llm/completion_L_t0.3_46.v,llm,L,0.3,46,1,1,0,"18176DB018731F73901EFB2217475840
",2535,NA
completions_llm/completion_L_t0.3_47.v,llm,L,0.3,47,0,0,0,NA,NA,NA
completions_llm/completion_L_t0.3_48.v,llm,L,0.3,48,1,1,0,"20395735D94FC33C8F6C5C6960A0C610
",2517,0.000000
completions_llm/completion_L_t0.3_49.v,llm,L,0.3,49,0,0,0,NA,NA,NA
completions_llm/completion_L_t0.3_5.v,llm,L,0.3,5,0,0,0,NA,NA,NA
completions_llm/completion_L_t0.3_50.v,llm,L,0.3,50,0,0,0,NA,NA,NA
completions_llm/completion_L_t0.3_51.v,llm,L,0.3,51,0,0,0,NA,NA,NA
completions_llm/completion_L_t0.3_52.v,llm,L,0.3,52,0,0,0,NA,NA,NA
completions_llm/completion_L_t0.3_53.v,llm,L,0.3,53,0,0,0,NA,NA,NA
completions_llm/completion_L_t0.3_54.v,llm,L,0.3,54,0,0,0,NA,NA,NA
completions_llm/completion_L_t0.3_55.v,llm,L,0.3,55,1,1,0,"18176DB018731F73901EFB2217475840
",2535,NA
completions_llm/completion_L_t0.3_56.v,llm,L,0.3,56,0,0,0,NA,NA,NA
completions_llm/completion_L_t0.3_57.v,llm,L,0.3,57,0,0,0,NA,NA,NA
completions_llm/completion_L_t0.3_58.v,llm,L,0.3,58,1,1,0,"205FACF72567D64699160D5ED5625152
",2532,0.000000
completions_llm/completion_L_t0.3_59.v,llm,L,0.3,59,0,0,0,NA,NA,NA
completions_llm/completion_L_t0.3_6.v,llm,L,0.3,6,0,0,0,NA,NA,NA
completions_llm/completion_L_t0.3_60.v,llm,L,0.3,60,1,1,0,"5AD61F987974C87693C367D6E66309DA
",2543,42.467328
completions_llm/completion_L_t0.3_61.v,llm,L,0.3,61,0,0,0,NA,NA,NA
completions_llm/completion_L_t0.3_62.v,llm,L,0.3,62,0,0,0,NA,NA,NA
completions_llm/completion_L_t0.3_63.v,llm,L,0.3,63,1,1,0,"40FC8F5721B61C0BC3A96F209DAC4ADA
",2527,0.000000
completions_llm/completion_L_t0.3_64.v,llm,L,0.3,64,0,0,0,NA,NA,NA
completions_llm/completion_L_t0.3_65.v,llm,L,0.3,65,1,1,0,"203328B00FB51F0B1F1E0D20176D28DA
",2538,0.000000
completions_llm/completion_L_t0.3_66.v,llm,L,0.3,66,0,0,0,NA,NA,NA
completions_llm/completion_L_t0.3_67.v,llm,L,0.3,67,0,0,0,NA,NA,NA
completions_llm/completion_L_t0.3_68.v,llm,L,0.3,68,0,0,0,NA,NA,NA
completions_llm/completion_L_t0.3_69.v,llm,L,0.3,69,0,0,0,NA,NA,NA
completions_llm/completion_L_t0.3_7.v,llm,L,0.3,7,0,0,0,NA,NA,NA
completions_llm/completion_L_t0.3_70.v,llm,L,0.3,70,0,0,0,NA,NA,NA
completions_llm/completion_L_t0.3_71.v,llm,L,0.3,71,0,0,0,NA,NA,NA
completions_llm/completion_L_t0.3_72.v,llm,L,0.3,72,1,1,0,NA,0,0.000000
completions_llm/completion_L_t0.3_73.v,llm,L,0.3,73,0,0,0,NA,NA,NA
completions_llm/completion_L_t0.3_74.v,llm,L,0.3,74,0,0,0,NA,NA,NA
completions_llm/completion_L_t0.3_75.v,llm,L,0.3,75,1,1,0,"40FCAB57216D1C4F37A93B4260AC4ADA
",2526,0.000000
completions_llm/completion_L_t0.3_76.v,llm,L,0.3,76,0,0,0,NA,NA,NA
completions_llm/completion_L_t0.3_77.v,llm,L,0.3,77,1,1,0,"F71728B01873B2C4231E0D2217168140
",2538,0.000000
completions_llm/completion_L_t0.3_78.v,llm,L,0.3,78,0,0,0,NA,NA,NA
completions_llm/completion_L_t0.3_79.v,llm,L,0.3,79,0,0,0,NA,NA,NA
completions_llm/completion_L_t0.3_8.v,llm,L,0.3,8,1,1,0,"20395735D94FC33C8F6C5C6960A0C610
",2517,0.000000
completions_llm/completion_L_t0.3_80.v,llm,L,0.3,80,0,0,0,NA,NA,NA
completions_llm/completion_L_t0.3_81.v,llm,L,0.3,81,0,0,0,NA,NA,NA
completions_llm/completion_L_t0.3_82.v,llm,L,0.3,82,1,1,0,"40FCABD3216D7D9D37323B669DAC4ADD
",2540,12.386304
completions_llm/completion_L_t0.3_83.v,llm,L,0.3,83,1,0,0,NA,NA,NA
completions_llm/completion_L_t0.3_84.v,llm,L,0.3,84,0,0,0,NA,NA,NA
completions_llm/completion_L_t0.3_85.v,llm,L,0.3,85,1,1,0,"40FCAB0C216D7D0837323B359DAC4A2F
",2540,42.467328
completions_llm/completion_L_t0.3_86.v,llm,L,0.3,86,0,0,0,NA,NA,NA
completions_llm/completion_L_t0.3_87.v,llm,L,0.3,87,0,0,0,NA,NA,NA
completions_llm/completion_L_t0.3_88.v,llm,L,0.3,88,1,1,0,"40FCAB0C216D7D0837323B359DAC4A2F
",2540,42.467328
completions_llm/completion_L_t0.3_89.v,llm,L,0.3,89,0,0,0,NA,NA,NA
completions_llm/completion_L_t0.3_9.v,llm,L,0.3,9,0,0,0,NA,NA,NA
completions_llm/completion_L_t0.3_90.v,llm,L,0.3,90,0,0,0,NA,NA,NA
completions_llm/completion_L_t0.3_91.v,llm,L,0.3,91,0,0,0,NA,NA,NA
completions_llm/completion_L_t0.3_92.v,llm,L,0.3,92,1,1,0,"40FCAB15216D574F37053B4263AC4AC3
",2526,0.000000
completions_llm/completion_L_t0.3_93.v,llm,L,0.3,93,1,0,0,NA,NA,NA
completions_llm/completion_L_t0.3_94.v,llm,L,0.3,94,1,1,0,"F7176DA918737DC4903201229D9A5840
",2551,0.000000
completions_llm/completion_L_t0.3_95.v,llm,L,0.3,95,0,0,0,NA,NA,NA
completions_llm/completion_L_t0.3_96.v,llm,L,0.3,96,1,1,0,"77B4AEE3299DAA0E5FF4386ECA84B005
",2522,73.924608
completions_llm/completion_L_t0.3_97.v,llm,L,0.3,97,0,0,0,NA,NA,NA
completions_llm/completion_L_t0.3_98.v,llm,L,0.3,98,1,1,0,"40FDF6CBC6FB8B4FE7A93B96A1AC4669
",2518,0.000000
completions_llm/completion_L_t0.3_99.v,llm,L,0.3,99,0,0,0,NA,NA,NA
completions_llm/completion_L_t0.5_0.v,llm,L,0.5,0,0,0,0,NA,NA,NA
completions_llm/completion_L_t0.5_1.v,llm,L,0.5,1,0,0,0,NA,NA,NA
completions_llm/completion_L_t0.5_10.v,llm,L,0.5,10,1,0,0,NA,NA,NA
completions_llm/completion_L_t0.5_11.v,llm,L,0.5,11,0,0,0,NA,NA,NA
completions_llm/completion_L_t0.5_12.v,llm,L,0.5,12,0,0,0,NA,NA,NA
completions_llm/completion_L_t0.5_13.v,llm,L,0.5,13,0,0,0,NA,NA,NA
completions_llm/completion_L_t0.5_14.v,llm,L,0.5,14,1,1,0,"F7176DB018731FC4901E0122179A5840
",2543,0.000000
completions_llm/completion_L_t0.5_15.v,llm,L,0.5,15,0,0,0,NA,NA,NA
completions_llm/completion_L_t0.5_16.v,llm,L,0.5,16,0,0,0,NA,NA,NA
completions_llm/completion_L_t0.5_17.v,llm,L,0.5,17,1,1,0,"BD590357BD16E00BA8A6D1206047CCDA
",2515,0.000000
completions_llm/completion_L_t0.5_18.v,llm,L,0.5,18,0,0,0,NA,NA,NA
completions_llm/completion_L_t0.5_19.v,llm,L,0.5,19,0,0,0,NA,NA,NA
completions_llm/completion_L_t0.5_2.v,llm,L,0.5,2,0,0,0,NA,NA,NA
completions_llm/completion_L_t0.5_20.v,llm,L,0.5,20,0,0,0,NA,NA,NA
completions_llm/completion_L_t0.5_21.v,llm,L,0.5,21,1,0,0,NA,NA,NA
completions_llm/completion_L_t0.5_22.v,llm,L,0.5,22,1,1,0,"20395735D94FC33C8F6C5C6960A0C610
",2517,NA
completions_llm/completion_L_t0.5_23.v,llm,L,0.5,23,0,0,0,NA,NA,NA
completions_llm/completion_L_t0.5_24.v,llm,L,0.5,24,0,0,0,NA,NA,NA
completions_llm/completion_L_t0.5_25.v,llm,L,0.5,25,0,0,0,NA,NA,NA
completions_llm/completion_L_t0.5_26.v,llm,L,0.5,26,1,1,0,"46FC58F0206D146BD6328EE450AC86F7
",2540,0.000000
completions_llm/completion_L_t0.5_27.v,llm,L,0.5,27,0,0,0,NA,NA,NA
completions_llm/completion_L_t0.5_28.v,llm,L,0.5,28,0,0,0,NA,NA,NA
completions_llm/completion_L_t0.5_29.v,llm,L,0.5,29,1,1,0,"20395735D94FC33C8F6C5C6960A0C610
",2517,0.000000
completions_llm/completion_L_t0.5_3.v,llm,L,0.5,3,1,0,0,NA,NA,NA
completions_llm/completion_L_t0.5_30.v,llm,L,0.5,30,0,0,0,NA,NA,NA
completions_llm/completion_L_t0.5_31.v,llm,L,0.5,31,0,0,0,NA,NA,NA
completions_llm/completion_L_t0.5_32.v,llm,L,0.5,32,1,1,0,"613395B1D9B5FB088A3D4F89C06DD99F
",2549,0.000000
completions_llm/completion_L_t0.5_33.v,llm,L,0.5,33,0,0,0,NA,NA,NA
completions_llm/completion_L_t0.5_34.v,llm,L,0.5,34,0,0,0,NA,NA,NA
completions_llm/completion_L_t0.5_35.v,llm,L,0.5,35,0,0,0,NA,NA,NA
completions_llm/completion_L_t0.5_36.v,llm,L,0.5,36,1,1,0,"2D02C8AE8BA0D1FBCB5F33F81A917A49
",2549,NA
completions_llm/completion_L_t0.5_37.v,llm,L,0.5,37,1,0,0,NA,NA,NA
completions_llm/completion_L_t0.5_38.v,llm,L,0.5,38,0,0,0,NA,NA,NA
completions_llm/completion_L_t0.5_39.v,llm,L,0.5,39,0,0,0,NA,NA,NA
completions_llm/completion_L_t0.5_4.v,llm,L,0.5,4,0,0,0,NA,NA,NA
completions_llm/completion_L_t0.5_40.v,llm,L,0.5,40,0,0,0,NA,NA,NA
completions_llm/completion_L_t0.5_41.v,llm,L,0.5,41,0,0,0,NA,NA,NA
completions_llm/completion_L_t0.5_42.v,llm,L,0.5,42,0,0,0,NA,NA,NA
completions_llm/completion_L_t0.5_43.v,llm,L,0.5,43,0,0,0,NA,NA,NA
completions_llm/completion_L_t0.5_44.v,llm,L,0.5,44,0,0,0,NA,NA,NA
completions_llm/completion_L_t0.5_45.v,llm,L,0.5,45,0,0,0,NA,NA,NA
completions_llm/completion_L_t0.5_46.v,llm,L,0.5,46,1,0,0,NA,NA,NA
completions_llm/completion_L_t0.5_47.v,llm,L,0.5,47,0,0,0,NA,NA,NA
completions_llm/completion_L_t0.5_48.v,llm,L,0.5,48,1,1,0,"C2453422D9E4B5158AB833FBC0E68912
",2538,0.000000
completions_llm/completion_L_t0.5_49.v,llm,L,0.5,49,1,1,0,"BD590357BD16E00BA8A6D1206047CCDA
",2515,0.000000
completions_llm/completion_L_t0.5_5.v,llm,L,0.5,5,0,0,0,NA,NA,NA
completions_llm/completion_L_t0.5_50.v,llm,L,0.5,50,0,0,0,NA,NA,NA
completions_llm/completion_L_t0.5_51.v,llm,L,0.5,51,0,0,0,NA,NA,NA
completions_llm/completion_L_t0.5_52.v,llm,L,0.5,52,0,0,0,NA,NA,NA
completions_llm/completion_L_t0.5_53.v,llm,L,0.5,53,0,0,0,NA,NA,NA
completions_llm/completion_L_t0.5_54.v,llm,L,0.5,54,1,1,0,"20395735D94FC33C8F6C5C6960A0C610
",2517,0.000000
completions_llm/completion_L_t0.5_55.v,llm,L,0.5,55,0,0,0,NA,NA,NA
completions_llm/completion_L_t0.5_56.v,llm,L,0.5,56,0,0,0,NA,NA,NA
completions_llm/completion_L_t0.5_57.v,llm,L,0.5,57,0,0,0,NA,NA,NA
completions_llm/completion_L_t0.5_58.v,llm,L,0.5,58,1,1,0,"20395735D94FC33C8F6C5C6960A0C610
",2517,0.000000
completions_llm/completion_L_t0.5_59.v,llm,L,0.5,59,1,1,0,"C2176DBB1873B3869020EF224E165840
",2556,0.000000
completions_llm/completion_L_t0.5_6.v,llm,L,0.5,6,0,0,0,NA,NA,NA
completions_llm/completion_L_t0.5_60.v,llm,L,0.5,60,0,0,0,NA,NA,NA
completions_llm/completion_L_t0.5_61.v,llm,L,0.5,61,0,0,0,NA,NA,NA
completions_llm/completion_L_t0.5_62.v,llm,L,0.5,62,0,0,0,NA,NA,NA
completions_llm/completion_L_t0.5_63.v,llm,L,0.5,63,1,0,0,NA,NA,NA
completions_llm/completion_L_t0.5_64.v,llm,L,0.5,64,0,0,0,NA,NA,NA
completions_llm/completion_L_t0.5_65.v,llm,L,0.5,65,0,0,0,NA,NA,NA
completions_llm/completion_L_t0.5_66.v,llm,L,0.5,66,1,1,0,"40FCABD7216DEB4F37973B4221AC4AC3
",2536,42.467328
completions_llm/completion_L_t0.5_67.v,llm,L,0.5,67,1,1,0,"1FD9A129641993B2D91255957C9C09CE
",2555,28.311552
completions_llm/completion_L_t0.5_68.v,llm,L,0.5,68,0,0,0,NA,NA,NA
completions_llm/completion_L_t0.5_69.v,llm,L,0.5,69,0,0,0,NA,NA,NA
completions_llm/completion_L_t0.5_7.v,llm,L,0.5,7,0,0,0,NA,NA,NA
completions_llm/completion_L_t0.5_70.v,llm,L,0.5,70,0,0,0,NA,NA,NA
completions_llm/completion_L_t0.5_71.v,llm,L,0.5,71,0,0,0,NA,NA,NA
completions_llm/completion_L_t0.5_72.v,llm,L,0.5,72,0,0,0,NA,NA,NA
completions_llm/completion_L_t0.5_73.v,llm,L,0.5,73,0,0,0,NA,NA,NA
completions_llm/completion_L_t0.5_74.v,llm,L,0.5,74,0,0,0,NA,NA,NA
completions_llm/completion_L_t0.5_75.v,llm,L,0.5,75,0,0,0,NA,NA,NA
completions_llm/completion_L_t0.5_76.v,llm,L,0.5,76,0,0,0,NA,NA,NA
completions_llm/completion_L_t0.5_77.v,llm,L,0.5,77,0,0,0,NA,NA,NA
completions_llm/completion_L_t0.5_78.v,llm,L,0.5,78,0,0,0,NA,NA,NA
completions_llm/completion_L_t0.5_79.v,llm,L,0.5,79,0,0,0,NA,NA,NA
completions_llm/completion_L_t0.5_8.v,llm,L,0.5,8,0,0,0,NA,NA,NA
completions_llm/completion_L_t0.5_80.v,llm,L,0.5,80,0,0,0,NA,NA,NA
completions_llm/completion_L_t0.5_81.v,llm,L,0.5,81,0,0,0,NA,NA,NA
completions_llm/completion_L_t0.5_82.v,llm,L,0.5,82,1,1,0,"403259A99B8C7D4F4C323B6F9DAC6739
",2551,28.311552
completions_llm/completion_L_t0.5_83.v,llm,L,0.5,83,1,0,0,NA,NA,NA
completions_llm/completion_L_t0.5_84.v,llm,L,0.5,84,0,0,0,NA,NA,NA
completions_llm/completion_L_t0.5_85.v,llm,L,0.5,85,0,0,0,NA,NA,NA
completions_llm/completion_L_t0.5_86.v,llm,L,0.5,86,1,1,0,"F7176DB018731FC4901E0122179A5840
",2543,0.000000
completions_llm/completion_L_t0.5_87.v,llm,L,0.5,87,0,0,0,NA,NA,NA
completions_llm/completion_L_t0.5_88.v,llm,L,0.5,88,0,0,0,NA,NA,NA
completions_llm/completion_L_t0.5_89.v,llm,L,0.5,89,0,0,0,NA,NA,NA
completions_llm/completion_L_t0.5_9.v,llm,L,0.5,9,0,0,0,NA,NA,NA
completions_llm/completion_L_t0.5_90.v,llm,L,0.5,90,1,1,0,"DFA63630CCB3FB397DF50DA7E3A3CC0C
",2510,0.000000
completions_llm/completion_L_t0.5_91.v,llm,L,0.5,91,0,0,0,NA,NA,NA
completions_llm/completion_L_t0.5_92.v,llm,L,0.5,92,0,0,0,NA,NA,NA
completions_llm/completion_L_t0.5_93.v,llm,L,0.5,93,0,0,0,NA,NA,NA
completions_llm/completion_L_t0.5_94.v,llm,L,0.5,94,1,0,0,NA,NA,NA
completions_llm/completion_L_t0.5_95.v,llm,L,0.5,95,0,0,0,NA,NA,NA
completions_llm/completion_L_t0.5_96.v,llm,L,0.5,96,1,0,0,NA,NA,NA
completions_llm/completion_L_t0.5_97.v,llm,L,0.5,97,0,0,0,NA,NA,NA
completions_llm/completion_L_t0.5_98.v,llm,L,0.5,98,0,0,0,NA,NA,NA
completions_llm/completion_L_t0.5_99.v,llm,L,0.5,99,0,0,0,NA,NA,NA
completions_llm/completion_L_t0.7_0.v,llm,L,0.7,0,0,0,0,NA,NA,NA
completions_llm/completion_L_t0.7_1.v,llm,L,0.7,1,0,0,0,NA,NA,NA
completions_llm/completion_L_t0.7_10.v,llm,L,0.7,10,1,1,0,"F7176DB018731FC4901E0122179A5840
",2543,0.000000
completions_llm/completion_L_t0.7_11.v,llm,L,0.7,11,0,0,0,NA,NA,NA
completions_llm/completion_L_t0.7_12.v,llm,L,0.7,12,0,0,0,NA,NA,NA
completions_llm/completion_L_t0.7_13.v,llm,L,0.7,13,0,0,0,NA,NA,NA
completions_llm/completion_L_t0.7_14.v,llm,L,0.7,14,0,0,0,NA,NA,NA
completions_llm/completion_L_t0.7_15.v,llm,L,0.7,15,1,0,0,NA,NA,NA
completions_llm/completion_L_t0.7_16.v,llm,L,0.7,16,0,0,0,NA,NA,NA
completions_llm/completion_L_t0.7_17.v,llm,L,0.7,17,0,0,0,NA,NA,NA
completions_llm/completion_L_t0.7_18.v,llm,L,0.7,18,0,0,0,NA,NA,NA
completions_llm/completion_L_t0.7_19.v,llm,L,0.7,19,0,0,0,NA,NA,NA
completions_llm/completion_L_t0.7_2.v,llm,L,0.7,2,1,0,0,NA,NA,NA
completions_llm/completion_L_t0.7_20.v,llm,L,0.7,20,0,0,0,NA,NA,NA
completions_llm/completion_L_t0.7_21.v,llm,L,0.7,21,0,0,0,NA,NA,NA
completions_llm/completion_L_t0.7_22.v,llm,L,0.7,22,0,0,0,NA,NA,NA
completions_llm/completion_L_t0.7_23.v,llm,L,0.7,23,0,0,0,NA,NA,NA
completions_llm/completion_L_t0.7_24.v,llm,L,0.7,24,1,1,0,"24DB0357FE00E0084E09F020D4F5CCDA
",2537,7.077888
completions_llm/completion_L_t0.7_25.v,llm,L,0.7,25,1,1,0,"40FCABA9216D7D4F37323B429DAC4AC3
",2537,0.000000
completions_llm/completion_L_t0.7_26.v,llm,L,0.7,26,0,0,0,NA,NA,NA
completions_llm/completion_L_t0.7_27.v,llm,L,0.7,27,0,0,0,NA,NA,NA
completions_llm/completion_L_t0.7_28.v,llm,L,0.7,28,0,0,0,NA,NA,NA
completions_llm/completion_L_t0.7_29.v,llm,L,0.7,29,0,0,0,NA,NA,NA
completions_llm/completion_L_t0.7_3.v,llm,L,0.7,3,0,0,0,NA,NA,NA
completions_llm/completion_L_t0.7_30.v,llm,L,0.7,30,1,1,0,"F7176DB018731FC4901E0122179A5840
",2543,0.000000
completions_llm/completion_L_t0.7_31.v,llm,L,0.7,31,0,0,0,NA,NA,NA
completions_llm/completion_L_t0.7_32.v,llm,L,0.7,32,1,1,0,"40FCABB0216D1F4F371E3B4217AC4AC3
",2518,0.000000
completions_llm/completion_L_t0.7_33.v,llm,L,0.7,33,0,0,0,NA,NA,NA
completions_llm/completion_L_t0.7_34.v,llm,L,0.7,34,1,1,0,"253FE54433C4D6714D954ACECCF7BFB5
",2539,42.467328
completions_llm/completion_L_t0.7_35.v,llm,L,0.7,35,1,1,0,"07A74E21D916E70B53017893F5473BDA
",2522,14.155776
completions_llm/completion_L_t0.7_36.v,llm,L,0.7,36,1,1,0,"F7176DB018731FC4901E0122179A5840
",2543,0.000000
completions_llm/completion_L_t0.7_37.v,llm,L,0.7,37,1,1,0,"20395735D94FC33C8F6C5C6960A0C610
",2517,0.000000
completions_llm/completion_L_t0.7_38.v,llm,L,0.7,38,1,1,0,"40F3B42F2105DDCC37A5A16C9DB33799
",2541,0.000000
completions_llm/completion_L_t0.7_39.v,llm,L,0.7,39,0,0,0,NA,NA,NA
completions_llm/completion_L_t0.7_4.v,llm,L,0.7,4,0,0,0,NA,NA,NA
completions_llm/completion_L_t0.7_40.v,llm,L,0.7,40,1,0,0,NA,NA,NA
completions_llm/completion_L_t0.7_41.v,llm,L,0.7,41,0,0,0,NA,NA,NA
completions_llm/completion_L_t0.7_42.v,llm,L,0.7,42,1,1,0,"D66997739C42946E0565DE7982A48333
",2530,56.623104
completions_llm/completion_L_t0.7_43.v,llm,L,0.7,43,1,1,0,"BD590357BD16E00BA8A6D1206047CCDA
",2515,0.000000
completions_llm/completion_L_t0.7_44.v,llm,L,0.7,44,1,1,0,"F7176DB018731FC4901E0122179A5840
",2543,0.000000
completions_llm/completion_L_t0.7_45.v,llm,L,0.7,45,0,0,0,NA,NA,NA
completions_llm/completion_L_t0.7_46.v,llm,L,0.7,46,0,0,0,NA,NA,NA
completions_llm/completion_L_t0.7_47.v,llm,L,0.7,47,0,0,0,NA,NA,NA
completions_llm/completion_L_t0.7_48.v,llm,L,0.7,48,0,0,0,NA,NA,NA
completions_llm/completion_L_t0.7_49.v,llm,L,0.7,49,1,1,0,"20395735D94FC33C8F6C5C6960A0C610
",2517,0.000000
completions_llm/completion_L_t0.7_5.v,llm,L,0.7,5,0,0,0,NA,NA,NA
completions_llm/completion_L_t0.7_50.v,llm,L,0.7,50,1,1,0,"BD590357BD16E00BA8A6D1206047CCDA
",2515,0.000000
completions_llm/completion_L_t0.7_51.v,llm,L,0.7,51,1,1,0,"027685403F9CBB84A59D58AEE9F3A94D
",2530,0.000000
completions_llm/completion_L_t0.7_52.v,llm,L,0.7,52,0,0,0,NA,NA,NA
completions_llm/completion_L_t0.7_53.v,llm,L,0.7,53,0,0,0,NA,NA,NA
completions_llm/completion_L_t0.7_54.v,llm,L,0.7,54,0,0,0,NA,NA,NA
completions_llm/completion_L_t0.7_55.v,llm,L,0.7,55,0,0,0,NA,NA,NA
completions_llm/completion_L_t0.7_56.v,llm,L,0.7,56,0,0,0,NA,NA,NA
completions_llm/completion_L_t0.7_57.v,llm,L,0.7,57,0,0,0,NA,NA,NA
completions_llm/completion_L_t0.7_58.v,llm,L,0.7,58,0,0,0,NA,NA,NA
completions_llm/completion_L_t0.7_59.v,llm,L,0.7,59,0,0,0,NA,NA,NA
completions_llm/completion_L_t0.7_6.v,llm,L,0.7,6,1,0,0,NA,NA,NA
completions_llm/completion_L_t0.7_60.v,llm,L,0.7,60,0,0,0,NA,NA,NA
completions_llm/completion_L_t0.7_61.v,llm,L,0.7,61,0,0,0,NA,NA,NA
completions_llm/completion_L_t0.7_62.v,llm,L,0.7,62,0,0,0,NA,NA,NA
completions_llm/completion_L_t0.7_63.v,llm,L,0.7,63,0,0,0,NA,NA,NA
completions_llm/completion_L_t0.7_64.v,llm,L,0.7,64,0,0,0,NA,NA,NA
completions_llm/completion_L_t0.7_65.v,llm,L,0.7,65,1,1,0,"20395735D94FC33C8F6C5C6960A0C610
",2517,0.000000
completions_llm/completion_L_t0.7_66.v,llm,L,0.7,66,0,0,0,NA,NA,NA
completions_llm/completion_L_t0.7_67.v,llm,L,0.7,67,0,0,0,NA,NA,NA
completions_llm/completion_L_t0.7_68.v,llm,L,0.7,68,0,0,0,NA,NA,NA
completions_llm/completion_L_t0.7_69.v,llm,L,0.7,69,1,1,0,"F780E8B0AEE51FC4D81E01B7179AC4EA
",2540,NA
completions_llm/completion_L_t0.7_7.v,llm,L,0.7,7,1,1,0,"F8178E0018DE53007DE95622301558B6
",2535,NA
completions_llm/completion_L_t0.7_70.v,llm,L,0.7,70,1,1,0,"F7176DB018731FC4901E0122179A5840
",2543,0.000000
completions_llm/completion_L_t0.7_71.v,llm,L,0.7,71,1,0,0,NA,NA,NA
completions_llm/completion_L_t0.7_72.v,llm,L,0.7,72,0,0,0,NA,NA,NA
completions_llm/completion_L_t0.7_73.v,llm,L,0.7,73,0,0,0,NA,NA,NA
completions_llm/completion_L_t0.7_74.v,llm,L,0.7,74,1,0,0,NA,NA,NA
completions_llm/completion_L_t0.7_75.v,llm,L,0.7,75,0,0,0,NA,NA,NA
completions_llm/completion_L_t0.7_76.v,llm,L,0.7,76,0,0,0,NA,NA,NA
completions_llm/completion_L_t0.7_77.v,llm,L,0.7,77,0,0,0,NA,NA,NA
completions_llm/completion_L_t0.7_78.v,llm,L,0.7,78,0,0,0,NA,NA,NA
completions_llm/completion_L_t0.7_79.v,llm,L,0.7,79,0,0,0,NA,NA,NA
completions_llm/completion_L_t0.7_8.v,llm,L,0.7,8,1,1,0,"BC18194BBDB5E0087C8EF0CC606DCC9F
",2541,0.000000
completions_llm/completion_L_t0.7_80.v,llm,L,0.7,80,0,0,0,NA,NA,NA
completions_llm/completion_L_t0.7_81.v,llm,L,0.7,81,0,0,0,NA,NA,NA
completions_llm/completion_L_t0.7_82.v,llm,L,0.7,82,0,0,0,NA,NA,NA
completions_llm/completion_L_t0.7_83.v,llm,L,0.7,83,1,1,0,NA,0,NA
completions_llm/completion_L_t0.7_84.v,llm,L,0.7,84,0,0,0,NA,NA,NA
completions_llm/completion_L_t0.7_85.v,llm,L,0.7,85,0,0,0,NA,NA,NA
completions_llm/completion_L_t0.7_86.v,llm,L,0.7,86,0,0,0,NA,NA,NA
completions_llm/completion_L_t0.7_87.v,llm,L,0.7,87,0,0,0,NA,NA,NA
completions_llm/completion_L_t0.7_88.v,llm,L,0.7,88,0,0,0,NA,NA,NA
completions_llm/completion_L_t0.7_89.v,llm,L,0.7,89,1,0,0,NA,NA,NA
completions_llm/completion_L_t0.7_9.v,llm,L,0.7,9,1,1,0,"945EBD56D9D1FBE77910F797C005D9A6
",2545,14.155776
completions_llm/completion_L_t0.7_90.v,llm,L,0.7,90,0,0,0,NA,NA,NA
completions_llm/completion_L_t0.7_91.v,llm,L,0.7,91,1,1,0,"0FC2B0D844FB43A5315C29DBA947FDCA
",2502,42.467328
completions_llm/completion_L_t0.7_92.v,llm,L,0.7,92,1,1,0,"E5BB3DA87F8B252BE466627AD92B9FD3
",2516,0.000000
completions_llm/completion_L_t0.7_93.v,llm,L,0.7,93,1,1,0,"F7983886DC8CA33E7395030F609F2EA9
",2529,0.000000
completions_llm/completion_L_t0.7_94.v,llm,L,0.7,94,0,0,0,NA,NA,NA
completions_llm/completion_L_t0.7_95.v,llm,L,0.7,95,1,1,0,"20395735D94FC33C8F6C5C6960A0C610
",2517,0.000000
completions_llm/completion_L_t0.7_96.v,llm,L,0.7,96,1,1,0,"F7176DB018731FC4901E0122179A5840
",2543,0.000000
completions_llm/completion_L_t0.7_97.v,llm,L,0.7,97,1,0,0,NA,NA,NA
completions_llm/completion_L_t0.7_98.v,llm,L,0.7,98,0,0,0,NA,NA,NA
completions_llm/completion_L_t0.7_99.v,llm,L,0.7,99,0,0,0,NA,NA,NA
completions_llm/completion_L_t1.0_0.v,llm,L,1.0,0,0,0,0,NA,NA,NA
completions_llm/completion_L_t1.0_1.v,llm,L,1.0,1,0,0,0,NA,NA,NA
completions_llm/completion_L_t1.0_10.v,llm,L,1.0,10,0,0,0,NA,NA,NA
completions_llm/completion_L_t1.0_11.v,llm,L,1.0,11,0,0,0,NA,NA,NA
completions_llm/completion_L_t1.0_12.v,llm,L,1.0,12,0,0,0,NA,NA,NA
completions_llm/completion_L_t1.0_13.v,llm,L,1.0,13,0,0,0,NA,NA,NA
completions_llm/completion_L_t1.0_14.v,llm,L,1.0,14,0,0,0,NA,NA,NA
completions_llm/completion_L_t1.0_15.v,llm,L,1.0,15,0,0,0,NA,NA,NA
completions_llm/completion_L_t1.0_16.v,llm,L,1.0,16,0,0,0,NA,NA,NA
completions_llm/completion_L_t1.0_17.v,llm,L,1.0,17,0,0,0,NA,NA,NA
completions_llm/completion_L_t1.0_18.v,llm,L,1.0,18,1,1,0,"204584150FB5361106981B2B2846AF95
",2514,0.000000
completions_llm/completion_L_t1.0_19.v,llm,L,1.0,19,0,0,0,NA,NA,NA
completions_llm/completion_L_t1.0_2.v,llm,L,1.0,2,0,0,0,NA,NA,NA
completions_llm/completion_L_t1.0_20.v,llm,L,1.0,20,0,0,0,NA,NA,NA
completions_llm/completion_L_t1.0_21.v,llm,L,1.0,21,0,0,0,NA,NA,NA
completions_llm/completion_L_t1.0_22.v,llm,L,1.0,22,1,1,0,"F7176DB018731FC4901E0122179A5840
",2543,NA
completions_llm/completion_L_t1.0_23.v,llm,L,1.0,23,0,0,0,NA,NA,NA
completions_llm/completion_L_t1.0_24.v,llm,L,1.0,24,1,1,0,"40FCABA9216D7D4F37323B429DAC4AC3
",2546,1.327104
completions_llm/completion_L_t1.0_25.v,llm,L,1.0,25,0,0,0,NA,NA,NA
completions_llm/completion_L_t1.0_26.v,llm,L,1.0,26,0,0,0,NA,NA,NA
completions_llm/completion_L_t1.0_27.v,llm,L,1.0,27,0,0,0,NA,NA,NA
completions_llm/completion_L_t1.0_28.v,llm,L,1.0,28,0,0,0,NA,NA,NA
completions_llm/completion_L_t1.0_29.v,llm,L,1.0,29,0,0,0,NA,NA,NA
completions_llm/completion_L_t1.0_3.v,llm,L,1.0,3,0,0,0,NA,NA,NA
completions_llm/completion_L_t1.0_30.v,llm,L,1.0,30,1,1,0,"205A6DA9D97A517EB24282BB15DBAB63
",2561,31.850496
completions_llm/completion_L_t1.0_31.v,llm,L,1.0,31,0,0,0,NA,NA,NA
completions_llm/completion_L_t1.0_32.v,llm,L,1.0,32,0,0,0,NA,NA,NA
completions_llm/completion_L_t1.0_33.v,llm,L,1.0,33,0,0,0,NA,NA,NA
completions_llm/completion_L_t1.0_34.v,llm,L,1.0,34,0,0,0,NA,NA,NA
completions_llm/completion_L_t1.0_35.v,llm,L,1.0,35,1,1,0,"20395755D94FC34C8F6C5C2060A0C6FF
",2533,5.308416
completions_llm/completion_L_t1.0_36.v,llm,L,1.0,36,0,0,0,NA,NA,NA
completions_llm/completion_L_t1.0_37.v,llm,L,1.0,37,0,0,0,NA,NA,NA
completions_llm/completion_L_t1.0_38.v,llm,L,1.0,38,1,1,0,"64A0458898F28F1DF9692EA662D18775
",2520,46.006272
completions_llm/completion_L_t1.0_39.v,llm,L,1.0,39,1,1,0,"F7176D3118730BC490E801228B9A5840
",2543,14.155776
completions_llm/completion_L_t1.0_4.v,llm,L,1.0,4,0,0,0,NA,NA,NA
completions_llm/completion_L_t1.0_40.v,llm,L,1.0,40,0,0,0,NA,NA,NA
completions_llm/completion_L_t1.0_41.v,llm,L,1.0,41,0,0,0,NA,NA,NA
completions_llm/completion_L_t1.0_42.v,llm,L,1.0,42,0,0,0,NA,NA,NA
completions_llm/completion_L_t1.0_43.v,llm,L,1.0,43,0,0,0,NA,NA,NA
completions_llm/completion_L_t1.0_44.v,llm,L,1.0,44,1,0,0,NA,NA,NA
completions_llm/completion_L_t1.0_45.v,llm,L,1.0,45,0,0,0,NA,NA,NA
completions_llm/completion_L_t1.0_46.v,llm,L,1.0,46,0,0,0,NA,NA,NA
completions_llm/completion_L_t1.0_47.v,llm,L,1.0,47,0,0,0,NA,NA,NA
completions_llm/completion_L_t1.0_48.v,llm,L,1.0,48,0,0,0,NA,NA,NA
completions_llm/completion_L_t1.0_49.v,llm,L,1.0,49,0,0,0,NA,NA,NA
completions_llm/completion_L_t1.0_5.v,llm,L,1.0,5,0,0,0,NA,NA,NA
completions_llm/completion_L_t1.0_50.v,llm,L,1.0,50,0,0,0,NA,NA,NA
completions_llm/completion_L_t1.0_51.v,llm,L,1.0,51,1,1,0,"F7176DB018731FC4901E0122179A5840
",2543,0.000000
completions_llm/completion_L_t1.0_52.v,llm,L,1.0,52,0,0,0,NA,NA,NA
completions_llm/completion_L_t1.0_53.v,llm,L,1.0,53,0,0,0,NA,NA,NA
completions_llm/completion_L_t1.0_54.v,llm,L,1.0,54,0,0,0,NA,NA,NA
completions_llm/completion_L_t1.0_55.v,llm,L,1.0,55,0,0,0,NA,NA,NA
completions_llm/completion_L_t1.0_56.v,llm,L,1.0,56,0,0,0,NA,NA,NA
completions_llm/completion_L_t1.0_57.v,llm,L,1.0,57,0,0,0,NA,NA,NA
completions_llm/completion_L_t1.0_58.v,llm,L,1.0,58,0,0,0,NA,NA,NA
completions_llm/completion_L_t1.0_59.v,llm,L,1.0,59,0,0,0,NA,NA,NA
completions_llm/completion_L_t1.0_6.v,llm,L,1.0,6,0,0,0,NA,NA,NA
completions_llm/completion_L_t1.0_60.v,llm,L,1.0,60,0,0,0,NA,NA,NA
completions_llm/completion_L_t1.0_61.v,llm,L,1.0,61,1,0,0,NA,NA,NA
completions_llm/completion_L_t1.0_62.v,llm,L,1.0,62,0,0,0,NA,NA,NA
completions_llm/completion_L_t1.0_63.v,llm,L,1.0,63,0,0,0,NA,NA,NA
completions_llm/completion_L_t1.0_64.v,llm,L,1.0,64,0,0,0,NA,NA,NA
completions_llm/completion_L_t1.0_65.v,llm,L,1.0,65,0,0,0,NA,NA,NA
completions_llm/completion_L_t1.0_66.v,llm,L,1.0,66,0,0,0,NA,NA,NA
completions_llm/completion_L_t1.0_67.v,llm,L,1.0,67,0,0,0,NA,NA,NA
completions_llm/completion_L_t1.0_68.v,llm,L,1.0,68,0,0,0,NA,NA,NA
completions_llm/completion_L_t1.0_69.v,llm,L,1.0,69,0,0,0,NA,NA,NA
completions_llm/completion_L_t1.0_7.v,llm,L,1.0,7,0,0,0,NA,NA,NA
completions_llm/completion_L_t1.0_70.v,llm,L,1.0,70,0,0,0,NA,NA,NA
completions_llm/completion_L_t1.0_71.v,llm,L,1.0,71,0,0,0,NA,NA,NA
completions_llm/completion_L_t1.0_72.v,llm,L,1.0,72,1,1,0,"20395735D94FC33C8F6C5C6960A0C610
",2517,0.000000
completions_llm/completion_L_t1.0_73.v,llm,L,1.0,73,0,0,0,NA,NA,NA
completions_llm/completion_L_t1.0_74.v,llm,L,1.0,74,0,0,0,NA,NA,NA
completions_llm/completion_L_t1.0_75.v,llm,L,1.0,75,1,1,0,"40176DB018731FC4901E3B2217AC5840
",2537,NA
completions_llm/completion_L_t1.0_76.v,llm,L,1.0,76,1,1,0,"40FCAB27216D594F37323B429DAC4AC3
",2535,0.000000
completions_llm/completion_L_t1.0_77.v,llm,L,1.0,77,1,0,0,NA,NA,NA
completions_llm/completion_L_t1.0_78.v,llm,L,1.0,78,0,0,0,NA,NA,NA
completions_llm/completion_L_t1.0_79.v,llm,L,1.0,79,0,0,0,NA,NA,NA
completions_llm/completion_L_t1.0_8.v,llm,L,1.0,8,0,0,0,NA,NA,NA
completions_llm/completion_L_t1.0_80.v,llm,L,1.0,80,0,0,0,NA,NA,NA
completions_llm/completion_L_t1.0_81.v,llm,L,1.0,81,0,0,0,NA,NA,NA
completions_llm/completion_L_t1.0_82.v,llm,L,1.0,82,0,0,0,NA,NA,NA
completions_llm/completion_L_t1.0_83.v,llm,L,1.0,83,0,0,0,NA,NA,NA
completions_llm/completion_L_t1.0_84.v,llm,L,1.0,84,0,0,0,NA,NA,NA
completions_llm/completion_L_t1.0_85.v,llm,L,1.0,85,1,0,0,NA,NA,NA
completions_llm/completion_L_t1.0_86.v,llm,L,1.0,86,0,0,0,NA,NA,NA
completions_llm/completion_L_t1.0_87.v,llm,L,1.0,87,1,1,0,"BD921C93D99BC3908FA6EA506047C6C4
",2524,0.000000
completions_llm/completion_L_t1.0_88.v,llm,L,1.0,88,1,0,0,NA,NA,NA
completions_llm/completion_L_t1.0_89.v,llm,L,1.0,89,0,0,0,NA,NA,NA
completions_llm/completion_L_t1.0_9.v,llm,L,1.0,9,0,0,0,NA,NA,NA
completions_llm/completion_L_t1.0_90.v,llm,L,1.0,90,0,0,0,NA,NA,NA
completions_llm/completion_L_t1.0_91.v,llm,L,1.0,91,0,0,0,NA,NA,NA
completions_llm/completion_L_t1.0_92.v,llm,L,1.0,92,0,0,0,NA,NA,NA
completions_llm/completion_L_t1.0_93.v,llm,L,1.0,93,0,0,0,NA,NA,NA
completions_llm/completion_L_t1.0_94.v,llm,L,1.0,94,0,0,0,NA,NA,NA
completions_llm/completion_L_t1.0_95.v,llm,L,1.0,95,0,0,0,NA,NA,NA
completions_llm/completion_L_t1.0_96.v,llm,L,1.0,96,1,1,0,"F7176DB018731FC4901E0122179A5840
",2540,NA
completions_llm/completion_L_t1.0_97.v,llm,L,1.0,97,0,0,0,NA,NA,NA
completions_llm/completion_L_t1.0_98.v,llm,L,1.0,98,1,1,0,"C545118164B5CEAD0FD92F352447A389
",2536,0.000000
completions_llm/completion_L_t1.0_99.v,llm,L,1.0,99,0,0,0,NA,NA,NA
completions_llm/completion_M_t0.1_0.v,llm,M,0.1,0,0,0,0,NA,NA,NA
completions_llm/completion_M_t0.1_1.v,llm,M,0.1,1,0,0,0,NA,NA,NA
completions_llm/completion_M_t0.1_10.v,llm,M,0.1,10,0,0,0,NA,NA,NA
completions_llm/completion_M_t0.1_11.v,llm,M,0.1,11,0,0,0,NA,NA,NA
completions_llm/completion_M_t0.1_12.v,llm,M,0.1,12,0,0,0,NA,NA,NA
completions_llm/completion_M_t0.1_13.v,llm,M,0.1,13,0,0,0,NA,NA,NA
completions_llm/completion_M_t0.1_14.v,llm,M,0.1,14,0,0,0,NA,NA,NA
completions_llm/completion_M_t0.1_15.v,llm,M,0.1,15,0,0,0,NA,NA,NA
completions_llm/completion_M_t0.1_16.v,llm,M,0.1,16,0,0,0,NA,NA,NA
completions_llm/completion_M_t0.1_17.v,llm,M,0.1,17,0,0,0,NA,NA,NA
completions_llm/completion_M_t0.1_18.v,llm,M,0.1,18,0,0,0,NA,NA,NA
completions_llm/completion_M_t0.1_19.v,llm,M,0.1,19,0,0,0,NA,NA,NA
completions_llm/completion_M_t0.1_2.v,llm,M,0.1,2,0,0,0,NA,NA,NA
completions_llm/completion_M_t0.1_20.v,llm,M,0.1,20,0,0,0,NA,NA,NA
completions_llm/completion_M_t0.1_21.v,llm,M,0.1,21,0,0,0,NA,NA,NA
completions_llm/completion_M_t0.1_22.v,llm,M,0.1,22,0,0,0,NA,NA,NA
completions_llm/completion_M_t0.1_23.v,llm,M,0.1,23,0,0,0,NA,NA,NA
completions_llm/completion_M_t0.1_24.v,llm,M,0.1,24,0,0,0,NA,NA,NA
completions_llm/completion_M_t0.1_25.v,llm,M,0.1,25,0,0,0,NA,NA,NA
completions_llm/completion_M_t0.1_26.v,llm,M,0.1,26,0,0,0,NA,NA,NA
completions_llm/completion_M_t0.1_27.v,llm,M,0.1,27,0,0,0,NA,NA,NA
completions_llm/completion_M_t0.1_28.v,llm,M,0.1,28,0,0,0,NA,NA,NA
completions_llm/completion_M_t0.1_29.v,llm,M,0.1,29,0,0,0,NA,NA,NA
completions_llm/completion_M_t0.1_3.v,llm,M,0.1,3,0,0,0,NA,NA,NA
completions_llm/completion_M_t0.1_30.v,llm,M,0.1,30,1,1,0,"253FE54433C4D6714D954ACECCF7BFB5
",2539,42.467328
completions_llm/completion_M_t0.1_31.v,llm,M,0.1,31,0,0,0,NA,NA,NA
completions_llm/completion_M_t0.1_32.v,llm,M,0.1,32,0,0,0,NA,NA,NA
completions_llm/completion_M_t0.1_33.v,llm,M,0.1,33,0,0,0,NA,NA,NA
completions_llm/completion_M_t0.1_34.v,llm,M,0.1,34,0,0,0,NA,NA,NA
completions_llm/completion_M_t0.1_35.v,llm,M,0.1,35,0,0,0,NA,NA,NA
completions_llm/completion_M_t0.1_36.v,llm,M,0.1,36,0,0,0,NA,NA,NA
completions_llm/completion_M_t0.1_37.v,llm,M,0.1,37,0,0,0,NA,NA,NA
completions_llm/completion_M_t0.1_38.v,llm,M,0.1,38,0,0,0,NA,NA,NA
completions_llm/completion_M_t0.1_39.v,llm,M,0.1,39,0,0,0,NA,NA,NA
completions_llm/completion_M_t0.1_4.v,llm,M,0.1,4,0,0,0,NA,NA,NA
completions_llm/completion_M_t0.1_40.v,llm,M,0.1,40,0,0,0,NA,NA,NA
completions_llm/completion_M_t0.1_41.v,llm,M,0.1,41,1,1,0,"20395735D94FC33C8F6C5C6960A0C610
",2517,0.000000
completions_llm/completion_M_t0.1_42.v,llm,M,0.1,42,0,0,0,NA,NA,NA
completions_llm/completion_M_t0.1_43.v,llm,M,0.1,43,0,0,0,NA,NA,NA
completions_llm/completion_M_t0.1_44.v,llm,M,0.1,44,0,0,0,NA,NA,NA
completions_llm/completion_M_t0.1_45.v,llm,M,0.1,45,0,0,0,NA,NA,NA
completions_llm/completion_M_t0.1_46.v,llm,M,0.1,46,0,0,0,NA,NA,NA
completions_llm/completion_M_t0.1_47.v,llm,M,0.1,47,1,1,0,"20395735D94FC33C8F6C5C6960A0C610
",2517,0.000000
completions_llm/completion_M_t0.1_48.v,llm,M,0.1,48,0,0,0,NA,NA,NA
completions_llm/completion_M_t0.1_49.v,llm,M,0.1,49,0,0,0,NA,NA,NA
completions_llm/completion_M_t0.1_5.v,llm,M,0.1,5,0,0,0,NA,NA,NA
completions_llm/completion_M_t0.1_50.v,llm,M,0.1,50,0,0,0,NA,NA,NA
completions_llm/completion_M_t0.1_51.v,llm,M,0.1,51,0,0,0,NA,NA,NA
completions_llm/completion_M_t0.1_52.v,llm,M,0.1,52,0,0,0,NA,NA,NA
completions_llm/completion_M_t0.1_53.v,llm,M,0.1,53,0,0,0,NA,NA,NA
completions_llm/completion_M_t0.1_54.v,llm,M,0.1,54,0,0,0,NA,NA,NA
completions_llm/completion_M_t0.1_55.v,llm,M,0.1,55,0,0,0,NA,NA,NA
completions_llm/completion_M_t0.1_56.v,llm,M,0.1,56,0,0,0,NA,NA,NA
completions_llm/completion_M_t0.1_57.v,llm,M,0.1,57,0,0,0,NA,NA,NA
completions_llm/completion_M_t0.1_58.v,llm,M,0.1,58,0,0,0,NA,NA,NA
completions_llm/completion_M_t0.1_59.v,llm,M,0.1,59,0,0,0,NA,NA,NA
completions_llm/completion_M_t0.1_6.v,llm,M,0.1,6,0,0,0,NA,NA,NA
completions_llm/completion_M_t0.1_60.v,llm,M,0.1,60,0,0,0,NA,NA,NA
completions_llm/completion_M_t0.1_61.v,llm,M,0.1,61,0,0,0,NA,NA,NA
completions_llm/completion_M_t0.1_62.v,llm,M,0.1,62,0,0,0,NA,NA,NA
completions_llm/completion_M_t0.1_63.v,llm,M,0.1,63,0,0,0,NA,NA,NA
completions_llm/completion_M_t0.1_64.v,llm,M,0.1,64,0,0,0,NA,NA,NA
completions_llm/completion_M_t0.1_65.v,llm,M,0.1,65,0,0,0,NA,NA,NA
completions_llm/completion_M_t0.1_66.v,llm,M,0.1,66,0,0,0,NA,NA,NA
completions_llm/completion_M_t0.1_67.v,llm,M,0.1,67,0,0,0,NA,NA,NA
completions_llm/completion_M_t0.1_68.v,llm,M,0.1,68,0,0,0,NA,NA,NA
completions_llm/completion_M_t0.1_69.v,llm,M,0.1,69,0,0,0,NA,NA,NA
completions_llm/completion_M_t0.1_7.v,llm,M,0.1,7,0,0,0,NA,NA,NA
completions_llm/completion_M_t0.1_70.v,llm,M,0.1,70,0,0,0,NA,NA,NA
completions_llm/completion_M_t0.1_71.v,llm,M,0.1,71,0,0,0,NA,NA,NA
completions_llm/completion_M_t0.1_72.v,llm,M,0.1,72,0,0,0,NA,NA,NA
completions_llm/completion_M_t0.1_73.v,llm,M,0.1,73,0,0,0,NA,NA,NA
completions_llm/completion_M_t0.1_74.v,llm,M,0.1,74,0,0,0,NA,NA,NA
completions_llm/completion_M_t0.1_75.v,llm,M,0.1,75,0,0,0,NA,NA,NA
completions_llm/completion_M_t0.1_76.v,llm,M,0.1,76,0,0,0,NA,NA,NA
completions_llm/completion_M_t0.1_77.v,llm,M,0.1,77,0,0,0,NA,NA,NA
completions_llm/completion_M_t0.1_78.v,llm,M,0.1,78,0,0,0,NA,NA,NA
completions_llm/completion_M_t0.1_79.v,llm,M,0.1,79,0,0,0,NA,NA,NA
completions_llm/completion_M_t0.1_8.v,llm,M,0.1,8,0,0,0,NA,NA,NA
completions_llm/completion_M_t0.1_80.v,llm,M,0.1,80,0,0,0,NA,NA,NA
completions_llm/completion_M_t0.1_81.v,llm,M,0.1,81,0,0,0,NA,NA,NA
completions_llm/completion_M_t0.1_82.v,llm,M,0.1,82,1,1,0,"20395735D94FC33C8F6C5C6960A0C610
",2517,0.000000
completions_llm/completion_M_t0.1_83.v,llm,M,0.1,83,0,0,0,NA,NA,NA
completions_llm/completion_M_t0.1_84.v,llm,M,0.1,84,0,0,0,NA,NA,NA
completions_llm/completion_M_t0.1_85.v,llm,M,0.1,85,0,0,0,NA,NA,NA
completions_llm/completion_M_t0.1_86.v,llm,M,0.1,86,0,0,0,NA,NA,NA
completions_llm/completion_M_t0.1_87.v,llm,M,0.1,87,0,0,0,NA,NA,NA
completions_llm/completion_M_t0.1_88.v,llm,M,0.1,88,1,1,0,"20395735D94FC33C8F6C5C6960A0C610
",2517,0.000000
completions_llm/completion_M_t0.1_89.v,llm,M,0.1,89,0,0,0,NA,NA,NA
completions_llm/completion_M_t0.1_9.v,llm,M,0.1,9,0,0,0,NA,NA,NA
completions_llm/completion_M_t0.1_90.v,llm,M,0.1,90,0,0,0,NA,NA,NA
completions_llm/completion_M_t0.1_91.v,llm,M,0.1,91,0,0,0,NA,NA,NA
completions_llm/completion_M_t0.1_92.v,llm,M,0.1,92,0,0,0,NA,NA,NA
completions_llm/completion_M_t0.1_93.v,llm,M,0.1,93,0,0,0,NA,NA,NA
completions_llm/completion_M_t0.1_94.v,llm,M,0.1,94,0,0,0,NA,NA,NA
completions_llm/completion_M_t0.1_95.v,llm,M,0.1,95,0,0,0,NA,NA,NA
completions_llm/completion_M_t0.1_96.v,llm,M,0.1,96,0,0,0,NA,NA,NA
completions_llm/completion_M_t0.1_97.v,llm,M,0.1,97,1,1,0,"20395735D94FC33C8F6C5C6960A0C610
",2517,0.000000
completions_llm/completion_M_t0.1_98.v,llm,M,0.1,98,0,0,0,NA,NA,NA
completions_llm/completion_M_t0.1_99.v,llm,M,0.1,99,1,1,0,"20395735D94FC33C8F6C5C6960A0C610
",2517,0.000000
completions_llm/completion_M_t0.3_0.v,llm,M,0.3,0,0,0,0,NA,NA,NA
completions_llm/completion_M_t0.3_1.v,llm,M,0.3,1,0,0,0,NA,NA,NA
completions_llm/completion_M_t0.3_10.v,llm,M,0.3,10,0,0,0,NA,NA,NA
completions_llm/completion_M_t0.3_11.v,llm,M,0.3,11,1,0,0,NA,NA,NA
completions_llm/completion_M_t0.3_12.v,llm,M,0.3,12,0,0,0,NA,NA,NA
completions_llm/completion_M_t0.3_13.v,llm,M,0.3,13,0,0,0,NA,NA,NA
completions_llm/completion_M_t0.3_14.v,llm,M,0.3,14,0,0,0,NA,NA,NA
completions_llm/completion_M_t0.3_15.v,llm,M,0.3,15,0,0,0,NA,NA,NA
completions_llm/completion_M_t0.3_16.v,llm,M,0.3,16,0,0,0,NA,NA,NA
completions_llm/completion_M_t0.3_17.v,llm,M,0.3,17,0,0,0,NA,NA,NA
completions_llm/completion_M_t0.3_18.v,llm,M,0.3,18,0,0,0,NA,NA,NA
completions_llm/completion_M_t0.3_19.v,llm,M,0.3,19,0,0,0,NA,NA,NA
completions_llm/completion_M_t0.3_2.v,llm,M,0.3,2,0,0,0,NA,NA,NA
completions_llm/completion_M_t0.3_20.v,llm,M,0.3,20,0,0,0,NA,NA,NA
completions_llm/completion_M_t0.3_21.v,llm,M,0.3,21,0,0,0,NA,NA,NA
completions_llm/completion_M_t0.3_22.v,llm,M,0.3,22,0,0,0,NA,NA,NA
completions_llm/completion_M_t0.3_23.v,llm,M,0.3,23,0,0,0,NA,NA,NA
completions_llm/completion_M_t0.3_24.v,llm,M,0.3,24,0,0,0,NA,NA,NA
completions_llm/completion_M_t0.3_25.v,llm,M,0.3,25,0,0,0,NA,NA,NA
completions_llm/completion_M_t0.3_26.v,llm,M,0.3,26,0,0,0,NA,NA,NA
completions_llm/completion_M_t0.3_27.v,llm,M,0.3,27,1,1,0,"40FCAB3F216DF54F37FB3B42FFAC4AED
",2526,0.000000
completions_llm/completion_M_t0.3_28.v,llm,M,0.3,28,1,1,0,"20395735D94FC33C8F6C5C6960A0C610
",2517,0.000000
completions_llm/completion_M_t0.3_29.v,llm,M,0.3,29,1,1,0,"20395735D94FC33C8F6C5C6960A0C610
",2517,0.000000
completions_llm/completion_M_t0.3_3.v,llm,M,0.3,3,0,0,0,NA,NA,NA
completions_llm/completion_M_t0.3_30.v,llm,M,0.3,30,0,0,0,NA,NA,NA
completions_llm/completion_M_t0.3_31.v,llm,M,0.3,31,1,1,0,"20395735D94FC33C8F6C5C6960A0C610
",2517,0.000000
completions_llm/completion_M_t0.3_32.v,llm,M,0.3,32,0,0,0,NA,NA,NA
completions_llm/completion_M_t0.3_33.v,llm,M,0.3,33,0,0,0,NA,NA,NA
completions_llm/completion_M_t0.3_34.v,llm,M,0.3,34,0,0,0,NA,NA,NA
completions_llm/completion_M_t0.3_35.v,llm,M,0.3,35,0,0,0,NA,NA,NA
completions_llm/completion_M_t0.3_36.v,llm,M,0.3,36,0,0,0,NA,NA,NA
completions_llm/completion_M_t0.3_37.v,llm,M,0.3,37,0,0,0,NA,NA,NA
completions_llm/completion_M_t0.3_38.v,llm,M,0.3,38,1,1,0,"20395735D94FC33C8F6C5C6960A0C610
",2517,0.000000
completions_llm/completion_M_t0.3_39.v,llm,M,0.3,39,0,0,0,NA,NA,NA
completions_llm/completion_M_t0.3_4.v,llm,M,0.3,4,0,0,0,NA,NA,NA
completions_llm/completion_M_t0.3_40.v,llm,M,0.3,40,0,0,0,NA,NA,NA
completions_llm/completion_M_t0.3_41.v,llm,M,0.3,41,0,0,0,NA,NA,NA
completions_llm/completion_M_t0.3_42.v,llm,M,0.3,42,0,0,0,NA,NA,NA
completions_llm/completion_M_t0.3_43.v,llm,M,0.3,43,1,1,0,"20395735D94FC33C8F6C5C6960A0C610
",2517,0.000000
completions_llm/completion_M_t0.3_44.v,llm,M,0.3,44,0,0,0,NA,NA,NA
completions_llm/completion_M_t0.3_45.v,llm,M,0.3,45,0,0,0,NA,NA,NA
completions_llm/completion_M_t0.3_46.v,llm,M,0.3,46,0,0,0,NA,NA,NA
completions_llm/completion_M_t0.3_47.v,llm,M,0.3,47,0,0,0,NA,NA,NA
completions_llm/completion_M_t0.3_48.v,llm,M,0.3,48,0,0,0,NA,NA,NA
completions_llm/completion_M_t0.3_49.v,llm,M,0.3,49,0,0,0,NA,NA,NA
completions_llm/completion_M_t0.3_5.v,llm,M,0.3,5,1,1,0,"204536150F8D58111F98C02B28464B0B
",2547,0.000000
completions_llm/completion_M_t0.3_50.v,llm,M,0.3,50,1,1,0,"40FCABEA216D5B4F37593B4248AC4AC3
",2534,53.084160
completions_llm/completion_M_t0.3_51.v,llm,M,0.3,51,0,0,0,NA,NA,NA
completions_llm/completion_M_t0.3_52.v,llm,M,0.3,52,0,0,0,NA,NA,NA
completions_llm/completion_M_t0.3_53.v,llm,M,0.3,53,0,0,0,NA,NA,NA
completions_llm/completion_M_t0.3_54.v,llm,M,0.3,54,1,1,0,"F7176DB018731FC4901E0122179A5840
",2543,NA
completions_llm/completion_M_t0.3_55.v,llm,M,0.3,55,0,0,0,NA,NA,NA
completions_llm/completion_M_t0.3_56.v,llm,M,0.3,56,1,0,0,NA,NA,NA
completions_llm/completion_M_t0.3_57.v,llm,M,0.3,57,0,0,0,NA,NA,NA
completions_llm/completion_M_t0.3_58.v,llm,M,0.3,58,0,0,0,NA,NA,NA
completions_llm/completion_M_t0.3_59.v,llm,M,0.3,59,0,0,0,NA,NA,NA
completions_llm/completion_M_t0.3_6.v,llm,M,0.3,6,0,0,0,NA,NA,NA
completions_llm/completion_M_t0.3_60.v,llm,M,0.3,60,1,1,0,"20395735D94FC33C8F6C5C6960A0C610
",2517,0.000000
completions_llm/completion_M_t0.3_61.v,llm,M,0.3,61,0,0,0,NA,NA,NA
completions_llm/completion_M_t0.3_62.v,llm,M,0.3,62,0,0,0,NA,NA,NA
completions_llm/completion_M_t0.3_63.v,llm,M,0.3,63,0,0,0,NA,NA,NA
completions_llm/completion_M_t0.3_64.v,llm,M,0.3,64,1,1,0,"40FCABD7216DEB4F37973B4221AC4AC3
",2536,42.467328
completions_llm/completion_M_t0.3_65.v,llm,M,0.3,65,0,0,0,NA,NA,NA
completions_llm/completion_M_t0.3_66.v,llm,M,0.3,66,0,0,0,NA,NA,NA
completions_llm/completion_M_t0.3_67.v,llm,M,0.3,67,0,0,0,NA,NA,NA
completions_llm/completion_M_t0.3_68.v,llm,M,0.3,68,0,0,0,NA,NA,NA
completions_llm/completion_M_t0.3_69.v,llm,M,0.3,69,0,0,0,NA,NA,NA
completions_llm/completion_M_t0.3_7.v,llm,M,0.3,7,1,1,0,"20395735D94FC33C8F6C5C6960A0C610
",2517,0.000000
completions_llm/completion_M_t0.3_70.v,llm,M,0.3,70,0,0,0,NA,NA,NA
completions_llm/completion_M_t0.3_71.v,llm,M,0.3,71,0,0,0,NA,NA,NA
completions_llm/completion_M_t0.3_72.v,llm,M,0.3,72,0,0,0,NA,NA,NA
completions_llm/completion_M_t0.3_73.v,llm,M,0.3,73,0,0,0,NA,NA,NA
completions_llm/completion_M_t0.3_74.v,llm,M,0.3,74,0,0,0,NA,NA,NA
completions_llm/completion_M_t0.3_75.v,llm,M,0.3,75,1,1,0,"F7176DB018731FC4901E0122179A5840
",2543,0.000000
completions_llm/completion_M_t0.3_76.v,llm,M,0.3,76,0,0,0,NA,NA,NA
completions_llm/completion_M_t0.3_77.v,llm,M,0.3,77,0,0,0,NA,NA,NA
completions_llm/completion_M_t0.3_78.v,llm,M,0.3,78,0,0,0,NA,NA,NA
completions_llm/completion_M_t0.3_79.v,llm,M,0.3,79,0,0,0,NA,NA,NA
completions_llm/completion_M_t0.3_8.v,llm,M,0.3,8,0,0,0,NA,NA,NA
completions_llm/completion_M_t0.3_80.v,llm,M,0.3,80,0,0,0,NA,NA,NA
completions_llm/completion_M_t0.3_81.v,llm,M,0.3,81,0,0,0,NA,NA,NA
completions_llm/completion_M_t0.3_82.v,llm,M,0.3,82,0,0,0,NA,NA,NA
completions_llm/completion_M_t0.3_83.v,llm,M,0.3,83,0,0,0,NA,NA,NA
completions_llm/completion_M_t0.3_84.v,llm,M,0.3,84,0,0,0,NA,NA,NA
completions_llm/completion_M_t0.3_85.v,llm,M,0.3,85,0,0,0,NA,NA,NA
completions_llm/completion_M_t0.3_86.v,llm,M,0.3,86,0,0,0,NA,NA,NA
completions_llm/completion_M_t0.3_87.v,llm,M,0.3,87,0,0,0,NA,NA,NA
completions_llm/completion_M_t0.3_88.v,llm,M,0.3,88,0,0,0,NA,NA,NA
completions_llm/completion_M_t0.3_89.v,llm,M,0.3,89,1,1,0,"BD921C93D99BC3908FA6EA506047C6C4
",2524,0.000000
completions_llm/completion_M_t0.3_9.v,llm,M,0.3,9,0,0,0,NA,NA,NA
completions_llm/completion_M_t0.3_90.v,llm,M,0.3,90,1,1,0,"40FCAB3F216DF54F37FB3B42FFAC4AED
",2526,0.000000
completions_llm/completion_M_t0.3_91.v,llm,M,0.3,91,0,0,0,NA,NA,NA
completions_llm/completion_M_t0.3_92.v,llm,M,0.3,92,0,0,0,NA,NA,NA
completions_llm/completion_M_t0.3_93.v,llm,M,0.3,93,0,0,0,NA,NA,NA
completions_llm/completion_M_t0.3_94.v,llm,M,0.3,94,1,1,0,"F7176DB018731FC4901E0122179A5840
",2543,0.000000
completions_llm/completion_M_t0.3_95.v,llm,M,0.3,95,0,0,0,NA,NA,NA
completions_llm/completion_M_t0.3_96.v,llm,M,0.3,96,0,0,0,NA,NA,NA
completions_llm/completion_M_t0.3_97.v,llm,M,0.3,97,0,0,0,NA,NA,NA
completions_llm/completion_M_t0.3_98.v,llm,M,0.3,98,0,0,0,NA,NA,NA
completions_llm/completion_M_t0.3_99.v,llm,M,0.3,99,0,0,0,NA,NA,NA
completions_llm/completion_M_t0.5_0.v,llm,M,0.5,0,0,0,0,NA,NA,NA
completions_llm/completion_M_t0.5_1.v,llm,M,0.5,1,0,0,0,NA,NA,NA
completions_llm/completion_M_t0.5_10.v,llm,M,0.5,10,1,1,0,"20395735D94FC33C8F6C5C6960A0C610
",2517,0.000000
completions_llm/completion_M_t0.5_11.v,llm,M,0.5,11,0,0,0,NA,NA,NA
completions_llm/completion_M_t0.5_12.v,llm,M,0.5,12,1,1,0,"20395735D94FC33C8F6C5C6960A0C610
",2517,0.000000
completions_llm/completion_M_t0.5_13.v,llm,M,0.5,13,0,0,0,NA,NA,NA
completions_llm/completion_M_t0.5_14.v,llm,M,0.5,14,1,1,0,"16342E911ADC5FEAB6FF2833E7B1E1B5
",2556,56.623104
completions_llm/completion_M_t0.5_15.v,llm,M,0.5,15,0,0,0,NA,NA,NA
completions_llm/completion_M_t0.5_16.v,llm,M,0.5,16,1,1,0,"20395735D94FC33C8F6C5C6960A0C610
",2517,0.000000
completions_llm/completion_M_t0.5_17.v,llm,M,0.5,17,0,0,0,NA,NA,NA
completions_llm/completion_M_t0.5_18.v,llm,M,0.5,18,1,1,0,"A2893B7D36477016D2284F01F55B3003
",2541,14.155776
completions_llm/completion_M_t0.5_19.v,llm,M,0.5,19,0,0,0,NA,NA,NA
completions_llm/completion_M_t0.5_2.v,llm,M,0.5,2,1,1,0,"60704420347800CB57F7FAEC109698CE
",2555,0.000000
completions_llm/completion_M_t0.5_20.v,llm,M,0.5,20,1,1,0,"F7176DB018731FC4901E0122179A5840
",2543,0.000000
completions_llm/completion_M_t0.5_21.v,llm,M,0.5,21,1,0,0,NA,NA,NA
completions_llm/completion_M_t0.5_22.v,llm,M,0.5,22,0,0,0,NA,NA,NA
completions_llm/completion_M_t0.5_23.v,llm,M,0.5,23,0,0,0,NA,NA,NA
completions_llm/completion_M_t0.5_24.v,llm,M,0.5,24,0,0,0,NA,NA,NA
completions_llm/completion_M_t0.5_25.v,llm,M,0.5,25,0,0,0,NA,NA,NA
completions_llm/completion_M_t0.5_26.v,llm,M,0.5,26,0,0,0,NA,NA,NA
completions_llm/completion_M_t0.5_27.v,llm,M,0.5,27,0,0,0,NA,NA,NA
completions_llm/completion_M_t0.5_28.v,llm,M,0.5,28,0,0,0,NA,NA,NA
completions_llm/completion_M_t0.5_29.v,llm,M,0.5,29,0,0,0,NA,NA,NA
completions_llm/completion_M_t0.5_3.v,llm,M,0.5,3,1,1,0,"F7176DB018731FC4901E0122179A5840
",2543,NA
completions_llm/completion_M_t0.5_30.v,llm,M,0.5,30,1,1,0,"40FC513F216D7DF937323B589DAC12D3
",2540,0.000000
completions_llm/completion_M_t0.5_31.v,llm,M,0.5,31,0,0,0,NA,NA,NA
completions_llm/completion_M_t0.5_32.v,llm,M,0.5,32,1,1,0,"20395735D94FC33C8F6C5C6960A0C610
",2517,0.000000
completions_llm/completion_M_t0.5_33.v,llm,M,0.5,33,0,0,0,NA,NA,NA
completions_llm/completion_M_t0.5_34.v,llm,M,0.5,34,0,0,0,NA,NA,NA
completions_llm/completion_M_t0.5_35.v,llm,M,0.5,35,0,0,0,NA,NA,NA
completions_llm/completion_M_t0.5_36.v,llm,M,0.5,36,0,0,0,NA,NA,NA
completions_llm/completion_M_t0.5_37.v,llm,M,0.5,37,0,0,0,NA,NA,NA
completions_llm/completion_M_t0.5_38.v,llm,M,0.5,38,1,1,0,"20395735D94FC33C8F6C5C6960A0C610
",2517,0.000000
completions_llm/completion_M_t0.5_39.v,llm,M,0.5,39,1,1,0,"204536150F8D58111F98C02B28464B0B
",2547,0.000000
completions_llm/completion_M_t0.5_4.v,llm,M,0.5,4,0,0,0,NA,NA,NA
completions_llm/completion_M_t0.5_40.v,llm,M,0.5,40,0,0,0,NA,NA,NA
completions_llm/completion_M_t0.5_41.v,llm,M,0.5,41,0,0,0,NA,NA,NA
completions_llm/completion_M_t0.5_42.v,llm,M,0.5,42,0,0,0,NA,NA,NA
completions_llm/completion_M_t0.5_43.v,llm,M,0.5,43,1,1,0,"F7176DB018731FC4901E0122179A5840
",2543,0.000000
completions_llm/completion_M_t0.5_44.v,llm,M,0.5,44,1,1,0,"F7176DB018731FC4901E0122179A5840
",2543,NA
completions_llm/completion_M_t0.5_45.v,llm,M,0.5,45,0,0,0,NA,NA,NA
completions_llm/completion_M_t0.5_46.v,llm,M,0.5,46,0,0,0,NA,NA,NA
completions_llm/completion_M_t0.5_47.v,llm,M,0.5,47,0,0,0,NA,NA,NA
completions_llm/completion_M_t0.5_48.v,llm,M,0.5,48,1,1,0,"F7176DB018731FC4901E0122179A5840
",2543,0.000000
completions_llm/completion_M_t0.5_49.v,llm,M,0.5,49,0,0,0,NA,NA,NA
completions_llm/completion_M_t0.5_5.v,llm,M,0.5,5,1,1,0,"20395735D94FC33C8F6C5C6960A0C610
",2517,0.000000
completions_llm/completion_M_t0.5_50.v,llm,M,0.5,50,0,0,0,NA,NA,NA
completions_llm/completion_M_t0.5_51.v,llm,M,0.5,51,0,0,0,NA,NA,NA
completions_llm/completion_M_t0.5_52.v,llm,M,0.5,52,0,0,0,NA,NA,NA
completions_llm/completion_M_t0.5_53.v,llm,M,0.5,53,0,0,0,NA,NA,NA
completions_llm/completion_M_t0.5_54.v,llm,M,0.5,54,0,0,0,NA,NA,NA
completions_llm/completion_M_t0.5_55.v,llm,M,0.5,55,0,0,0,NA,NA,NA
completions_llm/completion_M_t0.5_56.v,llm,M,0.5,56,0,0,0,NA,NA,NA
completions_llm/completion_M_t0.5_57.v,llm,M,0.5,57,0,0,0,NA,NA,NA
completions_llm/completion_M_t0.5_58.v,llm,M,0.5,58,0,0,0,NA,NA,NA
completions_llm/completion_M_t0.5_59.v,llm,M,0.5,59,0,0,0,NA,NA,NA
completions_llm/completion_M_t0.5_6.v,llm,M,0.5,6,1,1,0,"F7176DB018731FC4901E0122179A5840
",2543,0.000000
completions_llm/completion_M_t0.5_60.v,llm,M,0.5,60,0,0,0,NA,NA,NA
completions_llm/completion_M_t0.5_61.v,llm,M,0.5,61,0,0,0,NA,NA,NA
completions_llm/completion_M_t0.5_62.v,llm,M,0.5,62,0,0,0,NA,NA,NA
completions_llm/completion_M_t0.5_63.v,llm,M,0.5,63,1,0,0,NA,NA,NA
completions_llm/completion_M_t0.5_64.v,llm,M,0.5,64,1,1,0,"20451C810FB55BE006D92E352D468736
",2533,0.000000
completions_llm/completion_M_t0.5_65.v,llm,M,0.5,65,0,0,0,NA,NA,NA
completions_llm/completion_M_t0.5_66.v,llm,M,0.5,66,0,0,0,NA,NA,NA
completions_llm/completion_M_t0.5_67.v,llm,M,0.5,67,0,0,0,NA,NA,NA
completions_llm/completion_M_t0.5_68.v,llm,M,0.5,68,0,0,0,NA,NA,NA
completions_llm/completion_M_t0.5_69.v,llm,M,0.5,69,0,0,0,NA,NA,NA
completions_llm/completion_M_t0.5_7.v,llm,M,0.5,7,1,1,0,"400A59E002CE834F4C623B6DD6AC91C2
",2550,42.467328
completions_llm/completion_M_t0.5_70.v,llm,M,0.5,70,0,0,0,NA,NA,NA
completions_llm/completion_M_t0.5_71.v,llm,M,0.5,71,1,1,0,"20395735D94FC33C8F6C5C6960A0C610
",2517,0.000000
completions_llm/completion_M_t0.5_72.v,llm,M,0.5,72,0,0,0,NA,NA,NA
completions_llm/completion_M_t0.5_73.v,llm,M,0.5,73,1,0,0,NA,NA,NA
completions_llm/completion_M_t0.5_74.v,llm,M,0.5,74,0,0,0,NA,NA,NA
completions_llm/completion_M_t0.5_75.v,llm,M,0.5,75,0,0,0,NA,NA,NA
completions_llm/completion_M_t0.5_76.v,llm,M,0.5,76,1,1,0,"20395735D94FC33C8F6C5C6960A0C610
",2517,0.000000
completions_llm/completion_M_t0.5_77.v,llm,M,0.5,77,1,1,0,"61176284D902C3088F37B88960C4C6FB
",2525,0.000000
completions_llm/completion_M_t0.5_78.v,llm,M,0.5,78,1,1,0,"20456DB0D9101F08C51E0D841747CC40
",2524,0.000000
completions_llm/completion_M_t0.5_79.v,llm,M,0.5,79,1,1,0,"F645E8E60C8DFD84AB980FBB3E2C2228
",2571,21.233664
completions_llm/completion_M_t0.5_8.v,llm,M,0.5,8,0,0,0,NA,NA,NA
completions_llm/completion_M_t0.5_80.v,llm,M,0.5,80,1,1,0,"20395735D94FC33C8F6C5C6960A0C610
",2517,0.000000
completions_llm/completion_M_t0.5_81.v,llm,M,0.5,81,0,0,0,NA,NA,NA
completions_llm/completion_M_t0.5_82.v,llm,M,0.5,82,1,1,0,"A8B6ED46C13037C12E8F9EF45BF61614
",2522,7.077888
completions_llm/completion_M_t0.5_83.v,llm,M,0.5,83,0,0,0,NA,NA,NA
completions_llm/completion_M_t0.5_84.v,llm,M,0.5,84,0,0,0,NA,NA,NA
completions_llm/completion_M_t0.5_85.v,llm,M,0.5,85,0,0,0,NA,NA,NA
completions_llm/completion_M_t0.5_86.v,llm,M,0.5,86,0,0,0,NA,NA,NA
completions_llm/completion_M_t0.5_87.v,llm,M,0.5,87,0,0,0,NA,NA,NA
completions_llm/completion_M_t0.5_88.v,llm,M,0.5,88,0,0,0,NA,NA,NA
completions_llm/completion_M_t0.5_89.v,llm,M,0.5,89,1,1,0,"20455A66D9D87A088FDA0DA06047CC3A
",2511,0.000000
completions_llm/completion_M_t0.5_9.v,llm,M,0.5,9,0,0,0,NA,NA,NA
completions_llm/completion_M_t0.5_90.v,llm,M,0.5,90,1,1,0,"DFA63630CCB3FB397DF50DA7E3A3CC0C
",2510,0.000000
completions_llm/completion_M_t0.5_91.v,llm,M,0.5,91,1,1,0,"F7176DB018731FC4901E0122179A5840
",2543,0.000000
completions_llm/completion_M_t0.5_92.v,llm,M,0.5,92,0,0,0,NA,NA,NA
completions_llm/completion_M_t0.5_93.v,llm,M,0.5,93,1,1,0,"20B1B6870FCF4D461FC345932863706C
",2524,0.000000
completions_llm/completion_M_t0.5_94.v,llm,M,0.5,94,0,0,0,NA,NA,NA
completions_llm/completion_M_t0.5_95.v,llm,M,0.5,95,1,1,0,"2045C98BD9DB840895F70D3F5747CCFF
",2538,0.000000
completions_llm/completion_M_t0.5_96.v,llm,M,0.5,96,0,0,0,NA,NA,NA
completions_llm/completion_M_t0.5_97.v,llm,M,0.5,97,0,0,0,NA,NA,NA
completions_llm/completion_M_t0.5_98.v,llm,M,0.5,98,0,0,0,NA,NA,NA
completions_llm/completion_M_t0.5_99.v,llm,M,0.5,99,1,1,0,"F7176DB018731FC4901E0122179A5840
",2543,0.000000
completions_llm/completion_M_t0.7_0.v,llm,M,0.7,0,1,1,0,"20395735D94FC33C8F6C5C6960A0C610
",2517,0.000000
completions_llm/completion_M_t0.7_1.v,llm,M,0.7,1,0,0,0,NA,NA,NA
completions_llm/completion_M_t0.7_10.v,llm,M,0.7,10,0,0,0,NA,NA,NA
completions_llm/completion_M_t0.7_11.v,llm,M,0.7,11,0,0,0,NA,NA,NA
completions_llm/completion_M_t0.7_12.v,llm,M,0.7,12,0,0,0,NA,NA,NA
completions_llm/completion_M_t0.7_13.v,llm,M,0.7,13,0,0,0,NA,NA,NA
completions_llm/completion_M_t0.7_14.v,llm,M,0.7,14,0,0,0,NA,NA,NA
completions_llm/completion_M_t0.7_15.v,llm,M,0.7,15,0,0,0,NA,NA,NA
completions_llm/completion_M_t0.7_16.v,llm,M,0.7,16,0,0,0,NA,NA,NA
completions_llm/completion_M_t0.7_17.v,llm,M,0.7,17,0,0,0,NA,NA,NA
completions_llm/completion_M_t0.7_18.v,llm,M,0.7,18,0,0,0,NA,NA,NA
completions_llm/completion_M_t0.7_19.v,llm,M,0.7,19,0,0,0,NA,NA,NA
completions_llm/completion_M_t0.7_2.v,llm,M,0.7,2,0,0,0,NA,NA,NA
completions_llm/completion_M_t0.7_20.v,llm,M,0.7,20,0,0,0,NA,NA,NA
completions_llm/completion_M_t0.7_21.v,llm,M,0.7,21,0,0,0,NA,NA,NA
completions_llm/completion_M_t0.7_22.v,llm,M,0.7,22,0,0,0,NA,NA,NA
completions_llm/completion_M_t0.7_23.v,llm,M,0.7,23,1,1,0,"70F881E7636852BB38B6691C39FF904D
",2546,14.155776
completions_llm/completion_M_t0.7_24.v,llm,M,0.7,24,1,1,0,"43D7B2A50A160C0C7C61690EB5EAA2A0
",2520,0.000000
completions_llm/completion_M_t0.7_25.v,llm,M,0.7,25,0,0,0,NA,NA,NA
completions_llm/completion_M_t0.7_26.v,llm,M,0.7,26,0,0,0,NA,NA,NA
completions_llm/completion_M_t0.7_27.v,llm,M,0.7,27,1,1,0,"686984150DB536AD0F4AF0FB9447B989
",2529,NA
completions_llm/completion_M_t0.7_28.v,llm,M,0.7,28,0,0,0,NA,NA,NA
completions_llm/completion_M_t0.7_29.v,llm,M,0.7,29,1,1,0,"2E5B08C725532ED68E54D2510641B4F6
",2539,0.000000
completions_llm/completion_M_t0.7_3.v,llm,M,0.7,3,1,1,0,"BD590357BD16E00BA8A6D1206047CCDA
",2515,0.000000
completions_llm/completion_M_t0.7_30.v,llm,M,0.7,30,1,1,0,"20395735D94FC33C8F6C5C6960A0C610
",2517,0.000000
completions_llm/completion_M_t0.7_31.v,llm,M,0.7,31,1,1,0,"F7176DB018731FC4901E0122179A5840
",2543,0.000000
completions_llm/completion_M_t0.7_32.v,llm,M,0.7,32,0,0,0,NA,NA,NA
completions_llm/completion_M_t0.7_33.v,llm,M,0.7,33,0,0,0,NA,NA,NA
completions_llm/completion_M_t0.7_34.v,llm,M,0.7,34,0,0,0,NA,NA,NA
completions_llm/completion_M_t0.7_35.v,llm,M,0.7,35,0,0,0,NA,NA,NA
completions_llm/completion_M_t0.7_36.v,llm,M,0.7,36,0,0,0,NA,NA,NA
completions_llm/completion_M_t0.7_37.v,llm,M,0.7,37,0,0,0,NA,NA,NA
completions_llm/completion_M_t0.7_38.v,llm,M,0.7,38,0,0,0,NA,NA,NA
completions_llm/completion_M_t0.7_39.v,llm,M,0.7,39,0,0,0,NA,NA,NA
completions_llm/completion_M_t0.7_4.v,llm,M,0.7,4,0,0,0,NA,NA,NA
completions_llm/completion_M_t0.7_40.v,llm,M,0.7,40,0,0,0,NA,NA,NA
completions_llm/completion_M_t0.7_41.v,llm,M,0.7,41,0,0,0,NA,NA,NA
completions_llm/completion_M_t0.7_42.v,llm,M,0.7,42,1,1,0,"40FCABA9216D7D4F37323B429DAC4AC3
",2535,0.884736
completions_llm/completion_M_t0.7_43.v,llm,M,0.7,43,0,0,0,NA,NA,NA
completions_llm/completion_M_t0.7_44.v,llm,M,0.7,44,0,0,0,NA,NA,NA
completions_llm/completion_M_t0.7_45.v,llm,M,0.7,45,0,0,0,NA,NA,NA
completions_llm/completion_M_t0.7_46.v,llm,M,0.7,46,0,0,0,NA,NA,NA
completions_llm/completion_M_t0.7_47.v,llm,M,0.7,47,0,0,0,NA,NA,NA
completions_llm/completion_M_t0.7_48.v,llm,M,0.7,48,0,0,0,NA,NA,NA
completions_llm/completion_M_t0.7_49.v,llm,M,0.7,49,1,1,0,"F7176DB018731FC4901E0122179A5840
",2543,0.000000
completions_llm/completion_M_t0.7_5.v,llm,M,0.7,5,1,1,0,"F7176DB018731FC4901E0122179A5840
",2543,0.000000
completions_llm/completion_M_t0.7_50.v,llm,M,0.7,50,1,1,0,"20395735D94FC33C8F6C5C6960A0C610
",2517,0.000000
completions_llm/completion_M_t0.7_51.v,llm,M,0.7,51,1,1,0,"20395735D94FC33C8F6C5C6960A0C610
",2517,0.000000
completions_llm/completion_M_t0.7_52.v,llm,M,0.7,52,0,0,0,NA,NA,NA
completions_llm/completion_M_t0.7_53.v,llm,M,0.7,53,0,0,0,NA,NA,NA
completions_llm/completion_M_t0.7_54.v,llm,M,0.7,54,0,0,0,NA,NA,NA
completions_llm/completion_M_t0.7_55.v,llm,M,0.7,55,0,0,0,NA,NA,NA
completions_llm/completion_M_t0.7_56.v,llm,M,0.7,56,0,0,0,NA,NA,NA
completions_llm/completion_M_t0.7_57.v,llm,M,0.7,57,0,0,0,NA,NA,NA
completions_llm/completion_M_t0.7_58.v,llm,M,0.7,58,1,1,0,"F7176DB018731FC4901E0122179A5840
",2543,0.000000
completions_llm/completion_M_t0.7_59.v,llm,M,0.7,59,0,0,0,NA,NA,NA
completions_llm/completion_M_t0.7_6.v,llm,M,0.7,6,1,0,0,NA,NA,NA
completions_llm/completion_M_t0.7_60.v,llm,M,0.7,60,0,0,0,NA,NA,NA
completions_llm/completion_M_t0.7_61.v,llm,M,0.7,61,0,0,0,NA,NA,NA
completions_llm/completion_M_t0.7_62.v,llm,M,0.7,62,0,0,0,NA,NA,NA
completions_llm/completion_M_t0.7_63.v,llm,M,0.7,63,0,0,0,NA,NA,NA
completions_llm/completion_M_t0.7_64.v,llm,M,0.7,64,0,0,0,NA,NA,NA
completions_llm/completion_M_t0.7_65.v,llm,M,0.7,65,0,0,0,NA,NA,NA
completions_llm/completion_M_t0.7_66.v,llm,M,0.7,66,0,0,0,NA,NA,NA
completions_llm/completion_M_t0.7_67.v,llm,M,0.7,67,0,0,0,NA,NA,NA
completions_llm/completion_M_t0.7_68.v,llm,M,0.7,68,1,1,0,"F7176DB018731FC4901E0122179A5840
",2543,0.000000
completions_llm/completion_M_t0.7_69.v,llm,M,0.7,69,1,1,0,"BD590357BD16E00BA8A6D1206047CCDA
",2515,0.000000
completions_llm/completion_M_t0.7_7.v,llm,M,0.7,7,0,0,0,NA,NA,NA
completions_llm/completion_M_t0.7_70.v,llm,M,0.7,70,0,0,0,NA,NA,NA
completions_llm/completion_M_t0.7_71.v,llm,M,0.7,71,0,0,0,NA,NA,NA
completions_llm/completion_M_t0.7_72.v,llm,M,0.7,72,0,0,0,NA,NA,NA
completions_llm/completion_M_t0.7_73.v,llm,M,0.7,73,0,0,0,NA,NA,NA
completions_llm/completion_M_t0.7_74.v,llm,M,0.7,74,1,0,0,NA,NA,NA
completions_llm/completion_M_t0.7_75.v,llm,M,0.7,75,0,0,0,NA,NA,NA
completions_llm/completion_M_t0.7_76.v,llm,M,0.7,76,0,0,0,NA,NA,NA
completions_llm/completion_M_t0.7_77.v,llm,M,0.7,77,1,1,0,"40FCAB23216D324F37BC3B42F4AC4AC3
",2519,0.000000
completions_llm/completion_M_t0.7_78.v,llm,M,0.7,78,0,0,0,NA,NA,NA
completions_llm/completion_M_t0.7_79.v,llm,M,0.7,79,0,0,0,NA,NA,NA
completions_llm/completion_M_t0.7_8.v,llm,M,0.7,8,0,0,0,NA,NA,NA
completions_llm/completion_M_t0.7_80.v,llm,M,0.7,80,0,0,0,NA,NA,NA
completions_llm/completion_M_t0.7_81.v,llm,M,0.7,81,0,0,0,NA,NA,NA
completions_llm/completion_M_t0.7_82.v,llm,M,0.7,82,1,1,0,"F7176DB018731FC4901E0122179A5840
",2543,0.000000
completions_llm/completion_M_t0.7_83.v,llm,M,0.7,83,1,0,0,NA,NA,NA
completions_llm/completion_M_t0.7_84.v,llm,M,0.7,84,0,0,0,NA,NA,NA
completions_llm/completion_M_t0.7_85.v,llm,M,0.7,85,0,0,0,NA,NA,NA
completions_llm/completion_M_t0.7_86.v,llm,M,0.7,86,0,0,0,NA,NA,NA
completions_llm/completion_M_t0.7_87.v,llm,M,0.7,87,0,0,0,NA,NA,NA
completions_llm/completion_M_t0.7_88.v,llm,M,0.7,88,0,0,0,NA,NA,NA
completions_llm/completion_M_t0.7_89.v,llm,M,0.7,89,0,0,0,NA,NA,NA
completions_llm/completion_M_t0.7_9.v,llm,M,0.7,9,0,0,0,NA,NA,NA
completions_llm/completion_M_t0.7_90.v,llm,M,0.7,90,1,1,0,"F7176DB018731FC4901E0122179A5840
",2543,0.000000
completions_llm/completion_M_t0.7_91.v,llm,M,0.7,91,0,0,0,NA,NA,NA
completions_llm/completion_M_t0.7_92.v,llm,M,0.7,92,1,1,0,NA,0,NA
completions_llm/completion_M_t0.7_93.v,llm,M,0.7,93,0,0,0,NA,NA,NA
completions_llm/completion_M_t0.7_94.v,llm,M,0.7,94,1,0,0,NA,NA,NA
completions_llm/completion_M_t0.7_95.v,llm,M,0.7,95,0,0,0,NA,NA,NA
completions_llm/completion_M_t0.7_96.v,llm,M,0.7,96,0,0,0,NA,NA,NA
completions_llm/completion_M_t0.7_97.v,llm,M,0.7,97,0,0,0,NA,NA,NA
completions_llm/completion_M_t0.7_98.v,llm,M,0.7,98,0,0,0,NA,NA,NA
completions_llm/completion_M_t0.7_99.v,llm,M,0.7,99,1,1,0,"109F1F04F902DC088F371BFB60C4E012
",2521,0.000000
completions_llm/completion_M_t1.0_0.v,llm,M,1.0,0,0,0,0,NA,NA,NA
completions_llm/completion_M_t1.0_1.v,llm,M,1.0,1,0,0,0,NA,NA,NA
completions_llm/completion_M_t1.0_10.v,llm,M,1.0,10,0,0,0,NA,NA,NA
completions_llm/completion_M_t1.0_11.v,llm,M,1.0,11,0,0,0,NA,NA,NA
completions_llm/completion_M_t1.0_12.v,llm,M,1.0,12,0,0,0,NA,NA,NA
completions_llm/completion_M_t1.0_13.v,llm,M,1.0,13,0,0,0,NA,NA,NA
completions_llm/completion_M_t1.0_14.v,llm,M,1.0,14,1,0,0,NA,NA,NA
completions_llm/completion_M_t1.0_15.v,llm,M,1.0,15,1,1,0,"40FCAB15216D574F37053B4263AC4AC3
",2526,0.000000
completions_llm/completion_M_t1.0_16.v,llm,M,1.0,16,1,1,0,"20FF57A9D9447D7E8F7E5C4360EF3B9C
",2526,0.294912
completions_llm/completion_M_t1.0_17.v,llm,M,1.0,17,0,0,0,NA,NA,NA
completions_llm/completion_M_t1.0_18.v,llm,M,1.0,18,0,0,0,NA,NA,NA
completions_llm/completion_M_t1.0_19.v,llm,M,1.0,19,0,0,0,NA,NA,NA
completions_llm/completion_M_t1.0_2.v,llm,M,1.0,2,1,0,0,NA,NA,NA
completions_llm/completion_M_t1.0_20.v,llm,M,1.0,20,0,0,0,NA,NA,NA
completions_llm/completion_M_t1.0_21.v,llm,M,1.0,21,0,0,0,NA,NA,NA
completions_llm/completion_M_t1.0_22.v,llm,M,1.0,22,0,0,0,NA,NA,NA
completions_llm/completion_M_t1.0_23.v,llm,M,1.0,23,0,0,0,NA,NA,NA
completions_llm/completion_M_t1.0_24.v,llm,M,1.0,24,0,0,0,NA,NA,NA
completions_llm/completion_M_t1.0_25.v,llm,M,1.0,25,0,0,0,NA,NA,NA
completions_llm/completion_M_t1.0_26.v,llm,M,1.0,26,0,0,0,NA,NA,NA
completions_llm/completion_M_t1.0_27.v,llm,M,1.0,27,1,1,0,"20395735D94FC33C8F6C5C6960A0C610
",2517,0.000000
completions_llm/completion_M_t1.0_28.v,llm,M,1.0,28,0,0,0,NA,NA,NA
completions_llm/completion_M_t1.0_29.v,llm,M,1.0,29,0,0,0,NA,NA,NA
completions_llm/completion_M_t1.0_3.v,llm,M,1.0,3,0,0,0,NA,NA,NA
completions_llm/completion_M_t1.0_30.v,llm,M,1.0,30,0,0,0,NA,NA,NA
completions_llm/completion_M_t1.0_31.v,llm,M,1.0,31,0,0,0,NA,NA,NA
completions_llm/completion_M_t1.0_32.v,llm,M,1.0,32,0,0,0,NA,NA,NA
completions_llm/completion_M_t1.0_33.v,llm,M,1.0,33,0,0,0,NA,NA,NA
completions_llm/completion_M_t1.0_34.v,llm,M,1.0,34,0,0,0,NA,NA,NA
completions_llm/completion_M_t1.0_35.v,llm,M,1.0,35,0,0,0,NA,NA,NA
completions_llm/completion_M_t1.0_36.v,llm,M,1.0,36,0,0,0,NA,NA,NA
completions_llm/completion_M_t1.0_37.v,llm,M,1.0,37,0,0,0,NA,NA,NA
completions_llm/completion_M_t1.0_38.v,llm,M,1.0,38,0,0,0,NA,NA,NA
completions_llm/completion_M_t1.0_39.v,llm,M,1.0,39,0,0,0,NA,NA,NA
completions_llm/completion_M_t1.0_4.v,llm,M,1.0,4,0,0,0,NA,NA,NA
completions_llm/completion_M_t1.0_40.v,llm,M,1.0,40,0,0,0,NA,NA,NA
completions_llm/completion_M_t1.0_41.v,llm,M,1.0,41,0,0,0,NA,NA,NA
completions_llm/completion_M_t1.0_42.v,llm,M,1.0,42,0,0,0,NA,NA,NA
completions_llm/completion_M_t1.0_43.v,llm,M,1.0,43,1,1,0,"F7176DB018731FC4901E0122179A5840
",2543,0.000000
completions_llm/completion_M_t1.0_44.v,llm,M,1.0,44,0,0,0,NA,NA,NA
completions_llm/completion_M_t1.0_45.v,llm,M,1.0,45,0,0,0,NA,NA,NA
completions_llm/completion_M_t1.0_46.v,llm,M,1.0,46,0,0,0,NA,NA,NA
completions_llm/completion_M_t1.0_47.v,llm,M,1.0,47,0,0,0,NA,NA,NA
completions_llm/completion_M_t1.0_48.v,llm,M,1.0,48,0,0,0,NA,NA,NA
completions_llm/completion_M_t1.0_49.v,llm,M,1.0,49,0,0,0,NA,NA,NA
completions_llm/completion_M_t1.0_5.v,llm,M,1.0,5,0,0,0,NA,NA,NA
completions_llm/completion_M_t1.0_50.v,llm,M,1.0,50,0,0,0,NA,NA,NA
completions_llm/completion_M_t1.0_51.v,llm,M,1.0,51,1,1,0,"F7176DB018731FC4901E0122179A5840
",2543,0.000000
completions_llm/completion_M_t1.0_52.v,llm,M,1.0,52,0,0,0,NA,NA,NA
completions_llm/completion_M_t1.0_53.v,llm,M,1.0,53,0,0,0,NA,NA,NA
completions_llm/completion_M_t1.0_54.v,llm,M,1.0,54,0,0,0,NA,NA,NA
completions_llm/completion_M_t1.0_55.v,llm,M,1.0,55,0,0,0,NA,NA,NA
completions_llm/completion_M_t1.0_56.v,llm,M,1.0,56,0,0,0,NA,NA,NA
completions_llm/completion_M_t1.0_57.v,llm,M,1.0,57,0,0,0,NA,NA,NA
completions_llm/completion_M_t1.0_58.v,llm,M,1.0,58,0,0,0,NA,NA,NA
completions_llm/completion_M_t1.0_59.v,llm,M,1.0,59,1,1,0,"40FCABD7216DEB4F37973B4221AC4AC3
",2536,42.467328
completions_llm/completion_M_t1.0_6.v,llm,M,1.0,6,1,0,0,NA,NA,NA
completions_llm/completion_M_t1.0_60.v,llm,M,1.0,60,0,0,0,NA,NA,NA
completions_llm/completion_M_t1.0_61.v,llm,M,1.0,61,0,0,0,NA,NA,NA
completions_llm/completion_M_t1.0_62.v,llm,M,1.0,62,0,0,0,NA,NA,NA
completions_llm/completion_M_t1.0_63.v,llm,M,1.0,63,0,0,0,NA,NA,NA
completions_llm/completion_M_t1.0_64.v,llm,M,1.0,64,0,0,0,NA,NA,NA
completions_llm/completion_M_t1.0_65.v,llm,M,1.0,65,0,0,0,NA,NA,NA
completions_llm/completion_M_t1.0_66.v,llm,M,1.0,66,0,0,0,NA,NA,NA
completions_llm/completion_M_t1.0_67.v,llm,M,1.0,67,0,0,0,NA,NA,NA
completions_llm/completion_M_t1.0_68.v,llm,M,1.0,68,0,0,0,NA,NA,NA
completions_llm/completion_M_t1.0_69.v,llm,M,1.0,69,0,0,0,NA,NA,NA
completions_llm/completion_M_t1.0_7.v,llm,M,1.0,7,0,0,0,NA,NA,NA
completions_llm/completion_M_t1.0_70.v,llm,M,1.0,70,0,0,0,NA,NA,NA
completions_llm/completion_M_t1.0_71.v,llm,M,1.0,71,1,1,0,"40FC6DB021731F4F901E3B2217AC4A40
",2527,0.000000
completions_llm/completion_M_t1.0_72.v,llm,M,1.0,72,0,0,0,NA,NA,NA
completions_llm/completion_M_t1.0_73.v,llm,M,1.0,73,0,0,0,NA,NA,NA
completions_llm/completion_M_t1.0_74.v,llm,M,1.0,74,0,0,0,NA,NA,NA
completions_llm/completion_M_t1.0_75.v,llm,M,1.0,75,1,1,0,"40FCABB0216D1F4F371E3B2217AC58C3
",2503,NA
completions_llm/completion_M_t1.0_76.v,llm,M,1.0,76,0,0,0,NA,NA,NA
completions_llm/completion_M_t1.0_77.v,llm,M,1.0,77,0,0,0,NA,NA,NA
completions_llm/completion_M_t1.0_78.v,llm,M,1.0,78,1,1,0,"B03A7B79C1505E3305F21F1A873A2E78
",2542,0.000000
completions_llm/completion_M_t1.0_79.v,llm,M,1.0,79,0,0,0,NA,NA,NA
completions_llm/completion_M_t1.0_8.v,llm,M,1.0,8,0,0,0,NA,NA,NA
completions_llm/completion_M_t1.0_80.v,llm,M,1.0,80,0,0,0,NA,NA,NA
completions_llm/completion_M_t1.0_81.v,llm,M,1.0,81,0,0,0,NA,NA,NA
completions_llm/completion_M_t1.0_82.v,llm,M,1.0,82,0,0,0,NA,NA,NA
completions_llm/completion_M_t1.0_83.v,llm,M,1.0,83,0,0,0,NA,NA,NA
completions_llm/completion_M_t1.0_84.v,llm,M,1.0,84,0,0,0,NA,NA,NA
completions_llm/completion_M_t1.0_85.v,llm,M,1.0,85,0,0,0,NA,NA,NA
completions_llm/completion_M_t1.0_86.v,llm,M,1.0,86,0,0,0,NA,NA,NA
completions_llm/completion_M_t1.0_87.v,llm,M,1.0,87,1,1,0,"20EDE6BD0F7EA2DB2D2F4804E28B553D
",2522,28.311553
completions_llm/completion_M_t1.0_88.v,llm,M,1.0,88,0,0,0,NA,NA,NA
completions_llm/completion_M_t1.0_89.v,llm,M,1.0,89,0,0,0,NA,NA,NA
completions_llm/completion_M_t1.0_9.v,llm,M,1.0,9,1,1,0,"20B602B790F5FD3CF0D83013BFA435CC
",2543,42.467328
completions_llm/completion_M_t1.0_90.v,llm,M,1.0,90,0,0,0,NA,NA,NA
completions_llm/completion_M_t1.0_91.v,llm,M,1.0,91,0,0,0,NA,NA,NA
completions_llm/completion_M_t1.0_92.v,llm,M,1.0,92,0,0,0,NA,NA,NA
completions_llm/completion_M_t1.0_93.v,llm,M,1.0,93,0,0,0,NA,NA,NA
completions_llm/completion_M_t1.0_94.v,llm,M,1.0,94,0,0,0,NA,NA,NA
completions_llm/completion_M_t1.0_95.v,llm,M,1.0,95,0,0,0,NA,NA,NA
completions_llm/completion_M_t1.0_96.v,llm,M,1.0,96,0,0,0,NA,NA,NA
completions_llm/completion_M_t1.0_97.v,llm,M,1.0,97,0,0,0,NA,NA,NA
completions_llm/completion_M_t1.0_98.v,llm,M,1.0,98,0,0,0,NA,NA,NA
completions_llm/completion_M_t1.0_99.v,llm,M,1.0,99,0,0,0,NA,NA,NA
completions_gpt3.5/completion_L_t0.1_0.v,gpt3.5,L,0.1,0,0,0,0,NA,NA,NA
completions_gpt3.5/completion_L_t0.1_1.v,gpt3.5,L,0.1,1,0,0,0,NA,NA,NA
completions_gpt3.5/completion_L_t0.1_2.v,gpt3.5,L,0.1,2,1,1,0,"9412A940AF46C376B7402229156EF050
",2538,124.747776
completions_gpt3.5/completion_L_t0.1_3.v,gpt3.5,L,0.1,3,0,0,0,NA,NA,NA
completions_gpt3.5/completion_L_t0.1_4.v,gpt3.5,L,0.1,4,0,0,0,NA,NA,NA
completions_gpt3.5/completion_L_t0.1_5.v,gpt3.5,L,0.1,5,0,0,0,NA,NA,NA
completions_gpt3.5/completion_L_t0.1_6.v,gpt3.5,L,0.1,6,0,0,0,NA,NA,NA
completions_gpt3.5/completion_L_t0.1_7.v,gpt3.5,L,0.1,7,0,0,0,NA,NA,NA
completions_gpt3.5/completion_L_t0.1_8.v,gpt3.5,L,0.1,8,0,0,0,NA,NA,NA
completions_gpt3.5/completion_L_t0.1_9.v,gpt3.5,L,0.1,9,1,1,0,"F7176DB018731FC4901E0122179A5840
",2543,0.000000
completions_gpt3.5/completion_L_t0.1_10.v,gpt3.5,L,0.1,10,1,1,0,"253FE54433C4D6714D954ACECCF7BFB5
",2539,42.467328
completions_gpt3.5/completion_L_t0.1_11.v,gpt3.5,L,0.1,11,1,1,0,"40FCAB00216D7DDE37323B499DAC4A72
",2541,3.538944
completions_gpt3.5/completion_L_t0.1_12.v,gpt3.5,L,0.1,12,1,1,0,"253FE54433C4D6714D954ACECCF7BFB5
",2539,42.467328
completions_gpt3.5/completion_L_t0.1_13.v,gpt3.5,L,0.1,13,0,0,0,NA,NA,NA
completions_gpt3.5/completion_L_t0.1_14.v,gpt3.5,L,0.1,14,1,1,0,"253FE54433C4D6714D954ACECCF7BFB5
",2539,42.467328
completions_gpt3.5/completion_L_t0.1_15.v,gpt3.5,L,0.1,15,1,1,0,"066EAF291521F9A509AFF8F4426B9366
",2526,2.949120
completions_gpt3.5/completion_L_t0.1_16.v,gpt3.5,L,0.1,16,1,1,0,"066EAF291521F9A509AFF8F4426B9366
",2526,2.949120
completions_gpt3.5/completion_L_t0.1_17.v,gpt3.5,L,0.1,17,1,1,0,"066EAF291521F9A509AFF8F4426B9366
",2526,2.949120
completions_gpt3.5/completion_L_t0.1_18.v,gpt3.5,L,0.1,18,1,1,0,"066EAF291521F9A509AFF8F4426B9366
",2526,2.949120
completions_gpt3.5/completion_L_t0.1_19.v,gpt3.5,L,0.1,19,1,1,0,"253FE54433C4D6714D954ACECCF7BFB5
",2539,42.467328
completions_gpt3.5/completion_L_t0.1_20.v,gpt3.5,L,0.1,20,1,1,0,"40FCABDA216DF14F37323B429DAC4AC3
",2529,21.233664
completions_gpt3.5/completion_L_t0.1_21.v,gpt3.5,L,0.1,21,1,1,0,"F7176DB018731FC4901E0122179A5840
",2543,0.000000
completions_gpt3.5/completion_L_t0.1_22.v,gpt3.5,L,0.1,22,1,1,0,"40FCABDA216DF14F37323B429DAC4AC3
",2529,21.233664
completions_gpt3.5/completion_L_t0.1_23.v,gpt3.5,L,0.1,23,1,1,0,"253FE54433C4D6714D954ACECCF7BFB5
",2539,42.467328
completions_gpt3.5/completion_L_t0.1_24.v,gpt3.5,L,0.1,24,1,1,0,"40FCABDA216DF14F37323B429DAC4AC3
",2529,21.233664
completions_gpt3.5/completion_L_t0.1_25.v,gpt3.5,L,0.1,25,1,1,0,"20395735D94FC33C8F6C5C6960A0C610
",2517,0.000000
completions_gpt3.5/completion_L_t0.1_26.v,gpt3.5,L,0.1,26,1,1,0,"253FE54433C4D6714D954ACECCF7BFB5
",2539,42.467328
completions_gpt3.5/completion_L_t0.1_27.v,gpt3.5,L,0.1,27,1,1,0,"253FE54433C4D6714D954ACECCF7BFB5
",2539,42.467328
completions_gpt3.5/completion_L_t0.1_28.v,gpt3.5,L,0.1,28,0,0,0,NA,NA,NA
completions_gpt3.5/completion_L_t0.1_29.v,gpt3.5,L,0.1,29,1,1,0,"253FE54433C4D6714D954ACECCF7BFB5
",2539,42.467328
completions_gpt3.5/completion_L_t0.1_30.v,gpt3.5,L,0.1,30,1,1,0,"066EAF291521F9A509AFF8F4426B9366
",2526,2.949120
completions_gpt3.5/completion_L_t0.1_31.v,gpt3.5,L,0.1,31,1,1,0,"066EAF291521F9A509AFF8F4426B9366
",2526,2.949120
completions_gpt3.5/completion_L_t0.1_32.v,gpt3.5,L,0.1,32,1,1,0,"253FE54433C4D6714D954ACECCF7BFB5
",2539,42.467328
completions_gpt3.5/completion_L_t0.1_33.v,gpt3.5,L,0.1,33,1,1,0,"066EAF291521F9A509AFF8F4426B9366
",2526,2.949120
completions_gpt3.5/completion_L_t0.1_34.v,gpt3.5,L,0.1,34,1,1,0,"253FE54433C4D6714D954ACECCF7BFB5
",2539,42.467328
completions_gpt3.5/completion_L_t0.1_35.v,gpt3.5,L,0.1,35,0,0,0,NA,NA,NA
completions_gpt3.5/completion_L_t0.1_36.v,gpt3.5,L,0.1,36,0,0,0,NA,NA,NA
completions_gpt3.5/completion_L_t0.1_37.v,gpt3.5,L,0.1,37,1,1,0,"253FE54433C4D6714D954ACECCF7BFB5
",2539,42.467328
completions_gpt3.5/completion_L_t0.1_38.v,gpt3.5,L,0.1,38,1,1,0,"F7176DB018731FC4901E0122179A5840
",2543,NA
completions_gpt3.5/completion_L_t0.1_39.v,gpt3.5,L,0.1,39,1,1,0,"253FE54433C4D6714D954ACECCF7BFB5
",2539,42.467328
completions_gpt3.5/completion_L_t0.1_40.v,gpt3.5,L,0.1,40,1,1,0,"40FCABDA216DF14F37323B429DAC4AC3
",2529,21.233664
completions_gpt3.5/completion_L_t0.1_41.v,gpt3.5,L,0.1,41,0,0,0,NA,NA,NA
completions_gpt3.5/completion_L_t0.1_42.v,gpt3.5,L,0.1,42,1,1,0,"20395735D94FC33C8F6C5C6960A0C610
",2517,0.000000
completions_gpt3.5/completion_L_t0.1_43.v,gpt3.5,L,0.1,43,0,0,0,NA,NA,NA
completions_gpt3.5/completion_L_t0.1_44.v,gpt3.5,L,0.1,44,0,0,0,NA,NA,NA
completions_gpt3.5/completion_L_t0.1_45.v,gpt3.5,L,0.1,45,1,1,0,"F7176DB018731FC4901E0122179A5840
",2543,0.000000
completions_gpt3.5/completion_L_t0.1_46.v,gpt3.5,L,0.1,46,1,1,0,"F7176DB018731FC4901E0122179A5840
",2543,0.000000
completions_gpt3.5/completion_L_t0.1_47.v,gpt3.5,L,0.1,47,1,1,0,"F7176DB018731FC4901E0122179A5840
",2543,0.000000
completions_gpt3.5/completion_L_t0.1_48.v,gpt3.5,L,0.1,48,1,1,0,"F7176DB018731FC4901E0122179A5840
",2543,0.000000
completions_gpt3.5/completion_L_t0.1_49.v,gpt3.5,L,0.1,49,1,1,0,"40FCABBB216D404F37323B429DAC4AC3
",2532,12.386304
completions_gpt3.5/completion_L_t0.1_50.v,gpt3.5,L,0.1,50,1,1,0,"F7176DB018731FC4901E0122179A5840
",2543,0.000000
completions_gpt3.5/completion_L_t0.1_51.v,gpt3.5,L,0.1,51,1,1,0,"F7176DB018731FC4901E0122179A5840
",2543,0.000000
completions_gpt3.5/completion_L_t0.1_52.v,gpt3.5,L,0.1,52,1,1,0,"F7176DB018731FC4901E0122179A5840
",2543,0.000000
completions_gpt3.5/completion_L_t0.1_53.v,gpt3.5,L,0.1,53,0,0,0,NA,NA,NA
completions_gpt3.5/completion_L_t0.1_54.v,gpt3.5,L,0.1,54,1,1,0,"20395735D94FC33C8F6C5C6960A0C610
",2517,0.000000
completions_gpt3.5/completion_L_t0.1_55.v,gpt3.5,L,0.1,55,0,0,0,NA,NA,NA
completions_gpt3.5/completion_L_t0.1_56.v,gpt3.5,L,0.1,56,0,0,0,NA,NA,NA
completions_gpt3.5/completion_L_t0.1_57.v,gpt3.5,L,0.1,57,0,0,0,NA,NA,NA
completions_gpt3.5/completion_L_t0.1_58.v,gpt3.5,L,0.1,58,0,0,0,NA,NA,NA
completions_gpt3.5/completion_L_t0.1_59.v,gpt3.5,L,0.1,59,0,0,0,NA,NA,NA
completions_gpt3.5/completion_L_t0.1_60.v,gpt3.5,L,0.1,60,0,0,0,NA,NA,NA
completions_gpt3.5/completion_L_t0.1_61.v,gpt3.5,L,0.1,61,0,0,0,NA,NA,NA
completions_gpt3.5/completion_L_t0.1_62.v,gpt3.5,L,0.1,62,0,0,0,NA,NA,NA
completions_gpt3.5/completion_L_t0.1_63.v,gpt3.5,L,0.1,63,1,1,0,"F7176DB018731FC4901E0122179A5840
",2543,0.000000
completions_gpt3.5/completion_L_t0.1_64.v,gpt3.5,L,0.1,64,1,1,0,"0A32B392572D1CF34F8F05EF463DD027
",2538,653.525013
completions_gpt3.5/completion_L_t0.1_65.v,gpt3.5,L,0.1,65,1,1,0,"20395735D94FC33C8F6C5C6960A0C610
",2517,0.000000
completions_gpt3.5/completion_L_t0.1_66.v,gpt3.5,L,0.1,66,1,1,0,"20395735D94FC33C8F6C5C6960A0C610
",2517,0.000000
completions_gpt3.5/completion_L_t0.1_67.v,gpt3.5,L,0.1,67,1,1,0,"253FE54433C4D6714D954ACECCF7BFB5
",2539,42.467328
completions_gpt3.5/completion_L_t0.1_68.v,gpt3.5,L,0.1,68,1,1,0,"20395735D94FC33C8F6C5C6960A0C610
",2517,0.000000
completions_gpt3.5/completion_L_t0.1_69.v,gpt3.5,L,0.1,69,1,1,0,"20395735D94FC33C8F6C5C6960A0C610
",2517,0.000000
completions_gpt3.5/completion_L_t0.1_70.v,gpt3.5,L,0.1,70,1,1,0,"066EAF291521F9A509AFF8F4426B9366
",2526,2.949120
completions_gpt3.5/completion_L_t0.1_71.v,gpt3.5,L,0.1,71,1,1,0,"066EAF291521F9A509AFF8F4426B9366
",2526,2.949120
completions_gpt3.5/completion_L_t0.1_72.v,gpt3.5,L,0.1,72,1,1,0,"066EAF291521F9A509AFF8F4426B9366
",2526,2.949120
completions_gpt3.5/completion_L_t0.1_73.v,gpt3.5,L,0.1,73,1,1,0,"066EAF291521F9A509AFF8F4426B9366
",2526,2.949120
completions_gpt3.5/completion_L_t0.1_74.v,gpt3.5,L,0.1,74,1,1,0,"066EAF291521F9A509AFF8F4426B9366
",2526,2.949120
completions_gpt3.5/completion_L_t0.1_75.v,gpt3.5,L,0.1,75,1,1,0,"066EAF291521F9A509AFF8F4426B9366
",2526,2.949120
completions_gpt3.5/completion_L_t0.1_76.v,gpt3.5,L,0.1,76,1,1,0,"066EAF291521F9A509AFF8F4426B9366
",2526,2.949120
completions_gpt3.5/completion_L_t0.1_77.v,gpt3.5,L,0.1,77,1,1,0,"253FE54433C4D6714D954ACECCF7BFB5
",2539,42.467328
completions_gpt3.5/completion_L_t0.1_78.v,gpt3.5,L,0.1,78,1,1,0,"066EAF291521F9A509AFF8F4426B9366
",2526,2.949120
completions_gpt3.5/completion_L_t0.1_79.v,gpt3.5,L,0.1,79,1,1,0,"066EAF291521F9A509AFF8F4426B9366
",2526,2.949120
completions_gpt3.5/completion_L_t0.1_80.v,gpt3.5,L,0.1,80,0,0,0,NA,NA,NA
completions_gpt3.5/completion_L_t0.1_81.v,gpt3.5,L,0.1,81,1,1,0,"253FE54433C4D6714D954ACECCF7BFB5
",2539,42.467328
completions_gpt3.5/completion_L_t0.1_82.v,gpt3.5,L,0.1,82,0,0,0,NA,NA,NA
completions_gpt3.5/completion_L_t0.1_83.v,gpt3.5,L,0.1,83,0,0,0,NA,NA,NA
completions_gpt3.5/completion_L_t0.1_84.v,gpt3.5,L,0.1,84,0,0,0,NA,NA,NA
completions_gpt3.5/completion_L_t0.1_85.v,gpt3.5,L,0.1,85,1,1,0,"F7176DB018731FC4901E0122179A5840
",2543,0.000000
completions_gpt3.5/completion_L_t0.1_86.v,gpt3.5,L,0.1,86,1,1,0,"F7176DB018731FC4901E0122179A5840
",2543,0.000000
completions_gpt3.5/completion_L_t0.1_87.v,gpt3.5,L,0.1,87,1,1,0,"F7176DB018731FC4901E0122179A5840
",2543,0.000000
completions_gpt3.5/completion_L_t0.1_88.v,gpt3.5,L,0.1,88,1,1,0,"F7176DB018731FC4901E0122179A5840
",2543,0.000000
completions_gpt3.5/completion_L_t0.1_89.v,gpt3.5,L,0.1,89,1,1,0,"F7176DB018731FC4901E0122179A5840
",2543,0.000000
completions_gpt3.5/completion_L_t0.1_90.v,gpt3.5,L,0.1,90,1,1,0,"F7176DB018731FC4901E0122179A5840
",2543,0.000000
completions_gpt3.5/completion_L_t0.1_91.v,gpt3.5,L,0.1,91,1,1,0,"F7176DB018731FC4901E0122179A5840
",2543,0.000000
completions_gpt3.5/completion_L_t0.1_92.v,gpt3.5,L,0.1,92,1,1,0,"F7176DB018731FC4901E0122179A5840
",2543,0.000000
completions_gpt3.5/completion_L_t0.1_93.v,gpt3.5,L,0.1,93,1,1,0,"F7176DB018731FC4901E0122179A5840
",2543,0.000000
completions_gpt3.5/completion_L_t0.1_94.v,gpt3.5,L,0.1,94,1,1,0,"9412A940AF46C376B7402229156EF050
",2538,124.747776
completions_gpt3.5/completion_L_t0.1_95.v,gpt3.5,L,0.1,95,1,1,0,"F7176DB018731FC4901E0122179A5840
",2543,0.000000
completions_gpt3.5/completion_L_t0.1_96.v,gpt3.5,L,0.1,96,1,1,0,"066EAF291521F9A509AFF8F4426B9366
",2526,2.949120
completions_gpt3.5/completion_L_t0.1_97.v,gpt3.5,L,0.1,97,1,1,0,"20395735D94FC33C8F6C5C6960A0C610
",2517,0.000000
completions_gpt3.5/completion_L_t0.1_98.v,gpt3.5,L,0.1,98,1,1,0,"20395735D94FC33C8F6C5C6960A0C610
",2517,0.000000
completions_gpt3.5/completion_L_t0.1_99.v,gpt3.5,L,0.1,99,1,1,0,"20395735D94FC33C8F6C5C6960A0C610
",2517,0.000000
completions_gpt3.5/completion_L_t0.3_0.v,gpt3.5,L,0.3,0,1,1,0,"40FCAB87216D814F37323B429DAC4AC3
",2522,28.311552
completions_gpt3.5/completion_L_t0.3_1.v,gpt3.5,L,0.3,1,1,1,0,"066EAF291521F9A509AFF8F4426B9366
",2526,2.949120
completions_gpt3.5/completion_L_t0.3_2.v,gpt3.5,L,0.3,2,0,0,0,NA,NA,NA
completions_gpt3.5/completion_L_t0.3_3.v,gpt3.5,L,0.3,3,1,1,0,"253FE54433C4D6714D954ACECCF7BFB5
",2539,42.467328
completions_gpt3.5/completion_L_t0.3_4.v,gpt3.5,L,0.3,4,0,0,0,NA,NA,NA
completions_gpt3.5/completion_L_t0.3_5.v,gpt3.5,L,0.3,5,1,1,0,"20395735D94FC33C8F6C5C6960A0C610
",2517,0.000000
completions_gpt3.5/completion_L_t0.3_6.v,gpt3.5,L,0.3,6,1,1,0,"F7176DB018731FC4901E0122179A5840
",2543,0.000000
completions_gpt3.5/completion_L_t0.3_7.v,gpt3.5,L,0.3,7,1,1,0,"20395735D94FC33C8F6C5C6960A0C610
",2517,0.000000
completions_gpt3.5/completion_L_t0.3_8.v,gpt3.5,L,0.3,8,1,1,0,"253FE54433C4D6714D954ACECCF7BFB5
",2539,42.467328
completions_gpt3.5/completion_L_t0.3_9.v,gpt3.5,L,0.3,9,1,1,0,"20395735D94FC33C8F6C5C6960A0C610
",2517,0.000000
completions_gpt3.5/completion_L_t0.3_10.v,gpt3.5,L,0.3,10,0,0,0,NA,NA,NA
completions_gpt3.5/completion_L_t0.3_11.v,gpt3.5,L,0.3,11,0,0,0,NA,NA,NA
completions_gpt3.5/completion_L_t0.3_12.v,gpt3.5,L,0.3,12,1,1,0,"253FE54433C4D6714D954ACECCF7BFB5
",2539,42.467328
completions_gpt3.5/completion_L_t0.3_13.v,gpt3.5,L,0.3,13,0,0,0,NA,NA,NA
completions_gpt3.5/completion_L_t0.3_14.v,gpt3.5,L,0.3,14,1,1,0,"06FCAF2915B3F9A5620BF8F442EE9366
",2525,2.949120
completions_gpt3.5/completion_L_t0.3_15.v,gpt3.5,L,0.3,15,1,1,0,"20395735D94FC33C8F6C5C6960A0C610
",2517,0.000000
completions_gpt3.5/completion_L_t0.3_16.v,gpt3.5,L,0.3,16,1,1,0,"F7176DB018731FC4901E0122179A5840
",2543,0.000000
completions_gpt3.5/completion_L_t0.3_17.v,gpt3.5,L,0.3,17,0,0,0,NA,NA,NA
completions_gpt3.5/completion_L_t0.3_18.v,gpt3.5,L,0.3,18,1,1,0,"F7176DB018731FC4901E0122179A5840
",2543,0.000000
completions_gpt3.5/completion_L_t0.3_19.v,gpt3.5,L,0.3,19,1,1,0,"253FE54433C4D6714D954ACECCF7BFB5
",2539,42.467328
completions_gpt3.5/completion_L_t0.3_20.v,gpt3.5,L,0.3,20,1,1,0,"065EAFFCD91DFE87D2CDF8DB606FD25E
",2543,2.211840
completions_gpt3.5/completion_L_t0.3_21.v,gpt3.5,L,0.3,21,0,0,0,NA,NA,NA
completions_gpt3.5/completion_L_t0.3_22.v,gpt3.5,L,0.3,22,1,1,0,"230C75FE338B8B1E87F72DBC4724ABE1
",2536,106.168320
completions_gpt3.5/completion_L_t0.3_23.v,gpt3.5,L,0.3,23,0,0,0,NA,NA,NA
completions_gpt3.5/completion_L_t0.3_24.v,gpt3.5,L,0.3,24,1,1,0,"253FE54433C4D6714D954ACECCF7BFB5
",2539,42.467328
completions_gpt3.5/completion_L_t0.3_25.v,gpt3.5,L,0.3,25,0,0,0,NA,NA,NA
completions_gpt3.5/completion_L_t0.3_26.v,gpt3.5,L,0.3,26,1,1,0,"066EAF291521F9A509AFF8F4426B9366
",2526,2.949120
completions_gpt3.5/completion_L_t0.3_27.v,gpt3.5,L,0.3,27,1,1,0,"F7176DB018731FC4901E0122179A5840
",2543,0.000000
completions_gpt3.5/completion_L_t0.3_28.v,gpt3.5,L,0.3,28,1,1,0,"E9DCD5FE2CD1B24588D508B7B15E52A5
",2513,189.333504
completions_gpt3.5/completion_L_t0.3_29.v,gpt3.5,L,0.3,29,1,1,0,"253FE54433C4D6714D954ACECCF7BFB5
",2539,42.467328
completions_gpt3.5/completion_L_t0.3_30.v,gpt3.5,L,0.3,30,1,1,0,"F7176DB018731FC4901E0122179A5840
",2543,0.000000
completions_gpt3.5/completion_L_t0.3_31.v,gpt3.5,L,0.3,31,1,1,0,"F7176DB018731FC4901E0122179A5840
",2543,0.000000
completions_gpt3.5/completion_L_t0.3_32.v,gpt3.5,L,0.3,32,0,0,0,NA,NA,NA
completions_gpt3.5/completion_L_t0.3_33.v,gpt3.5,L,0.3,33,1,1,0,"F7176DB018731FC4901E0122179A5840
",2543,0.000000
completions_gpt3.5/completion_L_t0.3_34.v,gpt3.5,L,0.3,34,1,1,0,"253FE54433C4D6714D954ACECCF7BFB5
",2539,42.467328
completions_gpt3.5/completion_L_t0.3_35.v,gpt3.5,L,0.3,35,0,0,0,NA,NA,NA
completions_gpt3.5/completion_L_t0.3_36.v,gpt3.5,L,0.3,36,0,0,0,NA,NA,NA
completions_gpt3.5/completion_L_t0.3_37.v,gpt3.5,L,0.3,37,0,0,0,NA,NA,NA
completions_gpt3.5/completion_L_t0.3_38.v,gpt3.5,L,0.3,38,1,1,0,"53E7995FBB383F10831D612FA3DDA764
",2555,65.961985
completions_gpt3.5/completion_L_t0.3_39.v,gpt3.5,L,0.3,39,1,1,0,"40FCAB6B216D7D4F37323B429DAC4AC3
",2536,0.000000
completions_gpt3.5/completion_L_t0.3_40.v,gpt3.5,L,0.3,40,1,1,0,"F7176DB018731FC4901E0122179A5840
",2543,0.000000
completions_gpt3.5/completion_L_t0.3_41.v,gpt3.5,L,0.3,41,1,1,0,"066EAF291521F9A509AFF8F4426B9366
",2526,2.949120
completions_gpt3.5/completion_L_t0.3_42.v,gpt3.5,L,0.3,42,0,0,0,NA,NA,NA
completions_gpt3.5/completion_L_t0.3_43.v,gpt3.5,L,0.3,43,0,0,0,NA,NA,NA
completions_gpt3.5/completion_L_t0.3_44.v,gpt3.5,L,0.3,44,1,1,0,"060DAF292607F9A56280F8F4B33E9366
",2526,2.359296
completions_gpt3.5/completion_L_t0.3_45.v,gpt3.5,L,0.3,45,1,1,0,"253FE54433C4D6714D954ACECCF7BFB5
",2539,42.467328
completions_gpt3.5/completion_L_t0.3_46.v,gpt3.5,L,0.3,46,1,1,0,"F7176DB018731FC4901E0122179A5840
",2543,0.000000
completions_gpt3.5/completion_L_t0.3_47.v,gpt3.5,L,0.3,47,1,1,0,"F7176DB018731FC4901E0122179A5840
",2543,0.000000
completions_gpt3.5/completion_L_t0.3_48.v,gpt3.5,L,0.3,48,1,1,0,"F7176DB018731FC4901E0122179A5840
",2543,0.000000
completions_gpt3.5/completion_L_t0.3_49.v,gpt3.5,L,0.3,49,1,1,0,"066EAF291521F9A509AFF8F4426B9366
",2526,2.949120
completions_gpt3.5/completion_L_t0.3_50.v,gpt3.5,L,0.3,50,0,0,0,NA,NA,NA
completions_gpt3.5/completion_L_t0.3_51.v,gpt3.5,L,0.3,51,1,1,0,"066EAF291521F9A509AFF8F4426B9366
",2526,2.949120
completions_gpt3.5/completion_L_t0.3_52.v,gpt3.5,L,0.3,52,1,1,0,"253FE54433C4D6714D954ACECCF7BFB5
",2539,42.467328
completions_gpt3.5/completion_L_t0.3_53.v,gpt3.5,L,0.3,53,1,1,0,"2033CD19D9B5BFFC8A985EC848D29CE1
",2558,86.999040
completions_gpt3.5/completion_L_t0.3_54.v,gpt3.5,L,0.3,54,1,1,0,"253FE54433C4D6714D954ACECCF7BFB5
",2539,42.467328
completions_gpt3.5/completion_L_t0.3_55.v,gpt3.5,L,0.3,55,1,1,0,"20395735D94FC33C8F6C5C6960A0C610
",2517,0.000000
completions_gpt3.5/completion_L_t0.3_56.v,gpt3.5,L,0.3,56,0,0,0,NA,NA,NA
completions_gpt3.5/completion_L_t0.3_57.v,gpt3.5,L,0.3,57,0,0,0,NA,NA,NA
completions_gpt3.5/completion_L_t0.3_58.v,gpt3.5,L,0.3,58,1,1,0,"20395735D94FC33C8F6C5C6960A0C610
",2517,0.000000
completions_gpt3.5/completion_L_t0.3_59.v,gpt3.5,L,0.3,59,1,1,0,"066EAF291521F9A509AFF8F4426B9366
",2526,2.949120
completions_gpt3.5/completion_L_t0.3_60.v,gpt3.5,L,0.3,60,0,0,0,NA,NA,NA
completions_gpt3.5/completion_L_t0.3_61.v,gpt3.5,L,0.3,61,0,0,0,NA,NA,NA
completions_gpt3.5/completion_L_t0.3_62.v,gpt3.5,L,0.3,62,1,1,0,"253FE54433C4D6714D954ACECCF7BFB5
",2539,42.467328
completions_gpt3.5/completion_L_t0.3_63.v,gpt3.5,L,0.3,63,1,1,0,"40FCAB54216D2C4F37A33B4279AC4AB3
",2528,144.359424
completions_gpt3.5/completion_L_t0.3_64.v,gpt3.5,L,0.3,64,1,1,0,"253FE54433C4D6714D954ACECCF7BFB5
",2539,42.467328
completions_gpt3.5/completion_L_t0.3_65.v,gpt3.5,L,0.3,65,1,1,0,"F7176DB018731FC4901E0122179A5840
",2543,0.000000
completions_gpt3.5/completion_L_t0.3_66.v,gpt3.5,L,0.3,66,0,0,0,NA,NA,NA
completions_gpt3.5/completion_L_t0.3_67.v,gpt3.5,L,0.3,67,1,1,0,"402AF6892684B0E162C077954288A810
",2519,3.096576
completions_gpt3.5/completion_L_t0.3_68.v,gpt3.5,L,0.3,68,1,1,0,"F7176DB018731FC4901E0122179A5840
",2543,0.000000
completions_gpt3.5/completion_L_t0.3_69.v,gpt3.5,L,0.3,69,0,0,0,NA,NA,NA
completions_gpt3.5/completion_L_t0.3_70.v,gpt3.5,L,0.3,70,1,1,0,"F7176DB018731FC4901E0122179A5840
",2543,0.000000
completions_gpt3.5/completion_L_t0.3_71.v,gpt3.5,L,0.3,71,1,1,0,"F7176DB018731FC4901E0122179A5840
",2543,0.000000
completions_gpt3.5/completion_L_t0.3_72.v,gpt3.5,L,0.3,72,1,1,0,"253FE54433C4D6714D954ACECCF7BFB5
",2539,42.467328
completions_gpt3.5/completion_L_t0.3_73.v,gpt3.5,L,0.3,73,0,0,0,NA,NA,NA
completions_gpt3.5/completion_L_t0.3_74.v,gpt3.5,L,0.3,74,1,1,0,"F7176DB018731FC4901E0122179A5840
",2543,0.000000
completions_gpt3.5/completion_L_t0.3_75.v,gpt3.5,L,0.3,75,1,1,0,"065EAFFCD91DFE87D2CDF8DB606FD25E
",2543,2.211840
completions_gpt3.5/completion_L_t0.3_76.v,gpt3.5,L,0.3,76,1,1,0,"20395735D94FC33C8F6C5C6960A0C610
",2517,0.000000
completions_gpt3.5/completion_L_t0.3_77.v,gpt3.5,L,0.3,77,1,1,0,"F7176DB018731FC4901E0122179A5840
",2543,0.000000
completions_gpt3.5/completion_L_t0.3_78.v,gpt3.5,L,0.3,78,0,0,0,NA,NA,NA
completions_gpt3.5/completion_L_t0.3_79.v,gpt3.5,L,0.3,79,1,1,0,"066EAF291521F9A509AFF8F4426B9366
",2526,2.949120
completions_gpt3.5/completion_L_t0.3_80.v,gpt3.5,L,0.3,80,1,1,0,"F7176DB018731FC4901E0122179A5840
",2543,0.000000
completions_gpt3.5/completion_L_t0.3_81.v,gpt3.5,L,0.3,81,1,1,0,"20395735D94FC33C8F6C5C6960A0C610
",2517,0.000000
completions_gpt3.5/completion_L_t0.3_82.v,gpt3.5,L,0.3,82,1,1,0,"40FCABEA216D814F37323B429DAC4AC3
",2531,28.311552
completions_gpt3.5/completion_L_t0.3_83.v,gpt3.5,L,0.3,83,1,1,0,"408399F0601BF54FA48D3BD8A7AC1993
",2521,42.467328
completions_gpt3.5/completion_L_t0.3_84.v,gpt3.5,L,0.3,84,1,1,0,"40D2A15426A4B0F7D2E31E44E1CFA8C1
",2530,2.949120
completions_gpt3.5/completion_L_t0.3_85.v,gpt3.5,L,0.3,85,1,1,0,"253FE54433C4D6714D954ACECCF7BFB5
",2539,42.467328
completions_gpt3.5/completion_L_t0.3_86.v,gpt3.5,L,0.3,86,1,1,0,"253FE54433C4D6714D954ACECCF7BFB5
",2539,42.467328
completions_gpt3.5/completion_L_t0.3_87.v,gpt3.5,L,0.3,87,1,1,0,"066EAF291521F9A509AFF8F4426B9366
",2526,2.949120
completions_gpt3.5/completion_L_t0.3_88.v,gpt3.5,L,0.3,88,0,0,0,NA,NA,NA
completions_gpt3.5/completion_L_t0.3_89.v,gpt3.5,L,0.3,89,0,0,0,NA,NA,NA
completions_gpt3.5/completion_L_t0.3_90.v,gpt3.5,L,0.3,90,0,0,0,NA,NA,NA
completions_gpt3.5/completion_L_t0.3_91.v,gpt3.5,L,0.3,91,1,1,0,"253FE54433C4D6714D954ACECCF7BFB5
",2539,42.467328
completions_gpt3.5/completion_L_t0.3_92.v,gpt3.5,L,0.3,92,1,1,0,"40FCABEA216D814F37323B429DAC4AC3
",2531,28.311552
completions_gpt3.5/completion_L_t0.3_93.v,gpt3.5,L,0.3,93,1,1,0,"253FE54433C4D6714D954ACECCF7BFB5
",2539,42.467328
completions_gpt3.5/completion_L_t0.3_94.v,gpt3.5,L,0.3,94,1,1,0,"253FE54433C4D6714D954ACECCF7BFB5
",2539,42.467328
completions_gpt3.5/completion_L_t0.3_95.v,gpt3.5,L,0.3,95,1,1,0,"066EAF291521F9A509AFF8F4426B9366
",2526,2.949120
completions_gpt3.5/completion_L_t0.3_96.v,gpt3.5,L,0.3,96,1,1,0,"F7176DB018731FC4901E0122179A5840
",2543,0.000000
completions_gpt3.5/completion_L_t0.3_97.v,gpt3.5,L,0.3,97,1,1,0,"F7176DB018731FC4901E0122179A5840
",2543,0.000000
completions_gpt3.5/completion_L_t0.3_98.v,gpt3.5,L,0.3,98,0,0,0,NA,NA,NA
completions_gpt3.5/completion_L_t0.3_99.v,gpt3.5,L,0.3,99,1,1,0,"F7176DB018731FC4901E0122179A5840
",2543,0.000000
completions_gpt3.5/completion_L_t0.5_0.v,gpt3.5,L,0.5,0,0,0,0,NA,NA,NA
completions_gpt3.5/completion_L_t0.5_1.v,gpt3.5,L,0.5,1,1,1,0,"06FCAF2915B3F9A5620BF8F442EE9366
",2525,2.949120
completions_gpt3.5/completion_L_t0.5_2.v,gpt3.5,L,0.5,2,0,0,0,NA,NA,NA
completions_gpt3.5/completion_L_t0.5_3.v,gpt3.5,L,0.5,3,1,1,0,"253FE54433C4D6714D954ACECCF7BFB5
",2539,42.467328
completions_gpt3.5/completion_L_t0.5_4.v,gpt3.5,L,0.5,4,0,0,0,NA,NA,NA
completions_gpt3.5/completion_L_t0.5_5.v,gpt3.5,L,0.5,5,1,1,0,"06C2D6951593FE8BD2DAFE25B356D2BE
",2530,3.391488
completions_gpt3.5/completion_L_t0.5_6.v,gpt3.5,L,0.5,6,1,1,0,"253FE54433C4D6714D954ACECCF7BFB5
",2539,42.467328
completions_gpt3.5/completion_L_t0.5_7.v,gpt3.5,L,0.5,7,0,0,0,NA,NA,NA
completions_gpt3.5/completion_L_t0.5_8.v,gpt3.5,L,0.5,8,0,0,0,NA,NA,NA
completions_gpt3.5/completion_L_t0.5_9.v,gpt3.5,L,0.5,9,1,1,0,"253FE54433C4D6714D954ACECCF7BFB5
",2539,42.467328
completions_gpt3.5/completion_L_t0.5_10.v,gpt3.5,L,0.5,10,1,1,0,"F7176DB018731FC4901E0122179A5840
",2543,0.000000
completions_gpt3.5/completion_L_t0.5_11.v,gpt3.5,L,0.5,11,0,0,0,NA,NA,NA
completions_gpt3.5/completion_L_t0.5_12.v,gpt3.5,L,0.5,12,1,1,0,"253FE54433C4D6714D954ACECCF7BFB5
",2539,42.467328
completions_gpt3.5/completion_L_t0.5_13.v,gpt3.5,L,0.5,13,0,0,0,NA,NA,NA
completions_gpt3.5/completion_L_t0.5_14.v,gpt3.5,L,0.5,14,1,1,0,"253FE54433C4D6714D954ACECCF7BFB5
",2539,42.467328
completions_gpt3.5/completion_L_t0.5_15.v,gpt3.5,L,0.5,15,1,1,0,"401A32C948F4B0CBB54AFBAE1FEBF0D0
",2501,4.866048
completions_gpt3.5/completion_L_t0.5_16.v,gpt3.5,L,0.5,16,1,1,0,"0644AF2926E2F9A5D21DF8F4B3DA9366
",2533,2.949120
completions_gpt3.5/completion_L_t0.5_17.v,gpt3.5,L,0.5,17,1,1,0,"0644AF2915E2B8A5D21DF8F442DA6566
",2554,3.244032
completions_gpt3.5/completion_L_t0.5_18.v,gpt3.5,L,0.5,18,0,0,0,NA,NA,NA
completions_gpt3.5/completion_L_t0.5_19.v,gpt3.5,L,0.5,19,1,1,0,"20FC5736218679478FFB5C423D194A20
",2540,42.909696
completions_gpt3.5/completion_L_t0.5_20.v,gpt3.5,L,0.5,20,1,1,0,"20395735D94FC33C8F6C5C6960A0C610
",2517,0.000000
completions_gpt3.5/completion_L_t0.5_21.v,gpt3.5,L,0.5,21,0,0,0,NA,NA,NA
completions_gpt3.5/completion_L_t0.5_22.v,gpt3.5,L,0.5,22,1,1,0,"F7176DB018731FC4901E0122179A5840
",2543,0.000000
completions_gpt3.5/completion_L_t0.5_23.v,gpt3.5,L,0.5,23,1,1,0,"F7176DB018731FC4901E0122179A5840
",2543,0.000000
completions_gpt3.5/completion_L_t0.5_24.v,gpt3.5,L,0.5,24,1,1,0,"253FE54433C4D6714D954ACECCF7BFB5
",2539,42.467328
completions_gpt3.5/completion_L_t0.5_25.v,gpt3.5,L,0.5,25,1,1,0,"253FE54433C4D6714D954ACECCF7BFB5
",2539,42.467328
completions_gpt3.5/completion_L_t0.5_26.v,gpt3.5,L,0.5,26,1,1,0,"253FE54433C4D6714D954ACECCF7BFB5
",2539,42.467328
completions_gpt3.5/completion_L_t0.5_27.v,gpt3.5,L,0.5,27,0,0,0,NA,NA,NA
completions_gpt3.5/completion_L_t0.5_28.v,gpt3.5,L,0.5,28,1,1,0,"253FE54433C4D6714D954ACECCF7BFB5
",2539,42.467328
completions_gpt3.5/completion_L_t0.5_29.v,gpt3.5,L,0.5,29,1,1,0,"F7176DB018731FC4901E0122179A5840
",2543,0.000000
completions_gpt3.5/completion_L_t0.5_30.v,gpt3.5,L,0.5,30,1,1,0,"064FF3A326BD1D17D2C06DD3B3CE3243
",2559,2.949120
completions_gpt3.5/completion_L_t0.5_31.v,gpt3.5,L,0.5,31,1,1,0,"060EAF29154EF9A54ED0F8F442A19366
",2520,2.801664
completions_gpt3.5/completion_L_t0.5_32.v,gpt3.5,L,0.5,32,0,0,0,NA,NA,NA
completions_gpt3.5/completion_L_t0.5_33.v,gpt3.5,L,0.5,33,0,0,0,NA,NA,NA
completions_gpt3.5/completion_L_t0.5_34.v,gpt3.5,L,0.5,34,1,1,0,"253FE54433C4D6714D954ACECCF7BFB5
",2539,42.467328
completions_gpt3.5/completion_L_t0.5_35.v,gpt3.5,L,0.5,35,1,1,0,"20395735D94FC33C8F6C5C6960A0C610
",2517,0.000000
completions_gpt3.5/completion_L_t0.5_36.v,gpt3.5,L,0.5,36,1,1,0,"F7176DB018731FC4901E0122179A5840
",2543,0.000000
completions_gpt3.5/completion_L_t0.5_37.v,gpt3.5,L,0.5,37,0,0,0,NA,NA,NA
completions_gpt3.5/completion_L_t0.5_38.v,gpt3.5,L,0.5,38,0,0,0,NA,NA,NA
completions_gpt3.5/completion_L_t0.5_39.v,gpt3.5,L,0.5,39,0,0,0,NA,NA,NA
completions_gpt3.5/completion_L_t0.5_40.v,gpt3.5,L,0.5,40,1,1,0,"066EAF291521F9A509AFF8F4426B9366
",2526,2.949120
completions_gpt3.5/completion_L_t0.5_41.v,gpt3.5,L,0.5,41,1,1,0,"F7176DB018731FC4901E0122179A5840
",2543,NA
completions_gpt3.5/completion_L_t0.5_42.v,gpt3.5,L,0.5,42,0,0,0,NA,NA,NA
completions_gpt3.5/completion_L_t0.5_43.v,gpt3.5,L,0.5,43,0,0,0,NA,NA,NA
completions_gpt3.5/completion_L_t0.5_44.v,gpt3.5,L,0.5,44,1,1,0,"6224B6F173EE6B3C7ABA5FF1DFB374AD
",2550,111.919104
completions_gpt3.5/completion_L_t0.5_45.v,gpt3.5,L,0.5,45,1,1,0,"F7176DB018731FC4901E0122179A5840
",2543,0.000000
completions_gpt3.5/completion_L_t0.5_46.v,gpt3.5,L,0.5,46,1,1,0,"F7176DB018731FC4901E0122179A5840
",2543,0.000000
completions_gpt3.5/completion_L_t0.5_47.v,gpt3.5,L,0.5,47,1,1,0,"F7176DB018731FC4901E0122179A5840
",2543,0.000000
completions_gpt3.5/completion_L_t0.5_48.v,gpt3.5,L,0.5,48,1,1,0,"F7176DB018731FC4901E0122179A5840
",2543,0.000000
completions_gpt3.5/completion_L_t0.5_49.v,gpt3.5,L,0.5,49,1,1,0,"9C45180A93A004FF9918160B6094F080
",2529,69.451776
completions_gpt3.5/completion_L_t0.5_50.v,gpt3.5,L,0.5,50,0,0,0,NA,NA,NA
completions_gpt3.5/completion_L_t0.5_51.v,gpt3.5,L,0.5,51,1,1,0,"06FCAFE426B3B07C620BF818B3EEA8BD
",2537,2.949120
completions_gpt3.5/completion_L_t0.5_52.v,gpt3.5,L,0.5,52,1,1,0,"4008D37A6C09D14F14953BAA4DAC45F5
",2527,55.738368
completions_gpt3.5/completion_L_t0.5_53.v,gpt3.5,L,0.5,53,1,1,0,"253FE54433C4D6714D954ACECCF7BFB5
",2539,42.467328
completions_gpt3.5/completion_L_t0.5_54.v,gpt3.5,L,0.5,54,1,1,0,"F7176DB018731FC4901E0122179A5840
",2543,0.000000
completions_gpt3.5/completion_L_t0.5_55.v,gpt3.5,L,0.5,55,1,1,0,"253FE54433C4D6714D954ACECCF7BFB5
",2539,42.467328
completions_gpt3.5/completion_L_t0.5_56.v,gpt3.5,L,0.5,56,1,1,0,"40238892213D134F1D5F3B01D7AC10C6
",2559,79.626240
completions_gpt3.5/completion_L_t0.5_57.v,gpt3.5,L,0.5,57,0,0,0,NA,NA,NA
completions_gpt3.5/completion_L_t0.5_58.v,gpt3.5,L,0.5,58,1,1,0,"064DF36F26CAF92FD2CE6D8D42D293C2
",2555,2.801664
completions_gpt3.5/completion_L_t0.5_59.v,gpt3.5,L,0.5,59,1,1,0,"253FE54433C4D6714D954ACECCF7BFB5
",2539,42.467328
completions_gpt3.5/completion_L_t0.5_60.v,gpt3.5,L,0.5,60,0,0,0,NA,NA,NA
completions_gpt3.5/completion_L_t0.5_61.v,gpt3.5,L,0.5,61,1,1,0,"F7176DB018731FC4901E0122179A5840
",2543,0.000000
completions_gpt3.5/completion_L_t0.5_62.v,gpt3.5,L,0.5,62,0,0,0,NA,NA,NA
completions_gpt3.5/completion_L_t0.5_63.v,gpt3.5,L,0.5,63,1,1,0,"253FE54433C4D6714D954ACECCF7BFB5
",2539,42.467328
completions_gpt3.5/completion_L_t0.5_64.v,gpt3.5,L,0.5,64,1,1,0,"066EAF291521F9A509AFF8F4426B9366
",2526,2.949120
completions_gpt3.5/completion_L_t0.5_65.v,gpt3.5,L,0.5,65,1,1,0,"F7176DB018731FC4901E0122179A5840
",2543,0.000000
completions_gpt3.5/completion_L_t0.5_66.v,gpt3.5,L,0.5,66,0,0,0,NA,NA,NA
completions_gpt3.5/completion_L_t0.5_67.v,gpt3.5,L,0.5,67,1,1,0,"F7176DB018731FC4901E0122179A5840
",2543,0.000000
completions_gpt3.5/completion_L_t0.5_68.v,gpt3.5,L,0.5,68,1,1,0,"F7176DB018731FC4901E0122179A5840
",2543,0.000000
completions_gpt3.5/completion_L_t0.5_69.v,gpt3.5,L,0.5,69,1,1,0,"F7176DB018731FC4901E0122179A5840
",2543,0.000000
completions_gpt3.5/completion_L_t0.5_70.v,gpt3.5,L,0.5,70,1,1,0,"0C0DAF292607F9A54E80F8F4B33E9366
",2523,2.359296
completions_gpt3.5/completion_L_t0.5_71.v,gpt3.5,L,0.5,71,1,1,0,"253FE54433C4D6714D954ACECCF7BFB5
",2539,42.467328
completions_gpt3.5/completion_L_t0.5_72.v,gpt3.5,L,0.5,72,1,1,0,"253FE54433C4D6714D954ACECCF7BFB5
",2539,42.467328
completions_gpt3.5/completion_L_t0.5_73.v,gpt3.5,L,0.5,73,1,1,0,"D3828CC85024AC4F0025317FC55901E2
",2559,117.669888
completions_gpt3.5/completion_L_t0.5_74.v,gpt3.5,L,0.5,74,0,0,0,NA,NA,NA
completions_gpt3.5/completion_L_t0.5_75.v,gpt3.5,L,0.5,75,0,0,0,NA,NA,NA
completions_gpt3.5/completion_L_t0.5_76.v,gpt3.5,L,0.5,76,0,0,0,NA,NA,NA
completions_gpt3.5/completion_L_t0.5_77.v,gpt3.5,L,0.5,77,0,0,0,NA,NA,NA
completions_gpt3.5/completion_L_t0.5_78.v,gpt3.5,L,0.5,78,0,0,0,NA,NA,NA
completions_gpt3.5/completion_L_t0.5_79.v,gpt3.5,L,0.5,79,1,1,0,"8FFC3DCB42192B472442204D144DFA06
",2528,103.956480
completions_gpt3.5/completion_L_t0.5_80.v,gpt3.5,L,0.5,80,1,1,0,"F7176DB018731FC4901E0122179A5840
",2543,0.000000
completions_gpt3.5/completion_L_t0.5_81.v,gpt3.5,L,0.5,81,1,1,0,"20395735D94FC33C8F6C5C6960A0C610
",2517,0.000000
completions_gpt3.5/completion_L_t0.5_82.v,gpt3.5,L,0.5,82,1,1,0,"F7176DB018731FC4901E0122179A5840
",2543,0.000000
completions_gpt3.5/completion_L_t0.5_83.v,gpt3.5,L,0.5,83,1,1,0,"253FE54433C4D6714D954ACECCF7BFB5
",2539,42.467328
completions_gpt3.5/completion_L_t0.5_84.v,gpt3.5,L,0.5,84,1,1,0,"40B0A73B26C11D7C62CE8A2942CA32FA
",2525,3.096576
completions_gpt3.5/completion_L_t0.5_85.v,gpt3.5,L,0.5,85,1,1,0,"F7176DB018731FC4901E0122179A5840
",2543,0.000000
completions_gpt3.5/completion_L_t0.5_86.v,gpt3.5,L,0.5,86,1,0,0,NA,NA,NA
completions_gpt3.5/completion_L_t0.5_87.v,gpt3.5,L,0.5,87,0,0,0,NA,NA,NA
completions_gpt3.5/completion_L_t0.5_88.v,gpt3.5,L,0.5,88,0,0,0,NA,NA,NA
completions_gpt3.5/completion_L_t0.5_89.v,gpt3.5,L,0.5,89,0,0,0,NA,NA,NA
completions_gpt3.5/completion_L_t0.5_90.v,gpt3.5,L,0.5,90,1,1,0,"253FE54433C4D6714D954ACECCF7BFB5
",2539,42.467328
completions_gpt3.5/completion_L_t0.5_91.v,gpt3.5,L,0.5,91,0,0,0,NA,NA,NA
completions_gpt3.5/completion_L_t0.5_92.v,gpt3.5,L,0.5,92,0,0,0,NA,NA,NA
completions_gpt3.5/completion_L_t0.5_93.v,gpt3.5,L,0.5,93,0,0,0,NA,NA,NA
completions_gpt3.5/completion_L_t0.5_94.v,gpt3.5,L,0.5,94,0,0,0,NA,NA,NA
completions_gpt3.5/completion_L_t0.5_95.v,gpt3.5,L,0.5,95,1,1,0,"40FCABDA216DF14F37323B429DAC4AC3
",2529,21.233664
completions_gpt3.5/completion_L_t0.5_96.v,gpt3.5,L,0.5,96,1,1,0,"8EFB2DA0E412ECE2B1FB9E54B3826714
",2524,5.898240
completions_gpt3.5/completion_L_t0.5_97.v,gpt3.5,L,0.5,97,1,1,0,"0644AF2948E2F9A5621DF8F4E1DA9366
",2521,2.949120
completions_gpt3.5/completion_L_t0.5_98.v,gpt3.5,L,0.5,98,0,0,0,NA,NA,NA
completions_gpt3.5/completion_L_t0.5_99.v,gpt3.5,L,0.5,99,1,1,0,"066EAF291521F9A509AFF8F4426B9366
",2526,2.949120
completions_gpt3.5/completion_L_t0.7_0.v,gpt3.5,L,0.7,0,0,0,0,NA,NA,NA
completions_gpt3.5/completion_L_t0.7_1.v,gpt3.5,L,0.7,1,0,0,0,NA,NA,NA
completions_gpt3.5/completion_L_t0.7_2.v,gpt3.5,L,0.7,2,0,0,0,NA,NA,NA
completions_gpt3.5/completion_L_t0.7_3.v,gpt3.5,L,0.7,3,1,1,0,"253FE54433C4D6714D954ACECCF7BFB5
",2539,42.467328
completions_gpt3.5/completion_L_t0.7_4.v,gpt3.5,L,0.7,4,1,1,0,"9476C966D9A2A0CA324AD78B5E25779F
",2521,42.467328
completions_gpt3.5/completion_L_t0.7_5.v,gpt3.5,L,0.7,5,1,1,0,"FDD4E672ADE5346F9CDB69E5DBF2E70C
",2547,377.094149
completions_gpt3.5/completion_L_t0.7_6.v,gpt3.5,L,0.7,6,0,0,0,NA,NA,NA
completions_gpt3.5/completion_L_t0.7_7.v,gpt3.5,L,0.7,7,0,0,0,NA,NA,NA
completions_gpt3.5/completion_L_t0.7_8.v,gpt3.5,L,0.7,8,0,0,0,NA,NA,NA
completions_gpt3.5/completion_L_t0.7_9.v,gpt3.5,L,0.7,9,0,0,0,NA,NA,NA
completions_gpt3.5/completion_L_t0.7_10.v,gpt3.5,L,0.7,10,0,0,0,NA,NA,NA
completions_gpt3.5/completion_L_t0.7_11.v,gpt3.5,L,0.7,11,0,0,0,NA,NA,NA
completions_gpt3.5/completion_L_t0.7_12.v,gpt3.5,L,0.7,12,0,0,0,NA,NA,NA
completions_gpt3.5/completion_L_t0.7_13.v,gpt3.5,L,0.7,13,0,0,0,NA,NA,NA
completions_gpt3.5/completion_L_t0.7_14.v,gpt3.5,L,0.7,14,0,0,0,NA,NA,NA
completions_gpt3.5/completion_L_t0.7_15.v,gpt3.5,L,0.7,15,1,1,0,"0CA4D79DDAA43FA7AD7912A8A4119118
",2544,112.361472
completions_gpt3.5/completion_L_t0.7_16.v,gpt3.5,L,0.7,16,1,1,0,"EE72CE60F726B3B9B545B598E9DD3B04
",2534,5.160960
completions_gpt3.5/completion_L_t0.7_17.v,gpt3.5,L,0.7,17,1,1,0,"20395735D94FC33C8F6C5C6960A0C610
",2517,0.000000
completions_gpt3.5/completion_L_t0.7_18.v,gpt3.5,L,0.7,18,1,1,0,"F7176DB018731FC4901E0122179A5840
",2543,0.000000
completions_gpt3.5/completion_L_t0.7_19.v,gpt3.5,L,0.7,19,1,1,0,"253FE54433C4D6714D954ACECCF7BFB5
",2539,42.467328
completions_gpt3.5/completion_L_t0.7_20.v,gpt3.5,L,0.7,20,1,1,0,"20395735D94FC33C8F6C5C6960A0C610
",2517,0.000000
completions_gpt3.5/completion_L_t0.7_21.v,gpt3.5,L,0.7,21,1,1,0,"066EAF291521F9A509AFF8F4426B9366
",2526,2.949120
completions_gpt3.5/completion_L_t0.7_22.v,gpt3.5,L,0.7,22,1,1,0,"40FCAB08216D334F37323B429DAC4AC3
",2532,49.545216
completions_gpt3.5/completion_L_t0.7_23.v,gpt3.5,L,0.7,23,1,1,0,"F7176DB018731FC4901E0122179A5840
",2543,0.000000
completions_gpt3.5/completion_L_t0.7_24.v,gpt3.5,L,0.7,24,1,1,0,"253FE54433C4D6714D954ACECCF7BFB5
",2539,42.467328
completions_gpt3.5/completion_L_t0.7_25.v,gpt3.5,L,0.7,25,1,1,0,"B90EBC3734DA45BAE2F83586977D1393
",2531,109.707264
completions_gpt3.5/completion_L_t0.7_26.v,gpt3.5,L,0.7,26,1,1,0,"0685C24FD986862DD2EF0307B30DAA08
",2533,2.064384
completions_gpt3.5/completion_L_t0.7_27.v,gpt3.5,L,0.7,27,1,1,0,"20395735D94FC33C8F6C5C6960A0C610
",2517,0.000000
completions_gpt3.5/completion_L_t0.7_28.v,gpt3.5,L,0.7,28,0,0,0,NA,NA,NA
completions_gpt3.5/completion_L_t0.7_29.v,gpt3.5,L,0.7,29,1,1,0,"F7176DB018731FC4901E0122179A5840
",2543,0.000000
completions_gpt3.5/completion_L_t0.7_30.v,gpt3.5,L,0.7,30,1,1,0,"40FCABDA216DF14F37323B429DAC4AC3
",2529,21.233664
completions_gpt3.5/completion_L_t0.7_31.v,gpt3.5,L,0.7,31,1,1,0,"F7176DB018731FC4901E0122179A5840
",2543,0.000000
completions_gpt3.5/completion_L_t0.7_32.v,gpt3.5,L,0.7,32,0,0,0,NA,NA,NA
completions_gpt3.5/completion_L_t0.7_33.v,gpt3.5,L,0.7,33,1,1,0,"F7176DB018731FC4901E0122179A5840
",2543,0.000000
completions_gpt3.5/completion_L_t0.7_34.v,gpt3.5,L,0.7,34,1,1,0,"253FE54433C4D6714D954ACECCF7BFB5
",2539,42.467328
completions_gpt3.5/completion_L_t0.7_35.v,gpt3.5,L,0.7,35,1,1,0,"253FE54433C4D6714D954ACECCF7BFB5
",2539,42.467328
completions_gpt3.5/completion_L_t0.7_36.v,gpt3.5,L,0.7,36,1,1,0,"F7176DB018731FC4901E0122179A5840
",2543,0.000000
completions_gpt3.5/completion_L_t0.7_37.v,gpt3.5,L,0.7,37,0,0,0,NA,NA,NA
completions_gpt3.5/completion_L_t0.7_38.v,gpt3.5,L,0.7,38,0,0,0,NA,NA,NA
completions_gpt3.5/completion_L_t0.7_39.v,gpt3.5,L,0.7,39,0,0,0,NA,NA,NA
completions_gpt3.5/completion_L_t0.7_40.v,gpt3.5,L,0.7,40,1,1,0,"253FE54433C4D6714D954ACECCF7BFB5
",2539,42.467328
completions_gpt3.5/completion_L_t0.7_41.v,gpt3.5,L,0.7,41,1,1,0,"98DCBFBD22B7BA8B82F47E32CB5A4597
",2554,42.467328
completions_gpt3.5/completion_L_t0.7_42.v,gpt3.5,L,0.7,42,0,0,0,NA,NA,NA
completions_gpt3.5/completion_L_t0.7_43.v,gpt3.5,L,0.7,43,0,0,0,NA,NA,NA
completions_gpt3.5/completion_L_t0.7_44.v,gpt3.5,L,0.7,44,1,1,0,"6224B6F173EE6B3C7ABA5FF1DFB374AD
",2550,111.919104
completions_gpt3.5/completion_L_t0.7_45.v,gpt3.5,L,0.7,45,0,0,0,NA,NA,NA
completions_gpt3.5/completion_L_t0.7_46.v,gpt3.5,L,0.7,46,0,0,0,NA,NA,NA
completions_gpt3.5/completion_L_t0.7_47.v,gpt3.5,L,0.7,47,1,1,0,"20395735D94FC33C8F6C5C6960A0C610
",2517,0.000000
completions_gpt3.5/completion_L_t0.7_48.v,gpt3.5,L,0.7,48,1,1,0,"F7176DB018731FC4901E0122179A5840
",2543,0.000000
completions_gpt3.5/completion_L_t0.7_49.v,gpt3.5,L,0.7,49,1,1,0,"253FE54433C4D6714D954ACECCF7BFB5
",2539,42.467328
completions_gpt3.5/completion_L_t0.7_50.v,gpt3.5,L,0.7,50,1,1,0,"253FE54433C4D6714D954ACECCF7BFB5
",2539,42.467328
completions_gpt3.5/completion_L_t0.7_51.v,gpt3.5,L,0.7,51,1,1,0,"1C0448F8B3D4F970EECC54682CF084F3
",2548,42.467328
completions_gpt3.5/completion_L_t0.7_52.v,gpt3.5,L,0.7,52,1,1,0,"253FE54433C4D6714D954ACECCF7BFB5
",2539,42.467328
completions_gpt3.5/completion_L_t0.7_53.v,gpt3.5,L,0.7,53,0,0,0,NA,NA,NA
completions_gpt3.5/completion_L_t0.7_54.v,gpt3.5,L,0.7,54,1,1,0,"253FE54433C4D6714D954ACECCF7BFB5
",2539,42.467328
completions_gpt3.5/completion_L_t0.7_55.v,gpt3.5,L,0.7,55,1,1,0,"7641C4F36DDC7EF2E320C92961BDC0E1
",2520,9.437184
completions_gpt3.5/completion_L_t0.7_56.v,gpt3.5,L,0.7,56,0,0,0,NA,NA,NA
completions_gpt3.5/completion_L_t0.7_57.v,gpt3.5,L,0.7,57,0,0,0,NA,NA,NA
completions_gpt3.5/completion_L_t0.7_58.v,gpt3.5,L,0.7,58,0,0,0,NA,NA,NA
completions_gpt3.5/completion_L_t0.7_59.v,gpt3.5,L,0.7,59,1,1,0,"253FE54433C4D6714D954ACECCF7BFB5
",2539,42.467328
completions_gpt3.5/completion_L_t0.7_60.v,gpt3.5,L,0.7,60,0,0,0,NA,NA,NA
completions_gpt3.5/completion_L_t0.7_61.v,gpt3.5,L,0.7,61,0,0,0,NA,NA,NA
completions_gpt3.5/completion_L_t0.7_62.v,gpt3.5,L,0.7,62,1,1,0,"253FE54433C4D6714D954ACECCF7BFB5
",2539,42.467328
completions_gpt3.5/completion_L_t0.7_63.v,gpt3.5,L,0.7,63,1,1,0,"B0176DB018731FE9901E5922174B5840
",2534,3.538944
completions_gpt3.5/completion_L_t0.7_64.v,gpt3.5,L,0.7,64,0,0,0,NA,NA,NA
completions_gpt3.5/completion_L_t0.7_65.v,gpt3.5,L,0.7,65,0,0,0,NA,NA,NA
completions_gpt3.5/completion_L_t0.7_66.v,gpt3.5,L,0.7,66,0,0,0,NA,NA,NA
completions_gpt3.5/completion_L_t0.7_67.v,gpt3.5,L,0.7,67,1,1,0,"F7176DB018731FC4901E0122179A5840
",2543,0.000000
completions_gpt3.5/completion_L_t0.7_68.v,gpt3.5,L,0.7,68,1,1,0,"F7176DB018731FC4901E0122179A5840
",2543,0.000000
completions_gpt3.5/completion_L_t0.7_69.v,gpt3.5,L,0.7,69,0,0,0,NA,NA,NA
completions_gpt3.5/completion_L_t0.7_70.v,gpt3.5,L,0.7,70,1,1,0,"20395735D94FC33C8F6C5C6960A0C610
",2517,0.000000
completions_gpt3.5/completion_L_t0.7_71.v,gpt3.5,L,0.7,71,1,1,0,"253FE54433C4D6714D954ACECCF7BFB5
",2539,42.467328
completions_gpt3.5/completion_L_t0.7_72.v,gpt3.5,L,0.7,72,1,1,0,"49176DB018731F99901EB62217B75840
",2532,61.931520
completions_gpt3.5/completion_L_t0.7_73.v,gpt3.5,L,0.7,73,0,0,0,NA,NA,NA
completions_gpt3.5/completion_L_t0.7_74.v,gpt3.5,L,0.7,74,0,0,0,NA,NA,NA
completions_gpt3.5/completion_L_t0.7_75.v,gpt3.5,L,0.7,75,0,0,0,NA,NA,NA
completions_gpt3.5/completion_L_t0.7_76.v,gpt3.5,L,0.7,76,0,0,0,NA,NA,NA
completions_gpt3.5/completion_L_t0.7_77.v,gpt3.5,L,0.7,77,1,1,0,"F7176DB018731FC4901E0122179A5840
",2543,0.000000
completions_gpt3.5/completion_L_t0.7_78.v,gpt3.5,L,0.7,78,0,0,0,NA,NA,NA
completions_gpt3.5/completion_L_t0.7_79.v,gpt3.5,L,0.7,79,1,1,0,"CBFA6873E3903E0151A0153C7118CE9B
",2517,65.470464
completions_gpt3.5/completion_L_t0.7_80.v,gpt3.5,L,0.7,80,0,0,0,NA,NA,NA
completions_gpt3.5/completion_L_t0.7_81.v,gpt3.5,L,0.7,81,1,1,0,"20395735D94FC33C8F6C5C6960A0C610
",2517,0.000000
completions_gpt3.5/completion_L_t0.7_82.v,gpt3.5,L,0.7,82,1,1,0,"F96DFD8A4F55182C2D755C6D3BC300BF
",2534,0.000000
completions_gpt3.5/completion_L_t0.7_83.v,gpt3.5,L,0.7,83,0,0,0,NA,NA,NA
completions_gpt3.5/completion_L_t0.7_84.v,gpt3.5,L,0.7,84,1,1,0,"06FCAFE415B3B07C620BF81842EEA8BD
",2537,3.244032
completions_gpt3.5/completion_L_t0.7_85.v,gpt3.5,L,0.7,85,1,1,0,"253FE54433C4D6714D954ACECCF7BFB5
",2539,42.467328
completions_gpt3.5/completion_L_t0.7_86.v,gpt3.5,L,0.7,86,0,0,0,NA,NA,NA
completions_gpt3.5/completion_L_t0.7_87.v,gpt3.5,L,0.7,87,0,0,0,NA,NA,NA
completions_gpt3.5/completion_L_t0.7_88.v,gpt3.5,L,0.7,88,0,0,0,NA,NA,NA
completions_gpt3.5/completion_L_t0.7_89.v,gpt3.5,L,0.7,89,1,1,0,"F7176DB018731FC4901E0122179A5840
",2543,0.000000
completions_gpt3.5/completion_L_t0.7_90.v,gpt3.5,L,0.7,90,1,1,0,"BEECCE67D5B26FEDCE75D53B20C59575
",2553,166.772736
completions_gpt3.5/completion_L_t0.7_91.v,gpt3.5,L,0.7,91,1,1,0,"253FE54433C4D6714D954ACECCF7BFB5
",2539,42.467328
completions_gpt3.5/completion_L_t0.7_92.v,gpt3.5,L,0.7,92,0,0,0,NA,NA,NA
completions_gpt3.5/completion_L_t0.7_93.v,gpt3.5,L,0.7,93,0,0,0,NA,NA,NA
completions_gpt3.5/completion_L_t0.7_94.v,gpt3.5,L,0.7,94,0,0,0,NA,NA,NA
completions_gpt3.5/completion_L_t0.7_95.v,gpt3.5,L,0.7,95,1,1,0,"0C0DAF292607F9A5D280F8F4B33E9366
",2535,2.359296
completions_gpt3.5/completion_L_t0.7_96.v,gpt3.5,L,0.7,96,0,0,0,NA,NA,NA
completions_gpt3.5/completion_L_t0.7_97.v,gpt3.5,L,0.7,97,1,1,0,"253FE54433C4D6714D954ACECCF7BFB5
",2539,42.467328
completions_gpt3.5/completion_L_t0.7_98.v,gpt3.5,L,0.7,98,0,0,0,NA,NA,NA
completions_gpt3.5/completion_L_t0.7_99.v,gpt3.5,L,0.7,99,1,1,0,"20395735D94FC33C8F6C5C6960A0C610
",2517,0.000000
completions_gpt3.5/completion_L_t1.0_0.v,gpt3.5,L,1.0,0,1,1,0,"05DE8C0FD8AE7236D75329CC46253E75
",2546,246.398977
completions_gpt3.5/completion_L_t1.0_1.v,gpt3.5,L,1.0,1,1,1,0,"0C0DAFB22607F999D280F825B33E937B
",2519,2.359296
completions_gpt3.5/completion_L_t1.0_2.v,gpt3.5,L,1.0,2,1,1,0,"F7176DB018731FC4901E0122179A5840
",2543,0.000000
completions_gpt3.5/completion_L_t1.0_3.v,gpt3.5,L,1.0,3,1,1,0,"F7176DB018731FC4901E0122179A5840
",2543,0.000000
completions_gpt3.5/completion_L_t1.0_4.v,gpt3.5,L,1.0,4,0,0,0,NA,NA,NA
completions_gpt3.5/completion_L_t1.0_5.v,gpt3.5,L,1.0,5,1,1,0,"53E7995FBB383F10831D612FA3DDA764
",2555,65.961985
completions_gpt3.5/completion_L_t1.0_6.v,gpt3.5,L,1.0,6,0,0,0,NA,NA,NA
completions_gpt3.5/completion_L_t1.0_7.v,gpt3.5,L,1.0,7,1,1,0,"40FCAB87216D814F37323B429DAC4AC3
",2522,28.311552
completions_gpt3.5/completion_L_t1.0_8.v,gpt3.5,L,1.0,8,0,0,0,NA,NA,NA
completions_gpt3.5/completion_L_t1.0_9.v,gpt3.5,L,1.0,9,0,0,0,NA,NA,NA
completions_gpt3.5/completion_L_t1.0_10.v,gpt3.5,L,1.0,10,1,1,0,"31FAD1C2DD4D4459DCF3AE3CFE913632
",2540,42.467328
completions_gpt3.5/completion_L_t1.0_11.v,gpt3.5,L,1.0,11,1,1,0,"F7176DB018731FC4901E0122179A5840
",2543,0.000000
completions_gpt3.5/completion_L_t1.0_12.v,gpt3.5,L,1.0,12,0,0,0,NA,NA,NA
completions_gpt3.5/completion_L_t1.0_13.v,gpt3.5,L,1.0,13,0,0,0,NA,NA,NA
completions_gpt3.5/completion_L_t1.0_14.v,gpt3.5,L,1.0,14,0,0,0,NA,NA,NA
completions_gpt3.5/completion_L_t1.0_15.v,gpt3.5,L,1.0,15,0,0,0,NA,NA,NA
completions_gpt3.5/completion_L_t1.0_16.v,gpt3.5,L,1.0,16,1,1,0,"20998F86D9DAE30BFC7AFCEA122A06BB
",2517,4.423680
completions_gpt3.5/completion_L_t1.0_17.v,gpt3.5,L,1.0,17,1,1,0,"06DAAF0F26FA6F20627CF815B381943A
",2549,2.801664
completions_gpt3.5/completion_L_t1.0_18.v,gpt3.5,L,1.0,18,1,1,0,"20395735D94FC33C8F6C5C6960A0C610
",2517,0.000000
completions_gpt3.5/completion_L_t1.0_19.v,gpt3.5,L,1.0,19,0,0,0,NA,NA,NA
completions_gpt3.5/completion_L_t1.0_20.v,gpt3.5,L,1.0,20,1,1,0,"253FE54433C4D6714D954ACECCF7BFB5
",2539,42.467328
completions_gpt3.5/completion_L_t1.0_21.v,gpt3.5,L,1.0,21,1,1,0,"253FE54433C4D6714D954ACECCF7BFB5
",2539,42.467328
completions_gpt3.5/completion_L_t1.0_22.v,gpt3.5,L,1.0,22,1,1,0,"20395735D94FC33C8F6C5C6960A0C610
",2517,0.000000
completions_gpt3.5/completion_L_t1.0_23.v,gpt3.5,L,1.0,23,1,1,0,"F7176DB018731FC4901E0122179A5840
",2543,0.000000
completions_gpt3.5/completion_L_t1.0_24.v,gpt3.5,L,1.0,24,1,1,0,"253FE54433C4D6714D954ACECCF7BFB5
",2539,42.467328
completions_gpt3.5/completion_L_t1.0_25.v,gpt3.5,L,1.0,25,1,1,0,"B90EBC3734DA45BAE2F83586977D1393
",2531,109.707264
completions_gpt3.5/completion_L_t1.0_26.v,gpt3.5,L,1.0,26,1,1,0,"20395735D94FC33C8F6C5C6960A0C610
",2517,0.000000
completions_gpt3.5/completion_L_t1.0_27.v,gpt3.5,L,1.0,27,1,1,0,"F7176DB018731FC4901E0122179A5840
",2543,0.000000
completions_gpt3.5/completion_L_t1.0_28.v,gpt3.5,L,1.0,28,0,0,0,NA,NA,NA
completions_gpt3.5/completion_L_t1.0_29.v,gpt3.5,L,1.0,29,1,1,0,"F7176DB018731FC4901E0122179A5840
",2543,0.000000
completions_gpt3.5/completion_L_t1.0_30.v,gpt3.5,L,1.0,30,1,1,0,"20395735D94FC33C8F6C5C6960A0C610
",2517,0.000000
completions_gpt3.5/completion_L_t1.0_31.v,gpt3.5,L,1.0,31,1,1,0,"EE2492189647C0C9F705E89B42095FBE
",2518,4.718592
completions_gpt3.5/completion_L_t1.0_32.v,gpt3.5,L,1.0,32,0,0,0,NA,NA,NA
completions_gpt3.5/completion_L_t1.0_33.v,gpt3.5,L,1.0,33,1,1,0,"253FE54433C4D6714D954ACECCF7BFB5
",2539,42.467328
completions_gpt3.5/completion_L_t1.0_34.v,gpt3.5,L,1.0,34,1,1,0,"20338532D9B5F75E8A4A7562B7D2B223
",2542,71.516160
completions_gpt3.5/completion_L_t1.0_35.v,gpt3.5,L,1.0,35,1,1,0,"E98ED3792F22C3088B8628194A31CB39
",2532,84.934656
completions_gpt3.5/completion_L_t1.0_36.v,gpt3.5,L,1.0,36,1,1,0,"40FCABDA216DF14F37323B429DAC4AC3
",2529,21.233664
completions_gpt3.5/completion_L_t1.0_37.v,gpt3.5,L,1.0,37,1,1,0,"F7176DB018731FC4901E0122179A5840
",2543,0.000000
completions_gpt3.5/completion_L_t1.0_38.v,gpt3.5,L,1.0,38,1,1,0,"E1CD6F89A9AADE655DA4D21D12AD23E5
",2540,0.000000
completions_gpt3.5/completion_L_t1.0_39.v,gpt3.5,L,1.0,39,1,1,0,"56B187F000DB3F222343A9B72F284D70
",2540,55.296000
completions_gpt3.5/completion_L_t1.0_40.v,gpt3.5,L,1.0,40,0,0,0,NA,NA,NA
completions_gpt3.5/completion_L_t1.0_41.v,gpt3.5,L,1.0,41,1,1,0,"90F76A9E809B307B4F1A4C4981F47D63
",2536,58.834944
completions_gpt3.5/completion_L_t1.0_42.v,gpt3.5,L,1.0,42,1,1,0,"40FCABE0216D644F37073B42BFAC4AC3
",2540,42.024960
completions_gpt3.5/completion_L_t1.0_43.v,gpt3.5,L,1.0,43,1,1,0,"F7176DB018731FC4901E0122179A5840
",2543,0.000000
completions_gpt3.5/completion_L_t1.0_44.v,gpt3.5,L,1.0,44,1,1,0,"253FE54433C4D6714D954ACECCF7BFB5
",2539,42.467328
completions_gpt3.5/completion_L_t1.0_45.v,gpt3.5,L,1.0,45,1,1,0,"253FE54433C4D6714D954ACECCF7BFB5
",2539,42.467328
completions_gpt3.5/completion_L_t1.0_46.v,gpt3.5,L,1.0,46,0,0,0,NA,NA,NA
completions_gpt3.5/completion_L_t1.0_47.v,gpt3.5,L,1.0,47,1,1,0,"20395735D94FC33C8F6C5C6960A0C610
",2517,0.000000
completions_gpt3.5/completion_L_t1.0_48.v,gpt3.5,L,1.0,48,1,1,0,"F7176DB018731FC4901E0122179A5840
",2543,0.000000
completions_gpt3.5/completion_L_t1.0_49.v,gpt3.5,L,1.0,49,1,1,0,"81D91F2F301CD040C828B307454C98C4
",2565,11.796480
completions_gpt3.5/completion_L_t1.0_50.v,gpt3.5,L,1.0,50,0,0,0,NA,NA,NA
completions_gpt3.5/completion_L_t1.0_51.v,gpt3.5,L,1.0,51,1,1,0,"B334EC3F1CA05A3BCC2613289B64354D
",2527,6.635520
completions_gpt3.5/completion_L_t1.0_52.v,gpt3.5,L,1.0,52,1,1,0,"253FE54433C4D6714D954ACECCF7BFB5
",2539,42.467328
completions_gpt3.5/completion_L_t1.0_53.v,gpt3.5,L,1.0,53,0,0,0,NA,NA,NA
completions_gpt3.5/completion_L_t1.0_54.v,gpt3.5,L,1.0,54,1,1,0,"253FE54433C4D6714D954ACECCF7BFB5
",2539,42.467328
completions_gpt3.5/completion_L_t1.0_55.v,gpt3.5,L,1.0,55,1,1,0,"F7176DB018731FC4901E0122179A5840
",2543,0.000000
completions_gpt3.5/completion_L_t1.0_56.v,gpt3.5,L,1.0,56,0,0,0,NA,NA,NA
completions_gpt3.5/completion_L_t1.0_57.v,gpt3.5,L,1.0,57,1,1,0,"F80D61086498D42CC631E80B94F22182
",2530,184.614912
completions_gpt3.5/completion_L_t1.0_58.v,gpt3.5,L,1.0,58,0,0,0,NA,NA,NA
completions_gpt3.5/completion_L_t1.0_59.v,gpt3.5,L,1.0,59,1,1,0,"253FE54433C4D6714D954ACECCF7BFB5
",2539,42.467328
completions_gpt3.5/completion_L_t1.0_60.v,gpt3.5,L,1.0,60,0,0,0,NA,NA,NA
completions_gpt3.5/completion_L_t1.0_61.v,gpt3.5,L,1.0,61,1,1,0,"F7176DB018731FC4901E0122179A5840
",2543,0.000000
completions_gpt3.5/completion_L_t1.0_62.v,gpt3.5,L,1.0,62,1,1,0,"40FCABA9216D7D4F37323B429DAC4AC3
",2532,1.769472
completions_gpt3.5/completion_L_t1.0_63.v,gpt3.5,L,1.0,63,1,1,0,"0CA4D79DDAA43FA7AD7912A8A4119118
",2544,112.361472
completions_gpt3.5/completion_L_t1.0_64.v,gpt3.5,L,1.0,64,1,1,0,"253FE54433C4D6714D954ACECCF7BFB5
",2539,42.467328
completions_gpt3.5/completion_L_t1.0_65.v,gpt3.5,L,1.0,65,0,0,0,NA,NA,NA
completions_gpt3.5/completion_L_t1.0_66.v,gpt3.5,L,1.0,66,0,0,0,NA,NA,NA
completions_gpt3.5/completion_L_t1.0_67.v,gpt3.5,L,1.0,67,1,1,0,"20395735D94FC33C8F6C5C6960A0C610
",2517,0.000000
completions_gpt3.5/completion_L_t1.0_68.v,gpt3.5,L,1.0,68,0,0,0,NA,NA,NA
completions_gpt3.5/completion_L_t1.0_69.v,gpt3.5,L,1.0,69,0,0,0,NA,NA,NA
completions_gpt3.5/completion_L_t1.0_70.v,gpt3.5,L,1.0,70,0,0,0,NA,NA,NA
completions_gpt3.5/completion_L_t1.0_71.v,gpt3.5,L,1.0,71,0,0,0,NA,NA,NA
completions_gpt3.5/completion_L_t1.0_72.v,gpt3.5,L,1.0,72,1,1,0,"A6836DB0F2731FE3901E906617133E40
",2541,NA
completions_gpt3.5/completion_L_t1.0_73.v,gpt3.5,L,1.0,73,0,0,0,NA,NA,NA
completions_gpt3.5/completion_L_t1.0_74.v,gpt3.5,L,1.0,74,1,1,0,"0405F0A959795ABFEEFEC8E6A379A4F6
",2552,62.816256
completions_gpt3.5/completion_L_t1.0_75.v,gpt3.5,L,1.0,75,1,1,0,"F7176DB018731FC4901E0122179A5840
",2543,0.000000
completions_gpt3.5/completion_L_t1.0_76.v,gpt3.5,L,1.0,76,0,0,0,NA,NA,NA
completions_gpt3.5/completion_L_t1.0_77.v,gpt3.5,L,1.0,77,1,1,0,"F7176DB018731FC4901E0122179A5840
",2543,0.000000
completions_gpt3.5/completion_L_t1.0_78.v,gpt3.5,L,1.0,78,0,0,0,NA,NA,NA
completions_gpt3.5/completion_L_t1.0_79.v,gpt3.5,L,1.0,79,1,1,0,"F7176DB018731FC4901E0122179A5840
",2543,0.000000
completions_gpt3.5/completion_L_t1.0_80.v,gpt3.5,L,1.0,80,0,0,0,NA,NA,NA
completions_gpt3.5/completion_L_t1.0_81.v,gpt3.5,L,1.0,81,1,1,0,"1594C6E873CF7A45BB2E86A4FAD9A627
",2553,107.053056
completions_gpt3.5/completion_L_t1.0_82.v,gpt3.5,L,1.0,82,1,1,0,"F7176DB018731FC4901E0122179A5840
",2543,0.000000
completions_gpt3.5/completion_L_t1.0_83.v,gpt3.5,L,1.0,83,1,1,0,"253FE54433C4D6714D954ACECCF7BFB5
",2539,42.467328
completions_gpt3.5/completion_L_t1.0_84.v,gpt3.5,L,1.0,84,1,1,0,"06EC8FF01556C2EC3CB49D1B7275A7EB
",2531,3.833856
completions_gpt3.5/completion_L_t1.0_85.v,gpt3.5,L,1.0,85,1,1,0,"253FE54433C4D6714D954ACECCF7BFB5
",2539,42.467328
completions_gpt3.5/completion_L_t1.0_86.v,gpt3.5,L,1.0,86,1,0,0,NA,NA,NA
completions_gpt3.5/completion_L_t1.0_87.v,gpt3.5,L,1.0,87,1,1,0,"40FCAB3D216D224F37453B4209AC4AC3
",2518,55.296000
completions_gpt3.5/completion_L_t1.0_88.v,gpt3.5,L,1.0,88,1,1,0,"F7176DB018731FC4901E0122179A5840
",2543,0.000000
completions_gpt3.5/completion_L_t1.0_89.v,gpt3.5,L,1.0,89,0,0,0,NA,NA,NA
completions_gpt3.5/completion_L_t1.0_90.v,gpt3.5,L,1.0,90,1,1,0,"BEECCE67D5B26FEDCE75D53B20C59575
",2553,166.772736
completions_gpt3.5/completion_L_t1.0_91.v,gpt3.5,L,1.0,91,0,0,0,NA,NA,NA
completions_gpt3.5/completion_L_t1.0_92.v,gpt3.5,L,1.0,92,0,0,0,NA,NA,NA
completions_gpt3.5/completion_L_t1.0_93.v,gpt3.5,L,1.0,93,0,0,0,NA,NA,NA
completions_gpt3.5/completion_L_t1.0_94.v,gpt3.5,L,1.0,94,0,0,0,NA,NA,NA
completions_gpt3.5/completion_L_t1.0_95.v,gpt3.5,L,1.0,95,1,1,0,"20395735D94FC33C8F6C5C6960A0C610
",2517,0.000000
completions_gpt3.5/completion_L_t1.0_96.v,gpt3.5,L,1.0,96,0,0,0,NA,NA,NA
completions_gpt3.5/completion_L_t1.0_97.v,gpt3.5,L,1.0,97,1,1,0,"40FCABA1216D3D4F37DE3B42BCAC4AC3
",2528,34.062336
completions_gpt3.5/completion_L_t1.0_98.v,gpt3.5,L,1.0,98,0,0,0,NA,NA,NA
completions_gpt3.5/completion_L_t1.0_99.v,gpt3.5,L,1.0,99,1,1,0,"F7176DB018731FC4901E0122179A5840
",2543,0.000000
completions_gpt3.5/completion_M_t0.1_0.v,gpt3.5,M,0.1,0,0,0,0,NA,NA,NA
completions_gpt3.5/completion_M_t0.1_1.v,gpt3.5,M,0.1,1,0,0,0,NA,NA,NA
completions_gpt3.5/completion_M_t0.1_2.v,gpt3.5,M,0.1,2,0,0,0,NA,NA,NA
completions_gpt3.5/completion_M_t0.1_3.v,gpt3.5,M,0.1,3,0,0,0,NA,NA,NA
completions_gpt3.5/completion_M_t0.1_4.v,gpt3.5,M,0.1,4,0,0,0,NA,NA,NA
completions_gpt3.5/completion_M_t0.1_5.v,gpt3.5,M,0.1,5,0,0,0,NA,NA,NA
completions_gpt3.5/completion_M_t0.1_6.v,gpt3.5,M,0.1,6,0,0,0,NA,NA,NA
completions_gpt3.5/completion_M_t0.1_7.v,gpt3.5,M,0.1,7,0,0,0,NA,NA,NA
completions_gpt3.5/completion_M_t0.1_8.v,gpt3.5,M,0.1,8,0,0,0,NA,NA,NA
completions_gpt3.5/completion_M_t0.1_9.v,gpt3.5,M,0.1,9,0,0,0,NA,NA,NA
completions_gpt3.5/completion_M_t0.1_10.v,gpt3.5,M,0.1,10,0,0,0,NA,NA,NA
completions_gpt3.5/completion_M_t0.1_11.v,gpt3.5,M,0.1,11,0,0,0,NA,NA,NA
completions_gpt3.5/completion_M_t0.1_12.v,gpt3.5,M,0.1,12,0,0,0,NA,NA,NA
completions_gpt3.5/completion_M_t0.1_13.v,gpt3.5,M,0.1,13,0,0,0,NA,NA,NA
completions_gpt3.5/completion_M_t0.1_14.v,gpt3.5,M,0.1,14,0,0,0,NA,NA,NA
completions_gpt3.5/completion_M_t0.1_15.v,gpt3.5,M,0.1,15,0,0,0,NA,NA,NA
completions_gpt3.5/completion_M_t0.1_16.v,gpt3.5,M,0.1,16,0,0,0,NA,NA,NA
completions_gpt3.5/completion_M_t0.1_17.v,gpt3.5,M,0.1,17,0,0,0,NA,NA,NA
completions_gpt3.5/completion_M_t0.1_18.v,gpt3.5,M,0.1,18,0,0,0,NA,NA,NA
completions_gpt3.5/completion_M_t0.1_19.v,gpt3.5,M,0.1,19,0,0,0,NA,NA,NA
completions_gpt3.5/completion_M_t0.1_20.v,gpt3.5,M,0.1,20,0,0,0,NA,NA,NA
completions_gpt3.5/completion_M_t0.1_21.v,gpt3.5,M,0.1,21,0,0,0,NA,NA,NA
completions_gpt3.5/completion_M_t0.1_22.v,gpt3.5,M,0.1,22,0,0,0,NA,NA,NA
completions_gpt3.5/completion_M_t0.1_23.v,gpt3.5,M,0.1,23,0,0,0,NA,NA,NA
completions_gpt3.5/completion_M_t0.1_24.v,gpt3.5,M,0.1,24,0,0,0,NA,NA,NA
completions_gpt3.5/completion_M_t0.1_25.v,gpt3.5,M,0.1,25,0,0,0,NA,NA,NA
completions_gpt3.5/completion_M_t0.1_26.v,gpt3.5,M,0.1,26,0,0,0,NA,NA,NA
completions_gpt3.5/completion_M_t0.1_27.v,gpt3.5,M,0.1,27,0,0,0,NA,NA,NA
completions_gpt3.5/completion_M_t0.1_28.v,gpt3.5,M,0.1,28,0,0,0,NA,NA,NA
completions_gpt3.5/completion_M_t0.1_29.v,gpt3.5,M,0.1,29,0,0,0,NA,NA,NA
completions_gpt3.5/completion_M_t0.1_30.v,gpt3.5,M,0.1,30,0,0,0,NA,NA,NA
completions_gpt3.5/completion_M_t0.1_31.v,gpt3.5,M,0.1,31,0,0,0,NA,NA,NA
completions_gpt3.5/completion_M_t0.1_32.v,gpt3.5,M,0.1,32,0,0,0,NA,NA,NA
completions_gpt3.5/completion_M_t0.1_33.v,gpt3.5,M,0.1,33,0,0,0,NA,NA,NA
completions_gpt3.5/completion_M_t0.1_34.v,gpt3.5,M,0.1,34,0,0,0,NA,NA,NA
completions_gpt3.5/completion_M_t0.1_35.v,gpt3.5,M,0.1,35,0,0,0,NA,NA,NA
completions_gpt3.5/completion_M_t0.1_36.v,gpt3.5,M,0.1,36,0,0,0,NA,NA,NA
completions_gpt3.5/completion_M_t0.1_37.v,gpt3.5,M,0.1,37,0,0,0,NA,NA,NA
completions_gpt3.5/completion_M_t0.1_38.v,gpt3.5,M,0.1,38,0,0,0,NA,NA,NA
completions_gpt3.5/completion_M_t0.1_39.v,gpt3.5,M,0.1,39,0,0,0,NA,NA,NA
completions_gpt3.5/completion_M_t0.1_40.v,gpt3.5,M,0.1,40,0,0,0,NA,NA,NA
completions_gpt3.5/completion_M_t0.1_41.v,gpt3.5,M,0.1,41,0,0,0,NA,NA,NA
completions_gpt3.5/completion_M_t0.1_42.v,gpt3.5,M,0.1,42,0,0,0,NA,NA,NA
completions_gpt3.5/completion_M_t0.1_43.v,gpt3.5,M,0.1,43,0,0,0,NA,NA,NA
completions_gpt3.5/completion_M_t0.1_44.v,gpt3.5,M,0.1,44,0,0,0,NA,NA,NA
completions_gpt3.5/completion_M_t0.1_45.v,gpt3.5,M,0.1,45,0,0,0,NA,NA,NA
completions_gpt3.5/completion_M_t0.1_46.v,gpt3.5,M,0.1,46,0,0,0,NA,NA,NA
completions_gpt3.5/completion_M_t0.1_47.v,gpt3.5,M,0.1,47,0,0,0,NA,NA,NA
completions_gpt3.5/completion_M_t0.1_48.v,gpt3.5,M,0.1,48,0,0,0,NA,NA,NA
completions_gpt3.5/completion_M_t0.1_49.v,gpt3.5,M,0.1,49,0,0,0,NA,NA,NA
completions_gpt3.5/completion_M_t0.1_50.v,gpt3.5,M,0.1,50,0,0,0,NA,NA,NA
completions_gpt3.5/completion_M_t0.1_51.v,gpt3.5,M,0.1,51,0,0,0,NA,NA,NA
completions_gpt3.5/completion_M_t0.1_52.v,gpt3.5,M,0.1,52,0,0,0,NA,NA,NA
completions_gpt3.5/completion_M_t0.1_53.v,gpt3.5,M,0.1,53,0,0,0,NA,NA,NA
completions_gpt3.5/completion_M_t0.1_54.v,gpt3.5,M,0.1,54,0,0,0,NA,NA,NA
completions_gpt3.5/completion_M_t0.1_55.v,gpt3.5,M,0.1,55,0,0,0,NA,NA,NA
completions_gpt3.5/completion_M_t0.1_56.v,gpt3.5,M,0.1,56,0,0,0,NA,NA,NA
completions_gpt3.5/completion_M_t0.1_57.v,gpt3.5,M,0.1,57,0,0,0,NA,NA,NA
completions_gpt3.5/completion_M_t0.1_58.v,gpt3.5,M,0.1,58,0,0,0,NA,NA,NA
completions_gpt3.5/completion_M_t0.1_59.v,gpt3.5,M,0.1,59,0,0,0,NA,NA,NA
completions_gpt3.5/completion_M_t0.1_60.v,gpt3.5,M,0.1,60,0,0,0,NA,NA,NA
completions_gpt3.5/completion_M_t0.1_61.v,gpt3.5,M,0.1,61,0,0,0,NA,NA,NA
completions_gpt3.5/completion_M_t0.1_62.v,gpt3.5,M,0.1,62,0,0,0,NA,NA,NA
completions_gpt3.5/completion_M_t0.1_63.v,gpt3.5,M,0.1,63,0,0,0,NA,NA,NA
completions_gpt3.5/completion_M_t0.1_64.v,gpt3.5,M,0.1,64,0,0,0,NA,NA,NA
completions_gpt3.5/completion_M_t0.1_65.v,gpt3.5,M,0.1,65,0,0,0,NA,NA,NA
completions_gpt3.5/completion_M_t0.1_66.v,gpt3.5,M,0.1,66,0,0,0,NA,NA,NA
completions_gpt3.5/completion_M_t0.1_67.v,gpt3.5,M,0.1,67,0,0,0,NA,NA,NA
completions_gpt3.5/completion_M_t0.1_68.v,gpt3.5,M,0.1,68,0,0,0,NA,NA,NA
completions_gpt3.5/completion_M_t0.1_69.v,gpt3.5,M,0.1,69,0,0,0,NA,NA,NA
completions_gpt3.5/completion_M_t0.1_70.v,gpt3.5,M,0.1,70,0,0,0,NA,NA,NA
completions_gpt3.5/completion_M_t0.1_71.v,gpt3.5,M,0.1,71,0,0,0,NA,NA,NA
completions_gpt3.5/completion_M_t0.1_72.v,gpt3.5,M,0.1,72,0,0,0,NA,NA,NA
completions_gpt3.5/completion_M_t0.1_73.v,gpt3.5,M,0.1,73,0,0,0,NA,NA,NA
completions_gpt3.5/completion_M_t0.1_74.v,gpt3.5,M,0.1,74,0,0,0,NA,NA,NA
completions_gpt3.5/completion_M_t0.1_75.v,gpt3.5,M,0.1,75,0,0,0,NA,NA,NA
completions_gpt3.5/completion_M_t0.1_76.v,gpt3.5,M,0.1,76,0,0,0,NA,NA,NA
completions_gpt3.5/completion_M_t0.1_77.v,gpt3.5,M,0.1,77,0,0,0,NA,NA,NA
completions_gpt3.5/completion_M_t0.1_78.v,gpt3.5,M,0.1,78,0,0,0,NA,NA,NA
completions_gpt3.5/completion_M_t0.1_79.v,gpt3.5,M,0.1,79,0,0,0,NA,NA,NA
completions_gpt3.5/completion_M_t0.1_80.v,gpt3.5,M,0.1,80,0,0,0,NA,NA,NA
completions_gpt3.5/completion_M_t0.1_81.v,gpt3.5,M,0.1,81,0,0,0,NA,NA,NA
completions_gpt3.5/completion_M_t0.1_82.v,gpt3.5,M,0.1,82,0,0,0,NA,NA,NA
completions_gpt3.5/completion_M_t0.1_83.v,gpt3.5,M,0.1,83,0,0,0,NA,NA,NA
completions_gpt3.5/completion_M_t0.1_84.v,gpt3.5,M,0.1,84,0,0,0,NA,NA,NA
completions_gpt3.5/completion_M_t0.1_85.v,gpt3.5,M,0.1,85,0,0,0,NA,NA,NA
completions_gpt3.5/completion_M_t0.1_86.v,gpt3.5,M,0.1,86,0,0,0,NA,NA,NA
completions_gpt3.5/completion_M_t0.1_87.v,gpt3.5,M,0.1,87,0,0,0,NA,NA,NA
completions_gpt3.5/completion_M_t0.1_88.v,gpt3.5,M,0.1,88,0,0,0,NA,NA,NA
completions_gpt3.5/completion_M_t0.1_89.v,gpt3.5,M,0.1,89,0,0,0,NA,NA,NA
completions_gpt3.5/completion_M_t0.1_90.v,gpt3.5,M,0.1,90,0,0,0,NA,NA,NA
completions_gpt3.5/completion_M_t0.1_91.v,gpt3.5,M,0.1,91,0,0,0,NA,NA,NA
completions_gpt3.5/completion_M_t0.1_92.v,gpt3.5,M,0.1,92,0,0,0,NA,NA,NA
completions_gpt3.5/completion_M_t0.1_93.v,gpt3.5,M,0.1,93,0,0,0,NA,NA,NA
completions_gpt3.5/completion_M_t0.1_94.v,gpt3.5,M,0.1,94,0,0,0,NA,NA,NA
completions_gpt3.5/completion_M_t0.1_95.v,gpt3.5,M,0.1,95,0,0,0,NA,NA,NA
completions_gpt3.5/completion_M_t0.1_96.v,gpt3.5,M,0.1,96,0,0,0,NA,NA,NA
completions_gpt3.5/completion_M_t0.1_97.v,gpt3.5,M,0.1,97,0,0,0,NA,NA,NA
completions_gpt3.5/completion_M_t0.1_98.v,gpt3.5,M,0.1,98,0,0,0,NA,NA,NA
completions_gpt3.5/completion_M_t0.1_99.v,gpt3.5,M,0.1,99,0,0,0,NA,NA,NA
completions_gpt3.5/completion_M_t0.3_0.v,gpt3.5,M,0.3,0,0,0,0,NA,NA,NA
completions_gpt3.5/completion_M_t0.3_1.v,gpt3.5,M,0.3,1,0,0,0,NA,NA,NA
completions_gpt3.5/completion_M_t0.3_2.v,gpt3.5,M,0.3,2,0,0,0,NA,NA,NA
completions_gpt3.5/completion_M_t0.3_3.v,gpt3.5,M,0.3,3,0,0,0,NA,NA,NA
completions_gpt3.5/completion_M_t0.3_4.v,gpt3.5,M,0.3,4,0,0,0,NA,NA,NA
completions_gpt3.5/completion_M_t0.3_5.v,gpt3.5,M,0.3,5,0,0,0,NA,NA,NA
completions_gpt3.5/completion_M_t0.3_6.v,gpt3.5,M,0.3,6,0,0,0,NA,NA,NA
completions_gpt3.5/completion_M_t0.3_7.v,gpt3.5,M,0.3,7,0,0,0,NA,NA,NA
completions_gpt3.5/completion_M_t0.3_8.v,gpt3.5,M,0.3,8,0,0,0,NA,NA,NA
completions_gpt3.5/completion_M_t0.3_9.v,gpt3.5,M,0.3,9,0,0,0,NA,NA,NA
completions_gpt3.5/completion_M_t0.3_10.v,gpt3.5,M,0.3,10,0,0,0,NA,NA,NA
completions_gpt3.5/completion_M_t0.3_11.v,gpt3.5,M,0.3,11,0,0,0,NA,NA,NA
completions_gpt3.5/completion_M_t0.3_12.v,gpt3.5,M,0.3,12,0,0,0,NA,NA,NA
completions_gpt3.5/completion_M_t0.3_13.v,gpt3.5,M,0.3,13,0,0,0,NA,NA,NA
completions_gpt3.5/completion_M_t0.3_14.v,gpt3.5,M,0.3,14,0,0,0,NA,NA,NA
completions_gpt3.5/completion_M_t0.3_15.v,gpt3.5,M,0.3,15,0,0,0,NA,NA,NA
completions_gpt3.5/completion_M_t0.3_16.v,gpt3.5,M,0.3,16,0,0,0,NA,NA,NA
completions_gpt3.5/completion_M_t0.3_17.v,gpt3.5,M,0.3,17,0,0,0,NA,NA,NA
completions_gpt3.5/completion_M_t0.3_18.v,gpt3.5,M,0.3,18,0,0,0,NA,NA,NA
completions_gpt3.5/completion_M_t0.3_19.v,gpt3.5,M,0.3,19,0,0,0,NA,NA,NA
completions_gpt3.5/completion_M_t0.3_20.v,gpt3.5,M,0.3,20,0,0,0,NA,NA,NA
completions_gpt3.5/completion_M_t0.3_21.v,gpt3.5,M,0.3,21,0,0,0,NA,NA,NA
completions_gpt3.5/completion_M_t0.3_22.v,gpt3.5,M,0.3,22,0,0,0,NA,NA,NA
completions_gpt3.5/completion_M_t0.3_23.v,gpt3.5,M,0.3,23,0,0,0,NA,NA,NA
completions_gpt3.5/completion_M_t0.3_24.v,gpt3.5,M,0.3,24,0,0,0,NA,NA,NA
completions_gpt3.5/completion_M_t0.3_25.v,gpt3.5,M,0.3,25,0,0,0,NA,NA,NA
completions_gpt3.5/completion_M_t0.3_26.v,gpt3.5,M,0.3,26,0,0,0,NA,NA,NA
completions_gpt3.5/completion_M_t0.3_27.v,gpt3.5,M,0.3,27,0,0,0,NA,NA,NA
completions_gpt3.5/completion_M_t0.3_28.v,gpt3.5,M,0.3,28,0,0,0,NA,NA,NA
completions_gpt3.5/completion_M_t0.3_29.v,gpt3.5,M,0.3,29,0,0,0,NA,NA,NA
completions_gpt3.5/completion_M_t0.3_30.v,gpt3.5,M,0.3,30,0,0,0,NA,NA,NA
completions_gpt3.5/completion_M_t0.3_31.v,gpt3.5,M,0.3,31,0,0,0,NA,NA,NA
completions_gpt3.5/completion_M_t0.3_32.v,gpt3.5,M,0.3,32,0,0,0,NA,NA,NA
completions_gpt3.5/completion_M_t0.3_33.v,gpt3.5,M,0.3,33,0,0,0,NA,NA,NA
completions_gpt3.5/completion_M_t0.3_34.v,gpt3.5,M,0.3,34,0,0,0,NA,NA,NA
completions_gpt3.5/completion_M_t0.3_35.v,gpt3.5,M,0.3,35,0,0,0,NA,NA,NA
completions_gpt3.5/completion_M_t0.3_36.v,gpt3.5,M,0.3,36,0,0,0,NA,NA,NA
completions_gpt3.5/completion_M_t0.3_37.v,gpt3.5,M,0.3,37,0,0,0,NA,NA,NA
completions_gpt3.5/completion_M_t0.3_38.v,gpt3.5,M,0.3,38,0,0,0,NA,NA,NA
completions_gpt3.5/completion_M_t0.3_39.v,gpt3.5,M,0.3,39,0,0,0,NA,NA,NA
completions_gpt3.5/completion_M_t0.3_40.v,gpt3.5,M,0.3,40,0,0,0,NA,NA,NA
completions_gpt3.5/completion_M_t0.3_41.v,gpt3.5,M,0.3,41,0,0,0,NA,NA,NA
completions_gpt3.5/completion_M_t0.3_42.v,gpt3.5,M,0.3,42,0,0,0,NA,NA,NA
completions_gpt3.5/completion_M_t0.3_43.v,gpt3.5,M,0.3,43,0,0,0,NA,NA,NA
completions_gpt3.5/completion_M_t0.3_44.v,gpt3.5,M,0.3,44,0,0,0,NA,NA,NA
completions_gpt3.5/completion_M_t0.3_45.v,gpt3.5,M,0.3,45,0,0,0,NA,NA,NA
completions_gpt3.5/completion_M_t0.3_46.v,gpt3.5,M,0.3,46,0,0,0,NA,NA,NA
completions_gpt3.5/completion_M_t0.3_47.v,gpt3.5,M,0.3,47,0,0,0,NA,NA,NA
completions_gpt3.5/completion_M_t0.3_48.v,gpt3.5,M,0.3,48,0,0,0,NA,NA,NA
completions_gpt3.5/completion_M_t0.3_49.v,gpt3.5,M,0.3,49,0,0,0,NA,NA,NA
completions_gpt3.5/completion_M_t0.3_50.v,gpt3.5,M,0.3,50,0,0,0,NA,NA,NA
completions_gpt3.5/completion_M_t0.3_51.v,gpt3.5,M,0.3,51,0,0,0,NA,NA,NA
completions_gpt3.5/completion_M_t0.3_52.v,gpt3.5,M,0.3,52,0,0,0,NA,NA,NA
completions_gpt3.5/completion_M_t0.3_53.v,gpt3.5,M,0.3,53,0,0,0,NA,NA,NA
completions_gpt3.5/completion_M_t0.3_54.v,gpt3.5,M,0.3,54,0,0,0,NA,NA,NA
completions_gpt3.5/completion_M_t0.3_55.v,gpt3.5,M,0.3,55,0,0,0,NA,NA,NA
completions_gpt3.5/completion_M_t0.3_56.v,gpt3.5,M,0.3,56,0,0,0,NA,NA,NA
completions_gpt3.5/completion_M_t0.3_57.v,gpt3.5,M,0.3,57,0,0,0,NA,NA,NA
completions_gpt3.5/completion_M_t0.3_58.v,gpt3.5,M,0.3,58,0,0,0,NA,NA,NA
completions_gpt3.5/completion_M_t0.3_59.v,gpt3.5,M,0.3,59,0,0,0,NA,NA,NA
completions_gpt3.5/completion_M_t0.3_60.v,gpt3.5,M,0.3,60,0,0,0,NA,NA,NA
completions_gpt3.5/completion_M_t0.3_61.v,gpt3.5,M,0.3,61,0,0,0,NA,NA,NA
completions_gpt3.5/completion_M_t0.3_62.v,gpt3.5,M,0.3,62,0,0,0,NA,NA,NA
completions_gpt3.5/completion_M_t0.3_63.v,gpt3.5,M,0.3,63,0,0,0,NA,NA,NA
completions_gpt3.5/completion_M_t0.3_64.v,gpt3.5,M,0.3,64,0,0,0,NA,NA,NA
completions_gpt3.5/completion_M_t0.3_65.v,gpt3.5,M,0.3,65,0,0,0,NA,NA,NA
completions_gpt3.5/completion_M_t0.3_66.v,gpt3.5,M,0.3,66,0,0,0,NA,NA,NA
completions_gpt3.5/completion_M_t0.3_67.v,gpt3.5,M,0.3,67,0,0,0,NA,NA,NA
completions_gpt3.5/completion_M_t0.3_68.v,gpt3.5,M,0.3,68,0,0,0,NA,NA,NA
completions_gpt3.5/completion_M_t0.3_69.v,gpt3.5,M,0.3,69,0,0,0,NA,NA,NA
completions_gpt3.5/completion_M_t0.3_70.v,gpt3.5,M,0.3,70,0,0,0,NA,NA,NA
completions_gpt3.5/completion_M_t0.3_71.v,gpt3.5,M,0.3,71,0,0,0,NA,NA,NA
completions_gpt3.5/completion_M_t0.3_72.v,gpt3.5,M,0.3,72,0,0,0,NA,NA,NA
completions_gpt3.5/completion_M_t0.3_73.v,gpt3.5,M,0.3,73,0,0,0,NA,NA,NA
completions_gpt3.5/completion_M_t0.3_74.v,gpt3.5,M,0.3,74,0,0,0,NA,NA,NA
completions_gpt3.5/completion_M_t0.3_75.v,gpt3.5,M,0.3,75,0,0,0,NA,NA,NA
completions_gpt3.5/completion_M_t0.3_76.v,gpt3.5,M,0.3,76,0,0,0,NA,NA,NA
completions_gpt3.5/completion_M_t0.3_77.v,gpt3.5,M,0.3,77,0,0,0,NA,NA,NA
completions_gpt3.5/completion_M_t0.3_78.v,gpt3.5,M,0.3,78,0,0,0,NA,NA,NA
completions_gpt3.5/completion_M_t0.3_79.v,gpt3.5,M,0.3,79,0,0,0,NA,NA,NA
completions_gpt3.5/completion_M_t0.3_80.v,gpt3.5,M,0.3,80,0,0,0,NA,NA,NA
completions_gpt3.5/completion_M_t0.3_81.v,gpt3.5,M,0.3,81,0,0,0,NA,NA,NA
completions_gpt3.5/completion_M_t0.3_82.v,gpt3.5,M,0.3,82,0,0,0,NA,NA,NA
completions_gpt3.5/completion_M_t0.3_83.v,gpt3.5,M,0.3,83,0,0,0,NA,NA,NA
completions_gpt3.5/completion_M_t0.3_84.v,gpt3.5,M,0.3,84,0,0,0,NA,NA,NA
completions_gpt3.5/completion_M_t0.3_85.v,gpt3.5,M,0.3,85,0,0,0,NA,NA,NA
completions_gpt3.5/completion_M_t0.3_86.v,gpt3.5,M,0.3,86,0,0,0,NA,NA,NA
completions_gpt3.5/completion_M_t0.3_87.v,gpt3.5,M,0.3,87,0,0,0,NA,NA,NA
completions_gpt3.5/completion_M_t0.3_88.v,gpt3.5,M,0.3,88,0,0,0,NA,NA,NA
completions_gpt3.5/completion_M_t0.3_89.v,gpt3.5,M,0.3,89,0,0,0,NA,NA,NA
completions_gpt3.5/completion_M_t0.3_90.v,gpt3.5,M,0.3,90,0,0,0,NA,NA,NA
completions_gpt3.5/completion_M_t0.3_91.v,gpt3.5,M,0.3,91,0,0,0,NA,NA,NA
completions_gpt3.5/completion_M_t0.3_92.v,gpt3.5,M,0.3,92,0,0,0,NA,NA,NA
completions_gpt3.5/completion_M_t0.3_93.v,gpt3.5,M,0.3,93,0,0,0,NA,NA,NA
completions_gpt3.5/completion_M_t0.3_94.v,gpt3.5,M,0.3,94,0,0,0,NA,NA,NA
completions_gpt3.5/completion_M_t0.3_95.v,gpt3.5,M,0.3,95,0,0,0,NA,NA,NA
completions_gpt3.5/completion_M_t0.3_96.v,gpt3.5,M,0.3,96,0,0,0,NA,NA,NA
completions_gpt3.5/completion_M_t0.3_97.v,gpt3.5,M,0.3,97,0,0,0,NA,NA,NA
completions_gpt3.5/completion_M_t0.3_98.v,gpt3.5,M,0.3,98,0,0,0,NA,NA,NA
completions_gpt3.5/completion_M_t0.3_99.v,gpt3.5,M,0.3,99,0,0,0,NA,NA,NA
completions_gpt3.5/completion_M_t0.5_0.v,gpt3.5,M,0.5,0,0,0,0,NA,NA,NA
completions_gpt3.5/completion_M_t0.5_1.v,gpt3.5,M,0.5,1,0,0,0,NA,NA,NA
completions_gpt3.5/completion_M_t0.5_2.v,gpt3.5,M,0.5,2,0,0,0,NA,NA,NA
completions_gpt3.5/completion_M_t0.5_3.v,gpt3.5,M,0.5,3,0,0,0,NA,NA,NA
completions_gpt3.5/completion_M_t0.5_4.v,gpt3.5,M,0.5,4,0,0,0,NA,NA,NA
completions_gpt3.5/completion_M_t0.5_5.v,gpt3.5,M,0.5,5,0,0,0,NA,NA,NA
completions_gpt3.5/completion_M_t0.5_6.v,gpt3.5,M,0.5,6,0,0,0,NA,NA,NA
completions_gpt3.5/completion_M_t0.5_7.v,gpt3.5,M,0.5,7,0,0,0,NA,NA,NA
completions_gpt3.5/completion_M_t0.5_8.v,gpt3.5,M,0.5,8,0,0,0,NA,NA,NA
completions_gpt3.5/completion_M_t0.5_9.v,gpt3.5,M,0.5,9,0,0,0,NA,NA,NA
completions_gpt3.5/completion_M_t0.5_10.v,gpt3.5,M,0.5,10,0,0,0,NA,NA,NA
completions_gpt3.5/completion_M_t0.5_11.v,gpt3.5,M,0.5,11,0,0,0,NA,NA,NA
completions_gpt3.5/completion_M_t0.5_12.v,gpt3.5,M,0.5,12,0,0,0,NA,NA,NA
completions_gpt3.5/completion_M_t0.5_13.v,gpt3.5,M,0.5,13,0,0,0,NA,NA,NA
completions_gpt3.5/completion_M_t0.5_14.v,gpt3.5,M,0.5,14,0,0,0,NA,NA,NA
completions_gpt3.5/completion_M_t0.5_15.v,gpt3.5,M,0.5,15,0,0,0,NA,NA,NA
completions_gpt3.5/completion_M_t0.5_16.v,gpt3.5,M,0.5,16,0,0,0,NA,NA,NA
completions_gpt3.5/completion_M_t0.5_17.v,gpt3.5,M,0.5,17,0,0,0,NA,NA,NA
completions_gpt3.5/completion_M_t0.5_18.v,gpt3.5,M,0.5,18,0,0,0,NA,NA,NA
completions_gpt3.5/completion_M_t0.5_19.v,gpt3.5,M,0.5,19,0,0,0,NA,NA,NA
completions_gpt3.5/completion_M_t0.5_20.v,gpt3.5,M,0.5,20,0,0,0,NA,NA,NA
completions_gpt3.5/completion_M_t0.5_21.v,gpt3.5,M,0.5,21,0,0,0,NA,NA,NA
completions_gpt3.5/completion_M_t0.5_22.v,gpt3.5,M,0.5,22,0,0,0,NA,NA,NA
completions_gpt3.5/completion_M_t0.5_23.v,gpt3.5,M,0.5,23,0,0,0,NA,NA,NA
completions_gpt3.5/completion_M_t0.5_24.v,gpt3.5,M,0.5,24,0,0,0,NA,NA,NA
completions_gpt3.5/completion_M_t0.5_25.v,gpt3.5,M,0.5,25,0,0,0,NA,NA,NA
completions_gpt3.5/completion_M_t0.5_26.v,gpt3.5,M,0.5,26,0,0,0,NA,NA,NA
completions_gpt3.5/completion_M_t0.5_27.v,gpt3.5,M,0.5,27,0,0,0,NA,NA,NA
completions_gpt3.5/completion_M_t0.5_28.v,gpt3.5,M,0.5,28,0,0,0,NA,NA,NA
completions_gpt3.5/completion_M_t0.5_29.v,gpt3.5,M,0.5,29,1,0,0,NA,NA,NA
completions_gpt3.5/completion_M_t0.5_30.v,gpt3.5,M,0.5,30,0,0,0,NA,NA,NA
completions_gpt3.5/completion_M_t0.5_31.v,gpt3.5,M,0.5,31,0,0,0,NA,NA,NA
completions_gpt3.5/completion_M_t0.5_32.v,gpt3.5,M,0.5,32,0,0,0,NA,NA,NA
completions_gpt3.5/completion_M_t0.5_33.v,gpt3.5,M,0.5,33,0,0,0,NA,NA,NA
completions_gpt3.5/completion_M_t0.5_34.v,gpt3.5,M,0.5,34,0,0,0,NA,NA,NA
completions_gpt3.5/completion_M_t0.5_35.v,gpt3.5,M,0.5,35,0,0,0,NA,NA,NA
completions_gpt3.5/completion_M_t0.5_36.v,gpt3.5,M,0.5,36,0,0,0,NA,NA,NA
completions_gpt3.5/completion_M_t0.5_37.v,gpt3.5,M,0.5,37,1,1,0,"40FCABDC216D094F37C43B4264AC4AC3
",2521,19.906560
completions_gpt3.5/completion_M_t0.5_38.v,gpt3.5,M,0.5,38,0,0,0,NA,NA,NA
completions_gpt3.5/completion_M_t0.5_39.v,gpt3.5,M,0.5,39,0,0,0,NA,NA,NA
completions_gpt3.5/completion_M_t0.5_40.v,gpt3.5,M,0.5,40,0,0,0,NA,NA,NA
completions_gpt3.5/completion_M_t0.5_41.v,gpt3.5,M,0.5,41,1,1,0,"40FCAB2A216D7F4F37F13B42B4AC4AC3
",2536,30.523392
completions_gpt3.5/completion_M_t0.5_42.v,gpt3.5,M,0.5,42,1,1,0,"36176DB018731F30901EC22217995840
",2545,NA
completions_gpt3.5/completion_M_t0.5_43.v,gpt3.5,M,0.5,43,0,0,0,NA,NA,NA
completions_gpt3.5/completion_M_t0.5_44.v,gpt3.5,M,0.5,44,0,0,0,NA,NA,NA
completions_gpt3.5/completion_M_t0.5_45.v,gpt3.5,M,0.5,45,0,0,0,NA,NA,NA
completions_gpt3.5/completion_M_t0.5_46.v,gpt3.5,M,0.5,46,0,0,0,NA,NA,NA
completions_gpt3.5/completion_M_t0.5_47.v,gpt3.5,M,0.5,47,0,0,0,NA,NA,NA
completions_gpt3.5/completion_M_t0.5_48.v,gpt3.5,M,0.5,48,0,0,0,NA,NA,NA
completions_gpt3.5/completion_M_t0.5_49.v,gpt3.5,M,0.5,49,0,0,0,NA,NA,NA
completions_gpt3.5/completion_M_t0.5_50.v,gpt3.5,M,0.5,50,0,0,0,NA,NA,NA
completions_gpt3.5/completion_M_t0.5_51.v,gpt3.5,M,0.5,51,1,1,0,"459A79A220CC933128C1D0408C111DD4
",2571,79.626240
completions_gpt3.5/completion_M_t0.5_52.v,gpt3.5,M,0.5,52,0,0,0,NA,NA,NA
completions_gpt3.5/completion_M_t0.5_53.v,gpt3.5,M,0.5,53,0,0,0,NA,NA,NA
completions_gpt3.5/completion_M_t0.5_54.v,gpt3.5,M,0.5,54,0,0,0,NA,NA,NA
completions_gpt3.5/completion_M_t0.5_55.v,gpt3.5,M,0.5,55,0,0,0,NA,NA,NA
completions_gpt3.5/completion_M_t0.5_56.v,gpt3.5,M,0.5,56,0,0,0,NA,NA,NA
completions_gpt3.5/completion_M_t0.5_57.v,gpt3.5,M,0.5,57,0,0,0,NA,NA,NA
completions_gpt3.5/completion_M_t0.5_58.v,gpt3.5,M,0.5,58,1,1,0,"40FCAB36216D7D4437323B539DAC4A1D
",2540,4.423680
completions_gpt3.5/completion_M_t0.5_59.v,gpt3.5,M,0.5,59,0,0,0,NA,NA,NA
completions_gpt3.5/completion_M_t0.5_60.v,gpt3.5,M,0.5,60,0,0,0,NA,NA,NA
completions_gpt3.5/completion_M_t0.5_61.v,gpt3.5,M,0.5,61,0,0,0,NA,NA,NA
completions_gpt3.5/completion_M_t0.5_62.v,gpt3.5,M,0.5,62,0,0,0,NA,NA,NA
completions_gpt3.5/completion_M_t0.5_63.v,gpt3.5,M,0.5,63,0,0,0,NA,NA,NA
completions_gpt3.5/completion_M_t0.5_64.v,gpt3.5,M,0.5,64,0,0,0,NA,NA,NA
completions_gpt3.5/completion_M_t0.5_65.v,gpt3.5,M,0.5,65,0,0,0,NA,NA,NA
completions_gpt3.5/completion_M_t0.5_66.v,gpt3.5,M,0.5,66,0,0,0,NA,NA,NA
completions_gpt3.5/completion_M_t0.5_67.v,gpt3.5,M,0.5,67,1,1,0,"40FCAB36216D7D4437323B539DAC4A1D
",2552,4.423680
completions_gpt3.5/completion_M_t0.5_68.v,gpt3.5,M,0.5,68,0,0,0,NA,NA,NA
completions_gpt3.5/completion_M_t0.5_69.v,gpt3.5,M,0.5,69,0,0,0,NA,NA,NA
completions_gpt3.5/completion_M_t0.5_70.v,gpt3.5,M,0.5,70,0,0,0,NA,NA,NA
completions_gpt3.5/completion_M_t0.5_71.v,gpt3.5,M,0.5,71,0,0,0,NA,NA,NA
completions_gpt3.5/completion_M_t0.5_72.v,gpt3.5,M,0.5,72,0,0,0,NA,NA,NA
completions_gpt3.5/completion_M_t0.5_73.v,gpt3.5,M,0.5,73,0,0,0,NA,NA,NA
completions_gpt3.5/completion_M_t0.5_74.v,gpt3.5,M,0.5,74,0,0,0,NA,NA,NA
completions_gpt3.5/completion_M_t0.5_75.v,gpt3.5,M,0.5,75,0,0,0,NA,NA,NA
completions_gpt3.5/completion_M_t0.5_76.v,gpt3.5,M,0.5,76,0,0,0,NA,NA,NA
completions_gpt3.5/completion_M_t0.5_77.v,gpt3.5,M,0.5,77,0,0,0,NA,NA,NA
completions_gpt3.5/completion_M_t0.5_78.v,gpt3.5,M,0.5,78,0,0,0,NA,NA,NA
completions_gpt3.5/completion_M_t0.5_79.v,gpt3.5,M,0.5,79,0,0,0,NA,NA,NA
completions_gpt3.5/completion_M_t0.5_80.v,gpt3.5,M,0.5,80,1,1,0,"53F2216397E90C9070D85D13F9D9A2A5
",2527,95.109120
completions_gpt3.5/completion_M_t0.5_81.v,gpt3.5,M,0.5,81,0,0,0,NA,NA,NA
completions_gpt3.5/completion_M_t0.5_82.v,gpt3.5,M,0.5,82,0,0,0,NA,NA,NA
completions_gpt3.5/completion_M_t0.5_83.v,gpt3.5,M,0.5,83,0,0,0,NA,NA,NA
completions_gpt3.5/completion_M_t0.5_84.v,gpt3.5,M,0.5,84,0,0,0,NA,NA,NA
completions_gpt3.5/completion_M_t0.5_85.v,gpt3.5,M,0.5,85,0,0,0,NA,NA,NA
completions_gpt3.5/completion_M_t0.5_86.v,gpt3.5,M,0.5,86,0,0,0,NA,NA,NA
completions_gpt3.5/completion_M_t0.5_87.v,gpt3.5,M,0.5,87,0,0,0,NA,NA,NA
completions_gpt3.5/completion_M_t0.5_88.v,gpt3.5,M,0.5,88,0,0,0,NA,NA,NA
completions_gpt3.5/completion_M_t0.5_89.v,gpt3.5,M,0.5,89,0,0,0,NA,NA,NA
completions_gpt3.5/completion_M_t0.5_90.v,gpt3.5,M,0.5,90,0,0,0,NA,NA,NA
completions_gpt3.5/completion_M_t0.5_91.v,gpt3.5,M,0.5,91,0,0,0,NA,NA,NA
completions_gpt3.5/completion_M_t0.5_92.v,gpt3.5,M,0.5,92,0,0,0,NA,NA,NA
completions_gpt3.5/completion_M_t0.5_93.v,gpt3.5,M,0.5,93,0,0,0,NA,NA,NA
completions_gpt3.5/completion_M_t0.5_94.v,gpt3.5,M,0.5,94,0,0,0,NA,NA,NA
completions_gpt3.5/completion_M_t0.5_95.v,gpt3.5,M,0.5,95,0,0,0,NA,NA,NA
completions_gpt3.5/completion_M_t0.5_96.v,gpt3.5,M,0.5,96,0,0,0,NA,NA,NA
completions_gpt3.5/completion_M_t0.5_97.v,gpt3.5,M,0.5,97,0,0,0,NA,NA,NA
completions_gpt3.5/completion_M_t0.5_98.v,gpt3.5,M,0.5,98,0,0,0,NA,NA,NA
completions_gpt3.5/completion_M_t0.5_99.v,gpt3.5,M,0.5,99,0,0,0,NA,NA,NA
completions_gpt3.5/completion_M_t0.7_0.v,gpt3.5,M,0.7,0,1,1,0,"40D8B7A5D994C34F8FA93BDC60ACC6E6
",2512,0.000000
completions_gpt3.5/completion_M_t0.7_1.v,gpt3.5,M,0.7,1,0,0,0,NA,NA,NA
completions_gpt3.5/completion_M_t0.7_2.v,gpt3.5,M,0.7,2,0,0,0,NA,NA,NA
completions_gpt3.5/completion_M_t0.7_3.v,gpt3.5,M,0.7,3,0,0,0,NA,NA,NA
completions_gpt3.5/completion_M_t0.7_4.v,gpt3.5,M,0.7,4,0,0,0,NA,NA,NA
completions_gpt3.5/completion_M_t0.7_5.v,gpt3.5,M,0.7,5,1,1,0,"58176DB018731F89901EDF2217615840
",2544,26.099712
completions_gpt3.5/completion_M_t0.7_6.v,gpt3.5,M,0.7,6,0,0,0,NA,NA,NA
completions_gpt3.5/completion_M_t0.7_7.v,gpt3.5,M,0.7,7,0,0,0,NA,NA,NA
completions_gpt3.5/completion_M_t0.7_8.v,gpt3.5,M,0.7,8,0,0,0,NA,NA,NA
completions_gpt3.5/completion_M_t0.7_9.v,gpt3.5,M,0.7,9,0,0,0,NA,NA,NA
completions_gpt3.5/completion_M_t0.7_10.v,gpt3.5,M,0.7,10,0,0,0,NA,NA,NA
completions_gpt3.5/completion_M_t0.7_11.v,gpt3.5,M,0.7,11,0,0,0,NA,NA,NA
completions_gpt3.5/completion_M_t0.7_12.v,gpt3.5,M,0.7,12,0,0,0,NA,NA,NA
completions_gpt3.5/completion_M_t0.7_13.v,gpt3.5,M,0.7,13,0,0,0,NA,NA,NA
completions_gpt3.5/completion_M_t0.7_14.v,gpt3.5,M,0.7,14,0,0,0,NA,NA,NA
completions_gpt3.5/completion_M_t0.7_15.v,gpt3.5,M,0.7,15,0,0,0,NA,NA,NA
completions_gpt3.5/completion_M_t0.7_16.v,gpt3.5,M,0.7,16,0,0,0,NA,NA,NA
completions_gpt3.5/completion_M_t0.7_17.v,gpt3.5,M,0.7,17,0,0,0,NA,NA,NA
completions_gpt3.5/completion_M_t0.7_18.v,gpt3.5,M,0.7,18,0,0,0,NA,NA,NA
completions_gpt3.5/completion_M_t0.7_19.v,gpt3.5,M,0.7,19,0,0,0,NA,NA,NA
completions_gpt3.5/completion_M_t0.7_20.v,gpt3.5,M,0.7,20,0,0,0,NA,NA,NA
completions_gpt3.5/completion_M_t0.7_21.v,gpt3.5,M,0.7,21,0,0,0,NA,NA,NA
completions_gpt3.5/completion_M_t0.7_22.v,gpt3.5,M,0.7,22,0,0,0,NA,NA,NA
completions_gpt3.5/completion_M_t0.7_23.v,gpt3.5,M,0.7,23,0,0,0,NA,NA,NA
completions_gpt3.5/completion_M_t0.7_24.v,gpt3.5,M,0.7,24,0,0,0,NA,NA,NA
completions_gpt3.5/completion_M_t0.7_25.v,gpt3.5,M,0.7,25,0,0,0,NA,NA,NA
completions_gpt3.5/completion_M_t0.7_26.v,gpt3.5,M,0.7,26,0,0,0,NA,NA,NA
completions_gpt3.5/completion_M_t0.7_27.v,gpt3.5,M,0.7,27,0,0,0,NA,NA,NA
completions_gpt3.5/completion_M_t0.7_28.v,gpt3.5,M,0.7,28,1,1,0,"40FCABFC216DCA4F376B3B4213AC4AC3
",2536,285.818890
completions_gpt3.5/completion_M_t0.7_29.v,gpt3.5,M,0.7,29,0,0,0,NA,NA,NA
completions_gpt3.5/completion_M_t0.7_30.v,gpt3.5,M,0.7,30,0,0,0,NA,NA,NA
completions_gpt3.5/completion_M_t0.7_31.v,gpt3.5,M,0.7,31,0,0,0,NA,NA,NA
completions_gpt3.5/completion_M_t0.7_32.v,gpt3.5,M,0.7,32,0,0,0,NA,NA,NA
completions_gpt3.5/completion_M_t0.7_33.v,gpt3.5,M,0.7,33,0,0,0,NA,NA,NA
completions_gpt3.5/completion_M_t0.7_34.v,gpt3.5,M,0.7,34,0,0,0,NA,NA,NA
completions_gpt3.5/completion_M_t0.7_35.v,gpt3.5,M,0.7,35,0,0,0,NA,NA,NA
completions_gpt3.5/completion_M_t0.7_36.v,gpt3.5,M,0.7,36,0,0,0,NA,NA,NA
completions_gpt3.5/completion_M_t0.7_37.v,gpt3.5,M,0.7,37,0,0,0,NA,NA,NA
completions_gpt3.5/completion_M_t0.7_38.v,gpt3.5,M,0.7,38,1,1,0,"24549ED68B071D1D73A3947D297E2BC1
",2518,39.813120
completions_gpt3.5/completion_M_t0.7_39.v,gpt3.5,M,0.7,39,0,0,0,NA,NA,NA
completions_gpt3.5/completion_M_t0.7_40.v,gpt3.5,M,0.7,40,0,0,0,NA,NA,NA
completions_gpt3.5/completion_M_t0.7_41.v,gpt3.5,M,0.7,41,0,0,0,NA,NA,NA
completions_gpt3.5/completion_M_t0.7_42.v,gpt3.5,M,0.7,42,0,0,0,NA,NA,NA
completions_gpt3.5/completion_M_t0.7_43.v,gpt3.5,M,0.7,43,0,0,0,NA,NA,NA
completions_gpt3.5/completion_M_t0.7_44.v,gpt3.5,M,0.7,44,0,0,0,NA,NA,NA
completions_gpt3.5/completion_M_t0.7_45.v,gpt3.5,M,0.7,45,0,0,0,NA,NA,NA
completions_gpt3.5/completion_M_t0.7_46.v,gpt3.5,M,0.7,46,0,0,0,NA,NA,NA
completions_gpt3.5/completion_M_t0.7_47.v,gpt3.5,M,0.7,47,0,0,0,NA,NA,NA
completions_gpt3.5/completion_M_t0.7_48.v,gpt3.5,M,0.7,48,0,0,0,NA,NA,NA
completions_gpt3.5/completion_M_t0.7_49.v,gpt3.5,M,0.7,49,0,0,0,NA,NA,NA
completions_gpt3.5/completion_M_t0.7_50.v,gpt3.5,M,0.7,50,0,0,0,NA,NA,NA
completions_gpt3.5/completion_M_t0.7_51.v,gpt3.5,M,0.7,51,0,0,0,NA,NA,NA
completions_gpt3.5/completion_M_t0.7_52.v,gpt3.5,M,0.7,52,0,0,0,NA,NA,NA
completions_gpt3.5/completion_M_t0.7_53.v,gpt3.5,M,0.7,53,0,0,0,NA,NA,NA
completions_gpt3.5/completion_M_t0.7_54.v,gpt3.5,M,0.7,54,0,0,0,NA,NA,NA
completions_gpt3.5/completion_M_t0.7_55.v,gpt3.5,M,0.7,55,0,0,0,NA,NA,NA
completions_gpt3.5/completion_M_t0.7_56.v,gpt3.5,M,0.7,56,0,0,0,NA,NA,NA
completions_gpt3.5/completion_M_t0.7_57.v,gpt3.5,M,0.7,57,0,0,0,NA,NA,NA
completions_gpt3.5/completion_M_t0.7_58.v,gpt3.5,M,0.7,58,0,0,0,NA,NA,NA
completions_gpt3.5/completion_M_t0.7_59.v,gpt3.5,M,0.7,59,0,0,0,NA,NA,NA
completions_gpt3.5/completion_M_t0.7_60.v,gpt3.5,M,0.7,60,0,0,0,NA,NA,NA
completions_gpt3.5/completion_M_t0.7_61.v,gpt3.5,M,0.7,61,0,0,0,NA,NA,NA
completions_gpt3.5/completion_M_t0.7_62.v,gpt3.5,M,0.7,62,0,0,0,NA,NA,NA
completions_gpt3.5/completion_M_t0.7_63.v,gpt3.5,M,0.7,63,0,0,0,NA,NA,NA
completions_gpt3.5/completion_M_t0.7_64.v,gpt3.5,M,0.7,64,0,0,0,NA,NA,NA
completions_gpt3.5/completion_M_t0.7_65.v,gpt3.5,M,0.7,65,0,0,0,NA,NA,NA
completions_gpt3.5/completion_M_t0.7_66.v,gpt3.5,M,0.7,66,0,0,0,NA,NA,NA
completions_gpt3.5/completion_M_t0.7_67.v,gpt3.5,M,0.7,67,0,0,0,NA,NA,NA
completions_gpt3.5/completion_M_t0.7_68.v,gpt3.5,M,0.7,68,0,0,0,NA,NA,NA
completions_gpt3.5/completion_M_t0.7_69.v,gpt3.5,M,0.7,69,0,0,0,NA,NA,NA
completions_gpt3.5/completion_M_t0.7_70.v,gpt3.5,M,0.7,70,1,1,0,"F7176DB018731FC4901E0122179A5840
",2543,0.000000
completions_gpt3.5/completion_M_t0.7_71.v,gpt3.5,M,0.7,71,0,0,0,NA,NA,NA
completions_gpt3.5/completion_M_t0.7_72.v,gpt3.5,M,0.7,72,0,0,0,NA,NA,NA
completions_gpt3.5/completion_M_t0.7_73.v,gpt3.5,M,0.7,73,0,0,0,NA,NA,NA
completions_gpt3.5/completion_M_t0.7_74.v,gpt3.5,M,0.7,74,0,0,0,NA,NA,NA
completions_gpt3.5/completion_M_t0.7_75.v,gpt3.5,M,0.7,75,0,0,0,NA,NA,NA
completions_gpt3.5/completion_M_t0.7_76.v,gpt3.5,M,0.7,76,0,0,0,NA,NA,NA
completions_gpt3.5/completion_M_t0.7_77.v,gpt3.5,M,0.7,77,0,0,0,NA,NA,NA
completions_gpt3.5/completion_M_t0.7_78.v,gpt3.5,M,0.7,78,0,0,0,NA,NA,NA
completions_gpt3.5/completion_M_t0.7_79.v,gpt3.5,M,0.7,79,0,0,0,NA,NA,NA
completions_gpt3.5/completion_M_t0.7_80.v,gpt3.5,M,0.7,80,0,0,0,NA,NA,NA
completions_gpt3.5/completion_M_t0.7_81.v,gpt3.5,M,0.7,81,0,0,0,NA,NA,NA
completions_gpt3.5/completion_M_t0.7_82.v,gpt3.5,M,0.7,82,0,0,0,NA,NA,NA
completions_gpt3.5/completion_M_t0.7_83.v,gpt3.5,M,0.7,83,0,0,0,NA,NA,NA
completions_gpt3.5/completion_M_t0.7_84.v,gpt3.5,M,0.7,84,0,0,0,NA,NA,NA
completions_gpt3.5/completion_M_t0.7_85.v,gpt3.5,M,0.7,85,1,0,0,NA,NA,NA
completions_gpt3.5/completion_M_t0.7_86.v,gpt3.5,M,0.7,86,0,0,0,NA,NA,NA
completions_gpt3.5/completion_M_t0.7_87.v,gpt3.5,M,0.7,87,0,0,0,NA,NA,NA
completions_gpt3.5/completion_M_t0.7_88.v,gpt3.5,M,0.7,88,0,0,0,NA,NA,NA
completions_gpt3.5/completion_M_t0.7_89.v,gpt3.5,M,0.7,89,0,0,0,NA,NA,NA
completions_gpt3.5/completion_M_t0.7_90.v,gpt3.5,M,0.7,90,1,1,0,"0C14F5F0AFF0EF5C64FE9A63D46AB8F7
",2566,13.713408
completions_gpt3.5/completion_M_t0.7_91.v,gpt3.5,M,0.7,91,0,0,0,NA,NA,NA
completions_gpt3.5/completion_M_t0.7_92.v,gpt3.5,M,0.7,92,0,0,0,NA,NA,NA
completions_gpt3.5/completion_M_t0.7_93.v,gpt3.5,M,0.7,93,0,0,0,NA,NA,NA
completions_gpt3.5/completion_M_t0.7_94.v,gpt3.5,M,0.7,94,0,0,0,NA,NA,NA
completions_gpt3.5/completion_M_t0.7_95.v,gpt3.5,M,0.7,95,0,0,0,NA,NA,NA
completions_gpt3.5/completion_M_t0.7_96.v,gpt3.5,M,0.7,96,0,0,0,NA,NA,NA
completions_gpt3.5/completion_M_t0.7_97.v,gpt3.5,M,0.7,97,0,0,0,NA,NA,NA
completions_gpt3.5/completion_M_t0.7_98.v,gpt3.5,M,0.7,98,0,0,0,NA,NA,NA
completions_gpt3.5/completion_M_t0.7_99.v,gpt3.5,M,0.7,99,0,0,0,NA,NA,NA
completions_gpt3.5/completion_M_t1.0_0.v,gpt3.5,M,1.0,0,1,1,0,"7D69DE4F0C0F1CB9F0111BEE3C52EFB1
",2527,263.847941
completions_gpt3.5/completion_M_t1.0_1.v,gpt3.5,M,1.0,1,0,0,0,NA,NA,NA
completions_gpt3.5/completion_M_t1.0_2.v,gpt3.5,M,1.0,2,0,0,0,NA,NA,NA
completions_gpt3.5/completion_M_t1.0_3.v,gpt3.5,M,1.0,3,0,0,0,NA,NA,NA
completions_gpt3.5/completion_M_t1.0_4.v,gpt3.5,M,1.0,4,0,0,0,NA,NA,NA
completions_gpt3.5/completion_M_t1.0_5.v,gpt3.5,M,1.0,5,0,0,0,NA,NA,NA
completions_gpt3.5/completion_M_t1.0_6.v,gpt3.5,M,1.0,6,0,0,0,NA,NA,NA
completions_gpt3.5/completion_M_t1.0_7.v,gpt3.5,M,1.0,7,0,0,0,NA,NA,NA
completions_gpt3.5/completion_M_t1.0_8.v,gpt3.5,M,1.0,8,0,0,0,NA,NA,NA
completions_gpt3.5/completion_M_t1.0_9.v,gpt3.5,M,1.0,9,0,0,0,NA,NA,NA
completions_gpt3.5/completion_M_t1.0_10.v,gpt3.5,M,1.0,10,1,1,0,"27E4E1A92DAC7D4F37AB3B029D371FFA
",2538,0.000000
completions_gpt3.5/completion_M_t1.0_11.v,gpt3.5,M,1.0,11,0,0,0,NA,NA,NA
completions_gpt3.5/completion_M_t1.0_12.v,gpt3.5,M,1.0,12,0,0,0,NA,NA,NA
completions_gpt3.5/completion_M_t1.0_13.v,gpt3.5,M,1.0,13,0,0,0,NA,NA,NA
completions_gpt3.5/completion_M_t1.0_14.v,gpt3.5,M,1.0,14,0,0,0,NA,NA,NA
completions_gpt3.5/completion_M_t1.0_15.v,gpt3.5,M,1.0,15,1,1,0,"40FCAB3E216D354F371B3B4258AC4AC3
",2538,29.196288
completions_gpt3.5/completion_M_t1.0_16.v,gpt3.5,M,1.0,16,0,0,0,NA,NA,NA
completions_gpt3.5/completion_M_t1.0_17.v,gpt3.5,M,1.0,17,0,0,0,NA,NA,NA
completions_gpt3.5/completion_M_t1.0_18.v,gpt3.5,M,1.0,18,0,0,0,NA,NA,NA
completions_gpt3.5/completion_M_t1.0_19.v,gpt3.5,M,1.0,19,0,0,0,NA,NA,NA
completions_gpt3.5/completion_M_t1.0_20.v,gpt3.5,M,1.0,20,0,0,0,NA,NA,NA
completions_gpt3.5/completion_M_t1.0_21.v,gpt3.5,M,1.0,21,0,0,0,NA,NA,NA
completions_gpt3.5/completion_M_t1.0_22.v,gpt3.5,M,1.0,22,0,0,0,NA,NA,NA
completions_gpt3.5/completion_M_t1.0_23.v,gpt3.5,M,1.0,23,0,0,0,NA,NA,NA
completions_gpt3.5/completion_M_t1.0_24.v,gpt3.5,M,1.0,24,1,1,0,"6AEA85A88FC750D0EC48326A19CB0A5F
",2548,108.380160
completions_gpt3.5/completion_M_t1.0_25.v,gpt3.5,M,1.0,25,0,0,0,NA,NA,NA
completions_gpt3.5/completion_M_t1.0_26.v,gpt3.5,M,1.0,26,0,0,0,NA,NA,NA
completions_gpt3.5/completion_M_t1.0_27.v,gpt3.5,M,1.0,27,0,0,0,NA,NA,NA
completions_gpt3.5/completion_M_t1.0_28.v,gpt3.5,M,1.0,28,0,0,0,NA,NA,NA
completions_gpt3.5/completion_M_t1.0_29.v,gpt3.5,M,1.0,29,0,0,0,NA,NA,NA
completions_gpt3.5/completion_M_t1.0_30.v,gpt3.5,M,1.0,30,0,0,0,NA,NA,NA
completions_gpt3.5/completion_M_t1.0_31.v,gpt3.5,M,1.0,31,0,0,0,NA,NA,NA
completions_gpt3.5/completion_M_t1.0_32.v,gpt3.5,M,1.0,32,0,0,0,NA,NA,NA
completions_gpt3.5/completion_M_t1.0_33.v,gpt3.5,M,1.0,33,0,0,0,NA,NA,NA
completions_gpt3.5/completion_M_t1.0_34.v,gpt3.5,M,1.0,34,0,0,0,NA,NA,NA
completions_gpt3.5/completion_M_t1.0_35.v,gpt3.5,M,1.0,35,0,0,0,NA,NA,NA
completions_gpt3.5/completion_M_t1.0_36.v,gpt3.5,M,1.0,36,0,0,0,NA,NA,NA
completions_gpt3.5/completion_M_t1.0_37.v,gpt3.5,M,1.0,37,1,1,0,"40FCABB0216D1F4F371E3B4217AC4AC3
",2518,NA
completions_gpt3.5/completion_M_t1.0_38.v,gpt3.5,M,1.0,38,0,0,0,NA,NA,NA
completions_gpt3.5/completion_M_t1.0_39.v,gpt3.5,M,1.0,39,0,0,0,NA,NA,NA
completions_gpt3.5/completion_M_t1.0_40.v,gpt3.5,M,1.0,40,0,0,0,NA,NA,NA
completions_gpt3.5/completion_M_t1.0_41.v,gpt3.5,M,1.0,41,1,1,0,"40FCABB0216D1F4F371E3B4217AC4AC3
",2518,NA
completions_gpt3.5/completion_M_t1.0_42.v,gpt3.5,M,1.0,42,0,0,0,NA,NA,NA
completions_gpt3.5/completion_M_t1.0_43.v,gpt3.5,M,1.0,43,0,0,0,NA,NA,NA
completions_gpt3.5/completion_M_t1.0_44.v,gpt3.5,M,1.0,44,0,0,0,NA,NA,NA
completions_gpt3.5/completion_M_t1.0_45.v,gpt3.5,M,1.0,45,0,0,0,NA,NA,NA
completions_gpt3.5/completion_M_t1.0_46.v,gpt3.5,M,1.0,46,0,0,0,NA,NA,NA
completions_gpt3.5/completion_M_t1.0_47.v,gpt3.5,M,1.0,47,0,0,0,NA,NA,NA
completions_gpt3.5/completion_M_t1.0_48.v,gpt3.5,M,1.0,48,0,0,0,NA,NA,NA
completions_gpt3.5/completion_M_t1.0_49.v,gpt3.5,M,1.0,49,0,0,0,NA,NA,NA
completions_gpt3.5/completion_M_t1.0_50.v,gpt3.5,M,1.0,50,0,0,0,NA,NA,NA
completions_gpt3.5/completion_M_t1.0_51.v,gpt3.5,M,1.0,51,1,1,0,"40FCABA9216D7D4F37323B429DAC4AC3
",2537,0.000000
completions_gpt3.5/completion_M_t1.0_52.v,gpt3.5,M,1.0,52,0,0,0,NA,NA,NA
completions_gpt3.5/completion_M_t1.0_53.v,gpt3.5,M,1.0,53,0,0,0,NA,NA,NA
completions_gpt3.5/completion_M_t1.0_54.v,gpt3.5,M,1.0,54,0,0,0,NA,NA,NA
completions_gpt3.5/completion_M_t1.0_55.v,gpt3.5,M,1.0,55,0,0,0,NA,NA,NA
completions_gpt3.5/completion_M_t1.0_56.v,gpt3.5,M,1.0,56,0,0,0,NA,NA,NA
completions_gpt3.5/completion_M_t1.0_57.v,gpt3.5,M,1.0,57,1,1,0,"40FCABD5216D7D4F37323B429DAC4AC3
",2545,2.654208
completions_gpt3.5/completion_M_t1.0_58.v,gpt3.5,M,1.0,58,0,0,0,NA,NA,NA
completions_gpt3.5/completion_M_t1.0_59.v,gpt3.5,M,1.0,59,0,0,0,NA,NA,NA
completions_gpt3.5/completion_M_t1.0_60.v,gpt3.5,M,1.0,60,0,0,0,NA,NA,NA
completions_gpt3.5/completion_M_t1.0_61.v,gpt3.5,M,1.0,61,0,0,0,NA,NA,NA
completions_gpt3.5/completion_M_t1.0_62.v,gpt3.5,M,1.0,62,0,0,0,NA,NA,NA
completions_gpt3.5/completion_M_t1.0_63.v,gpt3.5,M,1.0,63,0,0,0,NA,NA,NA
completions_gpt3.5/completion_M_t1.0_64.v,gpt3.5,M,1.0,64,0,0,0,NA,NA,NA
completions_gpt3.5/completion_M_t1.0_65.v,gpt3.5,M,1.0,65,0,0,0,NA,NA,NA
completions_gpt3.5/completion_M_t1.0_66.v,gpt3.5,M,1.0,66,0,0,0,NA,NA,NA
completions_gpt3.5/completion_M_t1.0_67.v,gpt3.5,M,1.0,67,0,0,0,NA,NA,NA
completions_gpt3.5/completion_M_t1.0_68.v,gpt3.5,M,1.0,68,0,0,0,NA,NA,NA
completions_gpt3.5/completion_M_t1.0_69.v,gpt3.5,M,1.0,69,0,0,0,NA,NA,NA
completions_gpt3.5/completion_M_t1.0_70.v,gpt3.5,M,1.0,70,1,1,0,"40FCAB6B216D7D4F37323BD99DAC4A0C
",2542,0.442368
completions_gpt3.5/completion_M_t1.0_71.v,gpt3.5,M,1.0,71,0,0,0,NA,NA,NA
completions_gpt3.5/completion_M_t1.0_72.v,gpt3.5,M,1.0,72,0,0,0,NA,NA,NA
completions_gpt3.5/completion_M_t1.0_73.v,gpt3.5,M,1.0,73,0,0,0,NA,NA,NA
completions_gpt3.5/completion_M_t1.0_74.v,gpt3.5,M,1.0,74,0,0,0,NA,NA,NA
completions_gpt3.5/completion_M_t1.0_75.v,gpt3.5,M,1.0,75,0,0,0,NA,NA,NA
completions_gpt3.5/completion_M_t1.0_76.v,gpt3.5,M,1.0,76,0,0,0,NA,NA,NA
completions_gpt3.5/completion_M_t1.0_77.v,gpt3.5,M,1.0,77,0,0,0,NA,NA,NA
completions_gpt3.5/completion_M_t1.0_78.v,gpt3.5,M,1.0,78,0,0,0,NA,NA,NA
completions_gpt3.5/completion_M_t1.0_79.v,gpt3.5,M,1.0,79,0,0,0,NA,NA,NA
completions_gpt3.5/completion_M_t1.0_80.v,gpt3.5,M,1.0,80,1,1,0,"6B750A30B7EEB79927815D9E4C07158D
",2563,110.149632
completions_gpt3.5/completion_M_t1.0_81.v,gpt3.5,M,1.0,81,0,0,0,NA,NA,NA
completions_gpt3.5/completion_M_t1.0_82.v,gpt3.5,M,1.0,82,0,0,0,NA,NA,NA
completions_gpt3.5/completion_M_t1.0_83.v,gpt3.5,M,1.0,83,0,0,0,NA,NA,NA
completions_gpt3.5/completion_M_t1.0_84.v,gpt3.5,M,1.0,84,0,0,0,NA,NA,NA
completions_gpt3.5/completion_M_t1.0_85.v,gpt3.5,M,1.0,85,0,0,0,NA,NA,NA
completions_gpt3.5/completion_M_t1.0_86.v,gpt3.5,M,1.0,86,1,1,0,"40FCAB87216DF74F37993B4273AC4AC3
",2533,0.000000
completions_gpt3.5/completion_M_t1.0_87.v,gpt3.5,M,1.0,87,1,1,0,"40FCAB67216D2B4F37453B4221AC4AC3
",2536,16.809984
completions_gpt3.5/completion_M_t1.0_88.v,gpt3.5,M,1.0,88,0,0,0,NA,NA,NA
completions_gpt3.5/completion_M_t1.0_89.v,gpt3.5,M,1.0,89,0,0,0,NA,NA,NA
completions_gpt3.5/completion_M_t1.0_90.v,gpt3.5,M,1.0,90,0,0,0,NA,NA,NA
completions_gpt3.5/completion_M_t1.0_91.v,gpt3.5,M,1.0,91,0,0,0,NA,NA,NA
completions_gpt3.5/completion_M_t1.0_92.v,gpt3.5,M,1.0,92,0,0,0,NA,NA,NA
completions_gpt3.5/completion_M_t1.0_93.v,gpt3.5,M,1.0,93,0,0,0,NA,NA,NA
completions_gpt3.5/completion_M_t1.0_94.v,gpt3.5,M,1.0,94,0,0,0,NA,NA,NA
completions_gpt3.5/completion_M_t1.0_95.v,gpt3.5,M,1.0,95,0,0,0,NA,NA,NA
completions_gpt3.5/completion_M_t1.0_96.v,gpt3.5,M,1.0,96,0,0,0,NA,NA,NA
completions_gpt3.5/completion_M_t1.0_97.v,gpt3.5,M,1.0,97,1,1,0,"06453646308D5B08E47015234DDB4B13
",2562,14.155776
completions_gpt3.5/completion_M_t1.0_98.v,gpt3.5,M,1.0,98,0,0,0,NA,NA,NA
completions_gpt3.5/completion_M_t1.0_99.v,gpt3.5,M,1.0,99,0,0,0,NA,NA,NA
completions_gpt3.5/completion_H_t0.1_0.v,gpt3.5,H,0.1,0,0,0,0,NA,NA,NA
completions_gpt3.5/completion_H_t0.1_1.v,gpt3.5,H,0.1,1,0,0,0,NA,NA,NA
completions_gpt3.5/completion_H_t0.1_2.v,gpt3.5,H,0.1,2,0,0,0,NA,NA,NA
completions_gpt3.5/completion_H_t0.1_3.v,gpt3.5,H,0.1,3,0,0,0,NA,NA,NA
completions_gpt3.5/completion_H_t0.1_4.v,gpt3.5,H,0.1,4,0,0,0,NA,NA,NA
completions_gpt3.5/completion_H_t0.1_5.v,gpt3.5,H,0.1,5,0,0,0,NA,NA,NA
completions_gpt3.5/completion_H_t0.1_6.v,gpt3.5,H,0.1,6,0,0,0,NA,NA,NA
completions_gpt3.5/completion_H_t0.1_7.v,gpt3.5,H,0.1,7,0,0,0,NA,NA,NA
completions_gpt3.5/completion_H_t0.1_8.v,gpt3.5,H,0.1,8,0,0,0,NA,NA,NA
completions_gpt3.5/completion_H_t0.1_9.v,gpt3.5,H,0.1,9,0,0,0,NA,NA,NA
completions_gpt3.5/completion_H_t0.1_10.v,gpt3.5,H,0.1,10,0,0,0,NA,NA,NA
completions_gpt3.5/completion_H_t0.1_11.v,gpt3.5,H,0.1,11,0,0,0,NA,NA,NA
completions_gpt3.5/completion_H_t0.1_12.v,gpt3.5,H,0.1,12,0,0,0,NA,NA,NA
completions_gpt3.5/completion_H_t0.1_13.v,gpt3.5,H,0.1,13,0,0,0,NA,NA,NA
completions_gpt3.5/completion_H_t0.1_14.v,gpt3.5,H,0.1,14,0,0,0,NA,NA,NA
completions_gpt3.5/completion_H_t0.1_15.v,gpt3.5,H,0.1,15,0,0,0,NA,NA,NA
completions_gpt3.5/completion_H_t0.1_16.v,gpt3.5,H,0.1,16,0,0,0,NA,NA,NA
completions_gpt3.5/completion_H_t0.1_17.v,gpt3.5,H,0.1,17,0,0,0,NA,NA,NA
completions_gpt3.5/completion_H_t0.1_18.v,gpt3.5,H,0.1,18,0,0,0,NA,NA,NA
completions_gpt3.5/completion_H_t0.1_19.v,gpt3.5,H,0.1,19,0,0,0,NA,NA,NA
completions_gpt3.5/completion_H_t0.1_20.v,gpt3.5,H,0.1,20,0,0,0,NA,NA,NA
completions_gpt3.5/completion_H_t0.1_21.v,gpt3.5,H,0.1,21,0,0,0,NA,NA,NA
completions_gpt3.5/completion_H_t0.1_22.v,gpt3.5,H,0.1,22,0,0,0,NA,NA,NA
completions_gpt3.5/completion_H_t0.1_23.v,gpt3.5,H,0.1,23,0,0,0,NA,NA,NA
completions_gpt3.5/completion_H_t0.1_24.v,gpt3.5,H,0.1,24,0,0,0,NA,NA,NA
completions_gpt3.5/completion_H_t0.1_25.v,gpt3.5,H,0.1,25,0,0,0,NA,NA,NA
completions_gpt3.5/completion_H_t0.1_26.v,gpt3.5,H,0.1,26,0,0,0,NA,NA,NA
completions_gpt3.5/completion_H_t0.1_27.v,gpt3.5,H,0.1,27,0,0,0,NA,NA,NA
completions_gpt3.5/completion_H_t0.1_28.v,gpt3.5,H,0.1,28,0,0,0,NA,NA,NA
completions_gpt3.5/completion_H_t0.1_29.v,gpt3.5,H,0.1,29,0,0,0,NA,NA,NA
completions_gpt3.5/completion_H_t0.1_30.v,gpt3.5,H,0.1,30,0,0,0,NA,NA,NA
completions_gpt3.5/completion_H_t0.1_31.v,gpt3.5,H,0.1,31,0,0,0,NA,NA,NA
completions_gpt3.5/completion_H_t0.1_32.v,gpt3.5,H,0.1,32,0,0,0,NA,NA,NA
completions_gpt3.5/completion_H_t0.1_33.v,gpt3.5,H,0.1,33,0,0,0,NA,NA,NA
completions_gpt3.5/completion_H_t0.1_34.v,gpt3.5,H,0.1,34,1,1,0,"3FD435C58B45E104F27072BF516EF816
",2518,41.140224
completions_gpt3.5/completion_H_t0.1_35.v,gpt3.5,H,0.1,35,0,0,0,NA,NA,NA
completions_gpt3.5/completion_H_t0.1_36.v,gpt3.5,H,0.1,36,0,0,0,NA,NA,NA
completions_gpt3.5/completion_H_t0.1_37.v,gpt3.5,H,0.1,37,0,0,0,NA,NA,NA
completions_gpt3.5/completion_H_t0.1_38.v,gpt3.5,H,0.1,38,0,0,0,NA,NA,NA
completions_gpt3.5/completion_H_t0.1_39.v,gpt3.5,H,0.1,39,0,0,0,NA,NA,NA
completions_gpt3.5/completion_H_t0.1_40.v,gpt3.5,H,0.1,40,0,0,0,NA,NA,NA
completions_gpt3.5/completion_H_t0.1_41.v,gpt3.5,H,0.1,41,0,0,0,NA,NA,NA
completions_gpt3.5/completion_H_t0.1_42.v,gpt3.5,H,0.1,42,0,0,0,NA,NA,NA
completions_gpt3.5/completion_H_t0.1_43.v,gpt3.5,H,0.1,43,0,0,0,NA,NA,NA
completions_gpt3.5/completion_H_t0.1_44.v,gpt3.5,H,0.1,44,0,0,0,NA,NA,NA
completions_gpt3.5/completion_H_t0.1_45.v,gpt3.5,H,0.1,45,0,0,0,NA,NA,NA
completions_gpt3.5/completion_H_t0.1_46.v,gpt3.5,H,0.1,46,0,0,0,NA,NA,NA
completions_gpt3.5/completion_H_t0.1_47.v,gpt3.5,H,0.1,47,0,0,0,NA,NA,NA
completions_gpt3.5/completion_H_t0.1_48.v,gpt3.5,H,0.1,48,0,0,0,NA,NA,NA
completions_gpt3.5/completion_H_t0.1_49.v,gpt3.5,H,0.1,49,0,0,0,NA,NA,NA
completions_gpt3.5/completion_H_t0.1_50.v,gpt3.5,H,0.1,50,0,0,0,NA,NA,NA
completions_gpt3.5/completion_H_t0.1_51.v,gpt3.5,H,0.1,51,0,0,0,NA,NA,NA
completions_gpt3.5/completion_H_t0.1_52.v,gpt3.5,H,0.1,52,0,0,0,NA,NA,NA
completions_gpt3.5/completion_H_t0.1_53.v,gpt3.5,H,0.1,53,0,0,0,NA,NA,NA
completions_gpt3.5/completion_H_t0.1_54.v,gpt3.5,H,0.1,54,0,0,0,NA,NA,NA
completions_gpt3.5/completion_H_t0.1_55.v,gpt3.5,H,0.1,55,0,0,0,NA,NA,NA
completions_gpt3.5/completion_H_t0.1_56.v,gpt3.5,H,0.1,56,0,0,0,NA,NA,NA
completions_gpt3.5/completion_H_t0.1_57.v,gpt3.5,H,0.1,57,0,0,0,NA,NA,NA
completions_gpt3.5/completion_H_t0.1_58.v,gpt3.5,H,0.1,58,0,0,0,NA,NA,NA
completions_gpt3.5/completion_H_t0.1_59.v,gpt3.5,H,0.1,59,0,0,0,NA,NA,NA
completions_gpt3.5/completion_H_t0.1_60.v,gpt3.5,H,0.1,60,0,0,0,NA,NA,NA
completions_gpt3.5/completion_H_t0.1_61.v,gpt3.5,H,0.1,61,0,0,0,NA,NA,NA
completions_gpt3.5/completion_H_t0.1_62.v,gpt3.5,H,0.1,62,0,0,0,NA,NA,NA
completions_gpt3.5/completion_H_t0.1_63.v,gpt3.5,H,0.1,63,0,0,0,NA,NA,NA
completions_gpt3.5/completion_H_t0.1_64.v,gpt3.5,H,0.1,64,0,0,0,NA,NA,NA
completions_gpt3.5/completion_H_t0.1_65.v,gpt3.5,H,0.1,65,0,0,0,NA,NA,NA
completions_gpt3.5/completion_H_t0.1_66.v,gpt3.5,H,0.1,66,0,0,0,NA,NA,NA
completions_gpt3.5/completion_H_t0.1_67.v,gpt3.5,H,0.1,67,0,0,0,NA,NA,NA
completions_gpt3.5/completion_H_t0.1_68.v,gpt3.5,H,0.1,68,0,0,0,NA,NA,NA
completions_gpt3.5/completion_H_t0.1_69.v,gpt3.5,H,0.1,69,0,0,0,NA,NA,NA
completions_gpt3.5/completion_H_t0.1_70.v,gpt3.5,H,0.1,70,0,0,0,NA,NA,NA
completions_gpt3.5/completion_H_t0.1_71.v,gpt3.5,H,0.1,71,0,0,0,NA,NA,NA
completions_gpt3.5/completion_H_t0.1_72.v,gpt3.5,H,0.1,72,0,0,0,NA,NA,NA
completions_gpt3.5/completion_H_t0.1_73.v,gpt3.5,H,0.1,73,0,0,0,NA,NA,NA
completions_gpt3.5/completion_H_t0.1_74.v,gpt3.5,H,0.1,74,0,0,0,NA,NA,NA
completions_gpt3.5/completion_H_t0.1_75.v,gpt3.5,H,0.1,75,0,0,0,NA,NA,NA
completions_gpt3.5/completion_H_t0.1_76.v,gpt3.5,H,0.1,76,0,0,0,NA,NA,NA
completions_gpt3.5/completion_H_t0.1_77.v,gpt3.5,H,0.1,77,0,0,0,NA,NA,NA
completions_gpt3.5/completion_H_t0.1_78.v,gpt3.5,H,0.1,78,0,0,0,NA,NA,NA
completions_gpt3.5/completion_H_t0.1_79.v,gpt3.5,H,0.1,79,0,0,0,NA,NA,NA
completions_gpt3.5/completion_H_t0.1_80.v,gpt3.5,H,0.1,80,0,0,0,NA,NA,NA
completions_gpt3.5/completion_H_t0.1_81.v,gpt3.5,H,0.1,81,0,0,0,NA,NA,NA
completions_gpt3.5/completion_H_t0.1_82.v,gpt3.5,H,0.1,82,0,0,0,NA,NA,NA
completions_gpt3.5/completion_H_t0.1_83.v,gpt3.5,H,0.1,83,0,0,0,NA,NA,NA
completions_gpt3.5/completion_H_t0.1_84.v,gpt3.5,H,0.1,84,0,0,0,NA,NA,NA
completions_gpt3.5/completion_H_t0.1_85.v,gpt3.5,H,0.1,85,0,0,0,NA,NA,NA
completions_gpt3.5/completion_H_t0.1_86.v,gpt3.5,H,0.1,86,0,0,0,NA,NA,NA
completions_gpt3.5/completion_H_t0.1_87.v,gpt3.5,H,0.1,87,0,0,0,NA,NA,NA
completions_gpt3.5/completion_H_t0.1_88.v,gpt3.5,H,0.1,88,0,0,0,NA,NA,NA
completions_gpt3.5/completion_H_t0.1_89.v,gpt3.5,H,0.1,89,0,0,0,NA,NA,NA
completions_gpt3.5/completion_H_t0.1_90.v,gpt3.5,H,0.1,90,0,0,0,NA,NA,NA
completions_gpt3.5/completion_H_t0.1_91.v,gpt3.5,H,0.1,91,0,0,0,NA,NA,NA
completions_gpt3.5/completion_H_t0.1_92.v,gpt3.5,H,0.1,92,0,0,0,NA,NA,NA
completions_gpt3.5/completion_H_t0.1_93.v,gpt3.5,H,0.1,93,0,0,0,NA,NA,NA
completions_gpt3.5/completion_H_t0.1_94.v,gpt3.5,H,0.1,94,0,0,0,NA,NA,NA
completions_gpt3.5/completion_H_t0.1_95.v,gpt3.5,H,0.1,95,0,0,0,NA,NA,NA
completions_gpt3.5/completion_H_t0.1_96.v,gpt3.5,H,0.1,96,0,0,0,NA,NA,NA
completions_gpt3.5/completion_H_t0.1_97.v,gpt3.5,H,0.1,97,0,0,0,NA,NA,NA
completions_gpt3.5/completion_H_t0.1_98.v,gpt3.5,H,0.1,98,0,0,0,NA,NA,NA
completions_gpt3.5/completion_H_t0.1_99.v,gpt3.5,H,0.1,99,0,0,0,NA,NA,NA
completions_gpt3.5/completion_H_t0.3_0.v,gpt3.5,H,0.3,0,0,0,0,NA,NA,NA
completions_gpt3.5/completion_H_t0.3_1.v,gpt3.5,H,0.3,1,0,0,0,NA,NA,NA
completions_gpt3.5/completion_H_t0.3_2.v,gpt3.5,H,0.3,2,0,0,0,NA,NA,NA
completions_gpt3.5/completion_H_t0.3_3.v,gpt3.5,H,0.3,3,0,0,0,NA,NA,NA
completions_gpt3.5/completion_H_t0.3_4.v,gpt3.5,H,0.3,4,0,0,0,NA,NA,NA
completions_gpt3.5/completion_H_t0.3_5.v,gpt3.5,H,0.3,5,0,0,0,NA,NA,NA
completions_gpt3.5/completion_H_t0.3_6.v,gpt3.5,H,0.3,6,0,0,0,NA,NA,NA
completions_gpt3.5/completion_H_t0.3_7.v,gpt3.5,H,0.3,7,0,0,0,NA,NA,NA
completions_gpt3.5/completion_H_t0.3_8.v,gpt3.5,H,0.3,8,0,0,0,NA,NA,NA
completions_gpt3.5/completion_H_t0.3_9.v,gpt3.5,H,0.3,9,0,0,0,NA,NA,NA
completions_gpt3.5/completion_H_t0.3_10.v,gpt3.5,H,0.3,10,0,0,0,NA,NA,NA
completions_gpt3.5/completion_H_t0.3_11.v,gpt3.5,H,0.3,11,0,0,0,NA,NA,NA
completions_gpt3.5/completion_H_t0.3_12.v,gpt3.5,H,0.3,12,0,0,0,NA,NA,NA
completions_gpt3.5/completion_H_t0.3_13.v,gpt3.5,H,0.3,13,0,0,0,NA,NA,NA
completions_gpt3.5/completion_H_t0.3_14.v,gpt3.5,H,0.3,14,0,0,0,NA,NA,NA
completions_gpt3.5/completion_H_t0.3_15.v,gpt3.5,H,0.3,15,0,0,0,NA,NA,NA
completions_gpt3.5/completion_H_t0.3_16.v,gpt3.5,H,0.3,16,0,0,0,NA,NA,NA
completions_gpt3.5/completion_H_t0.3_17.v,gpt3.5,H,0.3,17,0,0,0,NA,NA,NA
completions_gpt3.5/completion_H_t0.3_18.v,gpt3.5,H,0.3,18,0,0,0,NA,NA,NA
completions_gpt3.5/completion_H_t0.3_19.v,gpt3.5,H,0.3,19,0,0,0,NA,NA,NA
completions_gpt3.5/completion_H_t0.3_20.v,gpt3.5,H,0.3,20,0,0,0,NA,NA,NA
completions_gpt3.5/completion_H_t0.3_21.v,gpt3.5,H,0.3,21,0,0,0,NA,NA,NA
completions_gpt3.5/completion_H_t0.3_22.v,gpt3.5,H,0.3,22,0,0,0,NA,NA,NA
completions_gpt3.5/completion_H_t0.3_23.v,gpt3.5,H,0.3,23,0,0,0,NA,NA,NA
completions_gpt3.5/completion_H_t0.3_24.v,gpt3.5,H,0.3,24,0,0,0,NA,NA,NA
completions_gpt3.5/completion_H_t0.3_25.v,gpt3.5,H,0.3,25,0,0,0,NA,NA,NA
completions_gpt3.5/completion_H_t0.3_26.v,gpt3.5,H,0.3,26,0,0,0,NA,NA,NA
completions_gpt3.5/completion_H_t0.3_27.v,gpt3.5,H,0.3,27,0,0,0,NA,NA,NA
completions_gpt3.5/completion_H_t0.3_28.v,gpt3.5,H,0.3,28,0,0,0,NA,NA,NA
completions_gpt3.5/completion_H_t0.3_29.v,gpt3.5,H,0.3,29,0,0,0,NA,NA,NA
completions_gpt3.5/completion_H_t0.3_30.v,gpt3.5,H,0.3,30,0,0,0,NA,NA,NA
completions_gpt3.5/completion_H_t0.3_31.v,gpt3.5,H,0.3,31,0,0,0,NA,NA,NA
completions_gpt3.5/completion_H_t0.3_32.v,gpt3.5,H,0.3,32,0,0,0,NA,NA,NA
completions_gpt3.5/completion_H_t0.3_33.v,gpt3.5,H,0.3,33,0,0,0,NA,NA,NA
completions_gpt3.5/completion_H_t0.3_34.v,gpt3.5,H,0.3,34,0,0,0,NA,NA,NA
completions_gpt3.5/completion_H_t0.3_35.v,gpt3.5,H,0.3,35,0,0,0,NA,NA,NA
completions_gpt3.5/completion_H_t0.3_36.v,gpt3.5,H,0.3,36,0,0,0,NA,NA,NA
completions_gpt3.5/completion_H_t0.3_37.v,gpt3.5,H,0.3,37,0,0,0,NA,NA,NA
completions_gpt3.5/completion_H_t0.3_38.v,gpt3.5,H,0.3,38,0,0,0,NA,NA,NA
completions_gpt3.5/completion_H_t0.3_39.v,gpt3.5,H,0.3,39,0,0,0,NA,NA,NA
completions_gpt3.5/completion_H_t0.3_40.v,gpt3.5,H,0.3,40,0,0,0,NA,NA,NA
completions_gpt3.5/completion_H_t0.3_41.v,gpt3.5,H,0.3,41,0,0,0,NA,NA,NA
completions_gpt3.5/completion_H_t0.3_42.v,gpt3.5,H,0.3,42,0,0,0,NA,NA,NA
completions_gpt3.5/completion_H_t0.3_43.v,gpt3.5,H,0.3,43,0,0,0,NA,NA,NA
completions_gpt3.5/completion_H_t0.3_44.v,gpt3.5,H,0.3,44,0,0,0,NA,NA,NA
completions_gpt3.5/completion_H_t0.3_45.v,gpt3.5,H,0.3,45,0,0,0,NA,NA,NA
completions_gpt3.5/completion_H_t0.3_46.v,gpt3.5,H,0.3,46,0,0,0,NA,NA,NA
completions_gpt3.5/completion_H_t0.3_47.v,gpt3.5,H,0.3,47,0,0,0,NA,NA,NA
completions_gpt3.5/completion_H_t0.3_48.v,gpt3.5,H,0.3,48,0,0,0,NA,NA,NA
completions_gpt3.5/completion_H_t0.3_49.v,gpt3.5,H,0.3,49,0,0,0,NA,NA,NA
completions_gpt3.5/completion_H_t0.3_50.v,gpt3.5,H,0.3,50,0,0,0,NA,NA,NA
completions_gpt3.5/completion_H_t0.3_51.v,gpt3.5,H,0.3,51,0,0,0,NA,NA,NA
completions_gpt3.5/completion_H_t0.3_52.v,gpt3.5,H,0.3,52,0,0,0,NA,NA,NA
completions_gpt3.5/completion_H_t0.3_53.v,gpt3.5,H,0.3,53,0,0,0,NA,NA,NA
completions_gpt3.5/completion_H_t0.3_54.v,gpt3.5,H,0.3,54,0,0,0,NA,NA,NA
completions_gpt3.5/completion_H_t0.3_55.v,gpt3.5,H,0.3,55,0,0,0,NA,NA,NA
completions_gpt3.5/completion_H_t0.3_56.v,gpt3.5,H,0.3,56,0,0,0,NA,NA,NA
completions_gpt3.5/completion_H_t0.3_57.v,gpt3.5,H,0.3,57,0,0,0,NA,NA,NA
completions_gpt3.5/completion_H_t0.3_58.v,gpt3.5,H,0.3,58,0,0,0,NA,NA,NA
completions_gpt3.5/completion_H_t0.3_59.v,gpt3.5,H,0.3,59,0,0,0,NA,NA,NA
completions_gpt3.5/completion_H_t0.3_60.v,gpt3.5,H,0.3,60,0,0,0,NA,NA,NA
completions_gpt3.5/completion_H_t0.3_61.v,gpt3.5,H,0.3,61,0,0,0,NA,NA,NA
completions_gpt3.5/completion_H_t0.3_62.v,gpt3.5,H,0.3,62,0,0,0,NA,NA,NA
completions_gpt3.5/completion_H_t0.3_63.v,gpt3.5,H,0.3,63,0,0,0,NA,NA,NA
completions_gpt3.5/completion_H_t0.3_64.v,gpt3.5,H,0.3,64,0,0,0,NA,NA,NA
completions_gpt3.5/completion_H_t0.3_65.v,gpt3.5,H,0.3,65,0,0,0,NA,NA,NA
completions_gpt3.5/completion_H_t0.3_66.v,gpt3.5,H,0.3,66,0,0,0,NA,NA,NA
completions_gpt3.5/completion_H_t0.3_67.v,gpt3.5,H,0.3,67,0,0,0,NA,NA,NA
completions_gpt3.5/completion_H_t0.3_68.v,gpt3.5,H,0.3,68,0,0,0,NA,NA,NA
completions_gpt3.5/completion_H_t0.3_69.v,gpt3.5,H,0.3,69,0,0,0,NA,NA,NA
completions_gpt3.5/completion_H_t0.3_70.v,gpt3.5,H,0.3,70,0,0,0,NA,NA,NA
completions_gpt3.5/completion_H_t0.3_71.v,gpt3.5,H,0.3,71,0,0,0,NA,NA,NA
completions_gpt3.5/completion_H_t0.3_72.v,gpt3.5,H,0.3,72,0,0,0,NA,NA,NA
completions_gpt3.5/completion_H_t0.3_73.v,gpt3.5,H,0.3,73,0,0,0,NA,NA,NA
completions_gpt3.5/completion_H_t0.3_74.v,gpt3.5,H,0.3,74,0,0,0,NA,NA,NA
completions_gpt3.5/completion_H_t0.3_75.v,gpt3.5,H,0.3,75,0,0,0,NA,NA,NA
completions_gpt3.5/completion_H_t0.3_76.v,gpt3.5,H,0.3,76,0,0,0,NA,NA,NA
completions_gpt3.5/completion_H_t0.3_77.v,gpt3.5,H,0.3,77,0,0,0,NA,NA,NA
completions_gpt3.5/completion_H_t0.3_78.v,gpt3.5,H,0.3,78,0,0,0,NA,NA,NA
completions_gpt3.5/completion_H_t0.3_79.v,gpt3.5,H,0.3,79,0,0,0,NA,NA,NA
completions_gpt3.5/completion_H_t0.3_80.v,gpt3.5,H,0.3,80,0,0,0,NA,NA,NA
completions_gpt3.5/completion_H_t0.3_81.v,gpt3.5,H,0.3,81,0,0,0,NA,NA,NA
completions_gpt3.5/completion_H_t0.3_82.v,gpt3.5,H,0.3,82,0,0,0,NA,NA,NA
completions_gpt3.5/completion_H_t0.3_83.v,gpt3.5,H,0.3,83,0,0,0,NA,NA,NA
completions_gpt3.5/completion_H_t0.3_84.v,gpt3.5,H,0.3,84,0,0,0,NA,NA,NA
completions_gpt3.5/completion_H_t0.3_85.v,gpt3.5,H,0.3,85,0,0,0,NA,NA,NA
completions_gpt3.5/completion_H_t0.3_86.v,gpt3.5,H,0.3,86,0,0,0,NA,NA,NA
completions_gpt3.5/completion_H_t0.3_87.v,gpt3.5,H,0.3,87,0,0,0,NA,NA,NA
completions_gpt3.5/completion_H_t0.3_88.v,gpt3.5,H,0.3,88,0,0,0,NA,NA,NA
completions_gpt3.5/completion_H_t0.3_89.v,gpt3.5,H,0.3,89,0,0,0,NA,NA,NA
completions_gpt3.5/completion_H_t0.3_90.v,gpt3.5,H,0.3,90,0,0,0,NA,NA,NA
completions_gpt3.5/completion_H_t0.3_91.v,gpt3.5,H,0.3,91,0,0,0,NA,NA,NA
completions_gpt3.5/completion_H_t0.3_92.v,gpt3.5,H,0.3,92,0,0,0,NA,NA,NA
completions_gpt3.5/completion_H_t0.3_93.v,gpt3.5,H,0.3,93,0,0,0,NA,NA,NA
completions_gpt3.5/completion_H_t0.3_94.v,gpt3.5,H,0.3,94,0,0,0,NA,NA,NA
completions_gpt3.5/completion_H_t0.3_95.v,gpt3.5,H,0.3,95,0,0,0,NA,NA,NA
completions_gpt3.5/completion_H_t0.3_96.v,gpt3.5,H,0.3,96,0,0,0,NA,NA,NA
completions_gpt3.5/completion_H_t0.3_97.v,gpt3.5,H,0.3,97,0,0,0,NA,NA,NA
completions_gpt3.5/completion_H_t0.3_98.v,gpt3.5,H,0.3,98,0,0,0,NA,NA,NA
completions_gpt3.5/completion_H_t0.3_99.v,gpt3.5,H,0.3,99,0,0,0,NA,NA,NA
completions_gpt3.5/completion_H_t0.5_0.v,gpt3.5,H,0.5,0,0,0,0,NA,NA,NA
completions_gpt3.5/completion_H_t0.5_1.v,gpt3.5,H,0.5,1,0,0,0,NA,NA,NA
completions_gpt3.5/completion_H_t0.5_2.v,gpt3.5,H,0.5,2,0,0,0,NA,NA,NA
completions_gpt3.5/completion_H_t0.5_3.v,gpt3.5,H,0.5,3,0,0,0,NA,NA,NA
completions_gpt3.5/completion_H_t0.5_4.v,gpt3.5,H,0.5,4,0,0,0,NA,NA,NA
completions_gpt3.5/completion_H_t0.5_5.v,gpt3.5,H,0.5,5,0,0,0,NA,NA,NA
completions_gpt3.5/completion_H_t0.5_6.v,gpt3.5,H,0.5,6,0,0,0,NA,NA,NA
completions_gpt3.5/completion_H_t0.5_7.v,gpt3.5,H,0.5,7,0,0,0,NA,NA,NA
completions_gpt3.5/completion_H_t0.5_8.v,gpt3.5,H,0.5,8,0,0,0,NA,NA,NA
completions_gpt3.5/completion_H_t0.5_9.v,gpt3.5,H,0.5,9,0,0,0,NA,NA,NA
completions_gpt3.5/completion_H_t0.5_10.v,gpt3.5,H,0.5,10,0,0,0,NA,NA,NA
completions_gpt3.5/completion_H_t0.5_11.v,gpt3.5,H,0.5,11,0,0,0,NA,NA,NA
completions_gpt3.5/completion_H_t0.5_12.v,gpt3.5,H,0.5,12,0,0,0,NA,NA,NA
completions_gpt3.5/completion_H_t0.5_13.v,gpt3.5,H,0.5,13,0,0,0,NA,NA,NA
completions_gpt3.5/completion_H_t0.5_14.v,gpt3.5,H,0.5,14,0,0,0,NA,NA,NA
completions_gpt3.5/completion_H_t0.5_15.v,gpt3.5,H,0.5,15,0,0,0,NA,NA,NA
completions_gpt3.5/completion_H_t0.5_16.v,gpt3.5,H,0.5,16,0,0,0,NA,NA,NA
completions_gpt3.5/completion_H_t0.5_17.v,gpt3.5,H,0.5,17,1,0,0,NA,NA,NA
completions_gpt3.5/completion_H_t0.5_18.v,gpt3.5,H,0.5,18,0,0,0,NA,NA,NA
completions_gpt3.5/completion_H_t0.5_19.v,gpt3.5,H,0.5,19,0,0,0,NA,NA,NA
completions_gpt3.5/completion_H_t0.5_20.v,gpt3.5,H,0.5,20,0,0,0,NA,NA,NA
completions_gpt3.5/completion_H_t0.5_21.v,gpt3.5,H,0.5,21,0,0,0,NA,NA,NA
completions_gpt3.5/completion_H_t0.5_22.v,gpt3.5,H,0.5,22,0,0,0,NA,NA,NA
completions_gpt3.5/completion_H_t0.5_23.v,gpt3.5,H,0.5,23,0,0,0,NA,NA,NA
completions_gpt3.5/completion_H_t0.5_24.v,gpt3.5,H,0.5,24,0,0,0,NA,NA,NA
completions_gpt3.5/completion_H_t0.5_25.v,gpt3.5,H,0.5,25,0,0,0,NA,NA,NA
completions_gpt3.5/completion_H_t0.5_26.v,gpt3.5,H,0.5,26,0,0,0,NA,NA,NA
completions_gpt3.5/completion_H_t0.5_27.v,gpt3.5,H,0.5,27,0,0,0,NA,NA,NA
completions_gpt3.5/completion_H_t0.5_28.v,gpt3.5,H,0.5,28,0,0,0,NA,NA,NA
completions_gpt3.5/completion_H_t0.5_29.v,gpt3.5,H,0.5,29,0,0,0,NA,NA,NA
completions_gpt3.5/completion_H_t0.5_30.v,gpt3.5,H,0.5,30,0,0,0,NA,NA,NA
completions_gpt3.5/completion_H_t0.5_31.v,gpt3.5,H,0.5,31,0,0,0,NA,NA,NA
completions_gpt3.5/completion_H_t0.5_32.v,gpt3.5,H,0.5,32,0,0,0,NA,NA,NA
completions_gpt3.5/completion_H_t0.5_33.v,gpt3.5,H,0.5,33,0,0,0,NA,NA,NA
completions_gpt3.5/completion_H_t0.5_34.v,gpt3.5,H,0.5,34,0,0,0,NA,NA,NA
completions_gpt3.5/completion_H_t0.5_35.v,gpt3.5,H,0.5,35,0,0,0,NA,NA,NA
completions_gpt3.5/completion_H_t0.5_36.v,gpt3.5,H,0.5,36,0,0,0,NA,NA,NA
completions_gpt3.5/completion_H_t0.5_37.v,gpt3.5,H,0.5,37,0,0,0,NA,NA,NA
completions_gpt3.5/completion_H_t0.5_38.v,gpt3.5,H,0.5,38,0,0,0,NA,NA,NA
completions_gpt3.5/completion_H_t0.5_39.v,gpt3.5,H,0.5,39,0,0,0,NA,NA,NA
completions_gpt3.5/completion_H_t0.5_40.v,gpt3.5,H,0.5,40,0,0,0,NA,NA,NA
completions_gpt3.5/completion_H_t0.5_41.v,gpt3.5,H,0.5,41,0,0,0,NA,NA,NA
completions_gpt3.5/completion_H_t0.5_42.v,gpt3.5,H,0.5,42,0,0,0,NA,NA,NA
completions_gpt3.5/completion_H_t0.5_43.v,gpt3.5,H,0.5,43,0,0,0,NA,NA,NA
completions_gpt3.5/completion_H_t0.5_44.v,gpt3.5,H,0.5,44,0,0,0,NA,NA,NA
completions_gpt3.5/completion_H_t0.5_45.v,gpt3.5,H,0.5,45,0,0,0,NA,NA,NA
completions_gpt3.5/completion_H_t0.5_46.v,gpt3.5,H,0.5,46,0,0,0,NA,NA,NA
completions_gpt3.5/completion_H_t0.5_47.v,gpt3.5,H,0.5,47,0,0,0,NA,NA,NA
completions_gpt3.5/completion_H_t0.5_48.v,gpt3.5,H,0.5,48,0,0,0,NA,NA,NA
completions_gpt3.5/completion_H_t0.5_49.v,gpt3.5,H,0.5,49,0,0,0,NA,NA,NA
completions_gpt3.5/completion_H_t0.5_50.v,gpt3.5,H,0.5,50,0,0,0,NA,NA,NA
completions_gpt3.5/completion_H_t0.5_51.v,gpt3.5,H,0.5,51,0,0,0,NA,NA,NA
completions_gpt3.5/completion_H_t0.5_52.v,gpt3.5,H,0.5,52,0,0,0,NA,NA,NA
completions_gpt3.5/completion_H_t0.5_53.v,gpt3.5,H,0.5,53,0,0,0,NA,NA,NA
completions_gpt3.5/completion_H_t0.5_54.v,gpt3.5,H,0.5,54,0,0,0,NA,NA,NA
completions_gpt3.5/completion_H_t0.5_55.v,gpt3.5,H,0.5,55,1,1,0,"EACE26A73983C70BC06824DCB8988E39
",2544,78.888960
completions_gpt3.5/completion_H_t0.5_56.v,gpt3.5,H,0.5,56,0,0,0,NA,NA,NA
completions_gpt3.5/completion_H_t0.5_57.v,gpt3.5,H,0.5,57,0,0,0,NA,NA,NA
completions_gpt3.5/completion_H_t0.5_58.v,gpt3.5,H,0.5,58,0,0,0,NA,NA,NA
completions_gpt3.5/completion_H_t0.5_59.v,gpt3.5,H,0.5,59,0,0,0,NA,NA,NA
completions_gpt3.5/completion_H_t0.5_60.v,gpt3.5,H,0.5,60,0,0,0,NA,NA,NA
completions_gpt3.5/completion_H_t0.5_61.v,gpt3.5,H,0.5,61,0,0,0,NA,NA,NA
completions_gpt3.5/completion_H_t0.5_62.v,gpt3.5,H,0.5,62,0,0,0,NA,NA,NA
completions_gpt3.5/completion_H_t0.5_63.v,gpt3.5,H,0.5,63,0,0,0,NA,NA,NA
completions_gpt3.5/completion_H_t0.5_64.v,gpt3.5,H,0.5,64,0,0,0,NA,NA,NA
completions_gpt3.5/completion_H_t0.5_65.v,gpt3.5,H,0.5,65,1,1,0,"C8192654CB7FA065A5151218FAFFDED0
",2547,135.806976
completions_gpt3.5/completion_H_t0.5_66.v,gpt3.5,H,0.5,66,1,0,0,NA,NA,NA
completions_gpt3.5/completion_H_t0.5_67.v,gpt3.5,H,0.5,67,0,0,0,NA,NA,NA
completions_gpt3.5/completion_H_t0.5_68.v,gpt3.5,H,0.5,68,0,0,0,NA,NA,NA
completions_gpt3.5/completion_H_t0.5_69.v,gpt3.5,H,0.5,69,0,0,0,NA,NA,NA
completions_gpt3.5/completion_H_t0.5_70.v,gpt3.5,H,0.5,70,0,0,0,NA,NA,NA
completions_gpt3.5/completion_H_t0.5_71.v,gpt3.5,H,0.5,71,0,0,0,NA,NA,NA
completions_gpt3.5/completion_H_t0.5_72.v,gpt3.5,H,0.5,72,0,0,0,NA,NA,NA
completions_gpt3.5/completion_H_t0.5_73.v,gpt3.5,H,0.5,73,0,0,0,NA,NA,NA
completions_gpt3.5/completion_H_t0.5_74.v,gpt3.5,H,0.5,74,0,0,0,NA,NA,NA
completions_gpt3.5/completion_H_t0.5_75.v,gpt3.5,H,0.5,75,0,0,0,NA,NA,NA
completions_gpt3.5/completion_H_t0.5_76.v,gpt3.5,H,0.5,76,0,0,0,NA,NA,NA
completions_gpt3.5/completion_H_t0.5_77.v,gpt3.5,H,0.5,77,0,0,0,NA,NA,NA
completions_gpt3.5/completion_H_t0.5_78.v,gpt3.5,H,0.5,78,0,0,0,NA,NA,NA
completions_gpt3.5/completion_H_t0.5_79.v,gpt3.5,H,0.5,79,0,0,0,NA,NA,NA
completions_gpt3.5/completion_H_t0.5_80.v,gpt3.5,H,0.5,80,0,0,0,NA,NA,NA
completions_gpt3.5/completion_H_t0.5_81.v,gpt3.5,H,0.5,81,0,0,0,NA,NA,NA
completions_gpt3.5/completion_H_t0.5_82.v,gpt3.5,H,0.5,82,0,0,0,NA,NA,NA
completions_gpt3.5/completion_H_t0.5_83.v,gpt3.5,H,0.5,83,0,0,0,NA,NA,NA
completions_gpt3.5/completion_H_t0.5_84.v,gpt3.5,H,0.5,84,0,0,0,NA,NA,NA
completions_gpt3.5/completion_H_t0.5_85.v,gpt3.5,H,0.5,85,0,0,0,NA,NA,NA
completions_gpt3.5/completion_H_t0.5_86.v,gpt3.5,H,0.5,86,0,0,0,NA,NA,NA
completions_gpt3.5/completion_H_t0.5_87.v,gpt3.5,H,0.5,87,0,0,0,NA,NA,NA
completions_gpt3.5/completion_H_t0.5_88.v,gpt3.5,H,0.5,88,0,0,0,NA,NA,NA
completions_gpt3.5/completion_H_t0.5_89.v,gpt3.5,H,0.5,89,0,0,0,NA,NA,NA
completions_gpt3.5/completion_H_t0.5_90.v,gpt3.5,H,0.5,90,0,0,0,NA,NA,NA
completions_gpt3.5/completion_H_t0.5_91.v,gpt3.5,H,0.5,91,0,0,0,NA,NA,NA
completions_gpt3.5/completion_H_t0.5_92.v,gpt3.5,H,0.5,92,0,0,0,NA,NA,NA
completions_gpt3.5/completion_H_t0.5_93.v,gpt3.5,H,0.5,93,0,0,0,NA,NA,NA
completions_gpt3.5/completion_H_t0.5_94.v,gpt3.5,H,0.5,94,0,0,0,NA,NA,NA
completions_gpt3.5/completion_H_t0.5_95.v,gpt3.5,H,0.5,95,0,0,0,NA,NA,NA
completions_gpt3.5/completion_H_t0.5_96.v,gpt3.5,H,0.5,96,0,0,0,NA,NA,NA
completions_gpt3.5/completion_H_t0.5_97.v,gpt3.5,H,0.5,97,0,0,0,NA,NA,NA
completions_gpt3.5/completion_H_t0.5_98.v,gpt3.5,H,0.5,98,0,0,0,NA,NA,NA
completions_gpt3.5/completion_H_t0.5_99.v,gpt3.5,H,0.5,99,0,0,0,NA,NA,NA
completions_gpt3.5/completion_H_t0.7_0.v,gpt3.5,H,0.7,0,0,0,0,NA,NA,NA
completions_gpt3.5/completion_H_t0.7_1.v,gpt3.5,H,0.7,1,0,0,0,NA,NA,NA
completions_gpt3.5/completion_H_t0.7_2.v,gpt3.5,H,0.7,2,1,1,0,"40FCAB5E216D7DA437323B259DAC4A6F
",2542,NA
completions_gpt3.5/completion_H_t0.7_3.v,gpt3.5,H,0.7,3,0,0,0,NA,NA,NA
completions_gpt3.5/completion_H_t0.7_4.v,gpt3.5,H,0.7,4,0,0,0,NA,NA,NA
completions_gpt3.5/completion_H_t0.7_5.v,gpt3.5,H,0.7,5,0,0,0,NA,NA,NA
completions_gpt3.5/completion_H_t0.7_6.v,gpt3.5,H,0.7,6,0,0,0,NA,NA,NA
completions_gpt3.5/completion_H_t0.7_7.v,gpt3.5,H,0.7,7,0,0,0,NA,NA,NA
completions_gpt3.5/completion_H_t0.7_8.v,gpt3.5,H,0.7,8,0,0,0,NA,NA,NA
completions_gpt3.5/completion_H_t0.7_9.v,gpt3.5,H,0.7,9,0,0,0,NA,NA,NA
completions_gpt3.5/completion_H_t0.7_10.v,gpt3.5,H,0.7,10,0,0,0,NA,NA,NA
completions_gpt3.5/completion_H_t0.7_11.v,gpt3.5,H,0.7,11,0,0,0,NA,NA,NA
completions_gpt3.5/completion_H_t0.7_12.v,gpt3.5,H,0.7,12,0,0,0,NA,NA,NA
completions_gpt3.5/completion_H_t0.7_13.v,gpt3.5,H,0.7,13,0,0,0,NA,NA,NA
completions_gpt3.5/completion_H_t0.7_14.v,gpt3.5,H,0.7,14,0,0,0,NA,NA,NA
completions_gpt3.5/completion_H_t0.7_15.v,gpt3.5,H,0.7,15,0,0,0,NA,NA,NA
completions_gpt3.5/completion_H_t0.7_16.v,gpt3.5,H,0.7,16,0,0,0,NA,NA,NA
completions_gpt3.5/completion_H_t0.7_17.v,gpt3.5,H,0.7,17,0,0,0,NA,NA,NA
completions_gpt3.5/completion_H_t0.7_18.v,gpt3.5,H,0.7,18,0,0,0,NA,NA,NA
completions_gpt3.5/completion_H_t0.7_19.v,gpt3.5,H,0.7,19,0,0,0,NA,NA,NA
completions_gpt3.5/completion_H_t0.7_20.v,gpt3.5,H,0.7,20,0,0,0,NA,NA,NA
completions_gpt3.5/completion_H_t0.7_21.v,gpt3.5,H,0.7,21,0,0,0,NA,NA,NA
completions_gpt3.5/completion_H_t0.7_22.v,gpt3.5,H,0.7,22,0,0,0,NA,NA,NA
completions_gpt3.5/completion_H_t0.7_23.v,gpt3.5,H,0.7,23,0,0,0,NA,NA,NA
completions_gpt3.5/completion_H_t0.7_24.v,gpt3.5,H,0.7,24,0,0,0,NA,NA,NA
completions_gpt3.5/completion_H_t0.7_25.v,gpt3.5,H,0.7,25,0,0,0,NA,NA,NA
completions_gpt3.5/completion_H_t0.7_26.v,gpt3.5,H,0.7,26,0,0,0,NA,NA,NA
completions_gpt3.5/completion_H_t0.7_27.v,gpt3.5,H,0.7,27,0,0,0,NA,NA,NA
completions_gpt3.5/completion_H_t0.7_28.v,gpt3.5,H,0.7,28,0,0,0,NA,NA,NA
completions_gpt3.5/completion_H_t0.7_29.v,gpt3.5,H,0.7,29,0,0,0,NA,NA,NA
completions_gpt3.5/completion_H_t0.7_30.v,gpt3.5,H,0.7,30,0,0,0,NA,NA,NA
completions_gpt3.5/completion_H_t0.7_31.v,gpt3.5,H,0.7,31,0,0,0,NA,NA,NA
completions_gpt3.5/completion_H_t0.7_32.v,gpt3.5,H,0.7,32,0,0,0,NA,NA,NA
completions_gpt3.5/completion_H_t0.7_33.v,gpt3.5,H,0.7,33,0,0,0,NA,NA,NA
completions_gpt3.5/completion_H_t0.7_34.v,gpt3.5,H,0.7,34,0,0,0,NA,NA,NA
completions_gpt3.5/completion_H_t0.7_35.v,gpt3.5,H,0.7,35,0,0,0,NA,NA,NA
completions_gpt3.5/completion_H_t0.7_36.v,gpt3.5,H,0.7,36,0,0,0,NA,NA,NA
completions_gpt3.5/completion_H_t0.7_37.v,gpt3.5,H,0.7,37,0,0,0,NA,NA,NA
completions_gpt3.5/completion_H_t0.7_38.v,gpt3.5,H,0.7,38,0,0,0,NA,NA,NA
completions_gpt3.5/completion_H_t0.7_39.v,gpt3.5,H,0.7,39,0,0,0,NA,NA,NA
completions_gpt3.5/completion_H_t0.7_40.v,gpt3.5,H,0.7,40,0,0,0,NA,NA,NA
completions_gpt3.5/completion_H_t0.7_41.v,gpt3.5,H,0.7,41,0,0,0,NA,NA,NA
completions_gpt3.5/completion_H_t0.7_42.v,gpt3.5,H,0.7,42,0,0,0,NA,NA,NA
completions_gpt3.5/completion_H_t0.7_43.v,gpt3.5,H,0.7,43,0,0,0,NA,NA,NA
completions_gpt3.5/completion_H_t0.7_44.v,gpt3.5,H,0.7,44,1,1,0,"40FC4315216D696737883BB29DAC4A0B
",2523,19.709952
completions_gpt3.5/completion_H_t0.7_45.v,gpt3.5,H,0.7,45,0,0,0,NA,NA,NA
completions_gpt3.5/completion_H_t0.7_46.v,gpt3.5,H,0.7,46,0,0,0,NA,NA,NA
completions_gpt3.5/completion_H_t0.7_47.v,gpt3.5,H,0.7,47,0,0,0,NA,NA,NA
completions_gpt3.5/completion_H_t0.7_48.v,gpt3.5,H,0.7,48,0,0,0,NA,NA,NA
completions_gpt3.5/completion_H_t0.7_49.v,gpt3.5,H,0.7,49,0,0,0,NA,NA,NA
completions_gpt3.5/completion_H_t0.7_50.v,gpt3.5,H,0.7,50,0,0,0,NA,NA,NA
completions_gpt3.5/completion_H_t0.7_51.v,gpt3.5,H,0.7,51,0,0,0,NA,NA,NA
completions_gpt3.5/completion_H_t0.7_52.v,gpt3.5,H,0.7,52,0,0,0,NA,NA,NA
completions_gpt3.5/completion_H_t0.7_53.v,gpt3.5,H,0.7,53,0,0,0,NA,NA,NA
completions_gpt3.5/completion_H_t0.7_54.v,gpt3.5,H,0.7,54,0,0,0,NA,NA,NA
completions_gpt3.5/completion_H_t0.7_55.v,gpt3.5,H,0.7,55,1,1,0,"39F06423DC3C262C7118A34BC9541204
",2515,152.174592
completions_gpt3.5/completion_H_t0.7_56.v,gpt3.5,H,0.7,56,0,0,0,NA,NA,NA
completions_gpt3.5/completion_H_t0.7_57.v,gpt3.5,H,0.7,57,0,0,0,NA,NA,NA
completions_gpt3.5/completion_H_t0.7_58.v,gpt3.5,H,0.7,58,0,0,0,NA,NA,NA
completions_gpt3.5/completion_H_t0.7_59.v,gpt3.5,H,0.7,59,0,0,0,NA,NA,NA
completions_gpt3.5/completion_H_t0.7_60.v,gpt3.5,H,0.7,60,0,0,0,NA,NA,NA
completions_gpt3.5/completion_H_t0.7_61.v,gpt3.5,H,0.7,61,0,0,0,NA,NA,NA
completions_gpt3.5/completion_H_t0.7_62.v,gpt3.5,H,0.7,62,0,0,0,NA,NA,NA
completions_gpt3.5/completion_H_t0.7_63.v,gpt3.5,H,0.7,63,0,0,0,NA,NA,NA
completions_gpt3.5/completion_H_t0.7_64.v,gpt3.5,H,0.7,64,0,0,0,NA,NA,NA
completions_gpt3.5/completion_H_t0.7_65.v,gpt3.5,H,0.7,65,0,0,0,NA,NA,NA
completions_gpt3.5/completion_H_t0.7_66.v,gpt3.5,H,0.7,66,1,0,0,NA,NA,NA
completions_gpt3.5/completion_H_t0.7_67.v,gpt3.5,H,0.7,67,0,0,0,NA,NA,NA
completions_gpt3.5/completion_H_t0.7_68.v,gpt3.5,H,0.7,68,0,0,0,NA,NA,NA
completions_gpt3.5/completion_H_t0.7_69.v,gpt3.5,H,0.7,69,0,0,0,NA,NA,NA
completions_gpt3.5/completion_H_t0.7_70.v,gpt3.5,H,0.7,70,0,0,0,NA,NA,NA
completions_gpt3.5/completion_H_t0.7_71.v,gpt3.5,H,0.7,71,0,0,0,NA,NA,NA
completions_gpt3.5/completion_H_t0.7_72.v,gpt3.5,H,0.7,72,0,0,0,NA,NA,NA
completions_gpt3.5/completion_H_t0.7_73.v,gpt3.5,H,0.7,73,0,0,0,NA,NA,NA
completions_gpt3.5/completion_H_t0.7_74.v,gpt3.5,H,0.7,74,0,0,0,NA,NA,NA
completions_gpt3.5/completion_H_t0.7_75.v,gpt3.5,H,0.7,75,0,0,0,NA,NA,NA
completions_gpt3.5/completion_H_t0.7_76.v,gpt3.5,H,0.7,76,0,0,0,NA,NA,NA
completions_gpt3.5/completion_H_t0.7_77.v,gpt3.5,H,0.7,77,0,0,0,NA,NA,NA
completions_gpt3.5/completion_H_t0.7_78.v,gpt3.5,H,0.7,78,0,0,0,NA,NA,NA
completions_gpt3.5/completion_H_t0.7_79.v,gpt3.5,H,0.7,79,0,0,0,NA,NA,NA
completions_gpt3.5/completion_H_t0.7_80.v,gpt3.5,H,0.7,80,0,0,0,NA,NA,NA
completions_gpt3.5/completion_H_t0.7_81.v,gpt3.5,H,0.7,81,0,0,0,NA,NA,NA
completions_gpt3.5/completion_H_t0.7_82.v,gpt3.5,H,0.7,82,0,0,0,NA,NA,NA
completions_gpt3.5/completion_H_t0.7_83.v,gpt3.5,H,0.7,83,0,0,0,NA,NA,NA
completions_gpt3.5/completion_H_t0.7_84.v,gpt3.5,H,0.7,84,0,0,0,NA,NA,NA
completions_gpt3.5/completion_H_t0.7_85.v,gpt3.5,H,0.7,85,0,0,0,NA,NA,NA
completions_gpt3.5/completion_H_t0.7_86.v,gpt3.5,H,0.7,86,0,0,0,NA,NA,NA
completions_gpt3.5/completion_H_t0.7_87.v,gpt3.5,H,0.7,87,0,0,0,NA,NA,NA
completions_gpt3.5/completion_H_t0.7_88.v,gpt3.5,H,0.7,88,0,0,0,NA,NA,NA
completions_gpt3.5/completion_H_t0.7_89.v,gpt3.5,H,0.7,89,0,0,0,NA,NA,NA
completions_gpt3.5/completion_H_t0.7_90.v,gpt3.5,H,0.7,90,0,0,0,NA,NA,NA
completions_gpt3.5/completion_H_t0.7_91.v,gpt3.5,H,0.7,91,0,0,0,NA,NA,NA
completions_gpt3.5/completion_H_t0.7_92.v,gpt3.5,H,0.7,92,0,0,0,NA,NA,NA
completions_gpt3.5/completion_H_t0.7_93.v,gpt3.5,H,0.7,93,0,0,0,NA,NA,NA
completions_gpt3.5/completion_H_t0.7_94.v,gpt3.5,H,0.7,94,0,0,0,NA,NA,NA
completions_gpt3.5/completion_H_t0.7_95.v,gpt3.5,H,0.7,95,0,0,0,NA,NA,NA
completions_gpt3.5/completion_H_t0.7_96.v,gpt3.5,H,0.7,96,0,0,0,NA,NA,NA
completions_gpt3.5/completion_H_t0.7_97.v,gpt3.5,H,0.7,97,0,0,0,NA,NA,NA
completions_gpt3.5/completion_H_t0.7_98.v,gpt3.5,H,0.7,98,0,0,0,NA,NA,NA
completions_gpt3.5/completion_H_t0.7_99.v,gpt3.5,H,0.7,99,0,0,0,NA,NA,NA
completions_gpt3.5/completion_H_t1.0_0.v,gpt3.5,H,1.0,0,0,0,0,NA,NA,NA
completions_gpt3.5/completion_H_t1.0_1.v,gpt3.5,H,1.0,1,0,0,0,NA,NA,NA
completions_gpt3.5/completion_H_t1.0_2.v,gpt3.5,H,1.0,2,0,0,0,NA,NA,NA
completions_gpt3.5/completion_H_t1.0_3.v,gpt3.5,H,1.0,3,0,0,0,NA,NA,NA
completions_gpt3.5/completion_H_t1.0_4.v,gpt3.5,H,1.0,4,0,0,0,NA,NA,NA
completions_gpt3.5/completion_H_t1.0_5.v,gpt3.5,H,1.0,5,0,0,0,NA,NA,NA
completions_gpt3.5/completion_H_t1.0_6.v,gpt3.5,H,1.0,6,0,0,0,NA,NA,NA
completions_gpt3.5/completion_H_t1.0_7.v,gpt3.5,H,1.0,7,0,0,0,NA,NA,NA
completions_gpt3.5/completion_H_t1.0_8.v,gpt3.5,H,1.0,8,0,0,0,NA,NA,NA
completions_gpt3.5/completion_H_t1.0_9.v,gpt3.5,H,1.0,9,0,0,0,NA,NA,NA
completions_gpt3.5/completion_H_t1.0_10.v,gpt3.5,H,1.0,10,0,0,0,NA,NA,NA
completions_gpt3.5/completion_H_t1.0_11.v,gpt3.5,H,1.0,11,0,0,0,NA,NA,NA
completions_gpt3.5/completion_H_t1.0_12.v,gpt3.5,H,1.0,12,0,0,0,NA,NA,NA
completions_gpt3.5/completion_H_t1.0_13.v,gpt3.5,H,1.0,13,0,0,0,NA,NA,NA
completions_gpt3.5/completion_H_t1.0_14.v,gpt3.5,H,1.0,14,0,0,0,NA,NA,NA
completions_gpt3.5/completion_H_t1.0_15.v,gpt3.5,H,1.0,15,0,0,0,NA,NA,NA
completions_gpt3.5/completion_H_t1.0_16.v,gpt3.5,H,1.0,16,0,0,0,NA,NA,NA
completions_gpt3.5/completion_H_t1.0_17.v,gpt3.5,H,1.0,17,0,0,0,NA,NA,NA
completions_gpt3.5/completion_H_t1.0_18.v,gpt3.5,H,1.0,18,0,0,0,NA,NA,NA
completions_gpt3.5/completion_H_t1.0_19.v,gpt3.5,H,1.0,19,0,0,0,NA,NA,NA
completions_gpt3.5/completion_H_t1.0_20.v,gpt3.5,H,1.0,20,0,0,0,NA,NA,NA
completions_gpt3.5/completion_H_t1.0_21.v,gpt3.5,H,1.0,21,0,0,0,NA,NA,NA
completions_gpt3.5/completion_H_t1.0_22.v,gpt3.5,H,1.0,22,0,0,0,NA,NA,NA
completions_gpt3.5/completion_H_t1.0_23.v,gpt3.5,H,1.0,23,0,0,0,NA,NA,NA
completions_gpt3.5/completion_H_t1.0_24.v,gpt3.5,H,1.0,24,0,0,0,NA,NA,NA
completions_gpt3.5/completion_H_t1.0_25.v,gpt3.5,H,1.0,25,0,0,0,NA,NA,NA
completions_gpt3.5/completion_H_t1.0_26.v,gpt3.5,H,1.0,26,0,0,0,NA,NA,NA
completions_gpt3.5/completion_H_t1.0_27.v,gpt3.5,H,1.0,27,0,0,0,NA,NA,NA
completions_gpt3.5/completion_H_t1.0_28.v,gpt3.5,H,1.0,28,0,0,0,NA,NA,NA
completions_gpt3.5/completion_H_t1.0_29.v,gpt3.5,H,1.0,29,0,0,0,NA,NA,NA
completions_gpt3.5/completion_H_t1.0_30.v,gpt3.5,H,1.0,30,0,0,0,NA,NA,NA
completions_gpt3.5/completion_H_t1.0_31.v,gpt3.5,H,1.0,31,0,0,0,NA,NA,NA
completions_gpt3.5/completion_H_t1.0_32.v,gpt3.5,H,1.0,32,0,0,0,NA,NA,NA
completions_gpt3.5/completion_H_t1.0_33.v,gpt3.5,H,1.0,33,0,0,0,NA,NA,NA
completions_gpt3.5/completion_H_t1.0_34.v,gpt3.5,H,1.0,34,0,0,0,NA,NA,NA
completions_gpt3.5/completion_H_t1.0_35.v,gpt3.5,H,1.0,35,0,0,0,NA,NA,NA
completions_gpt3.5/completion_H_t1.0_36.v,gpt3.5,H,1.0,36,0,0,0,NA,NA,NA
completions_gpt3.5/completion_H_t1.0_37.v,gpt3.5,H,1.0,37,1,1,0,"40FCABF0216D7DF137323B3E9DAC4A39
",2546,42.467328
completions_gpt3.5/completion_H_t1.0_38.v,gpt3.5,H,1.0,38,0,0,0,NA,NA,NA
completions_gpt3.5/completion_H_t1.0_39.v,gpt3.5,H,1.0,39,0,0,0,NA,NA,NA
completions_gpt3.5/completion_H_t1.0_40.v,gpt3.5,H,1.0,40,0,0,0,NA,NA,NA
completions_gpt3.5/completion_H_t1.0_41.v,gpt3.5,H,1.0,41,0,0,0,NA,NA,NA
completions_gpt3.5/completion_H_t1.0_42.v,gpt3.5,H,1.0,42,0,0,0,NA,NA,NA
completions_gpt3.5/completion_H_t1.0_43.v,gpt3.5,H,1.0,43,0,0,0,NA,NA,NA
completions_gpt3.5/completion_H_t1.0_44.v,gpt3.5,H,1.0,44,0,0,0,NA,NA,NA
completions_gpt3.5/completion_H_t1.0_45.v,gpt3.5,H,1.0,45,0,0,0,NA,NA,NA
completions_gpt3.5/completion_H_t1.0_46.v,gpt3.5,H,1.0,46,0,0,0,NA,NA,NA
completions_gpt3.5/completion_H_t1.0_47.v,gpt3.5,H,1.0,47,0,0,0,NA,NA,NA
completions_gpt3.5/completion_H_t1.0_48.v,gpt3.5,H,1.0,48,0,0,0,NA,NA,NA
completions_gpt3.5/completion_H_t1.0_49.v,gpt3.5,H,1.0,49,0,0,0,NA,NA,NA
completions_gpt3.5/completion_H_t1.0_50.v,gpt3.5,H,1.0,50,0,0,0,NA,NA,NA
completions_gpt3.5/completion_H_t1.0_51.v,gpt3.5,H,1.0,51,0,0,0,NA,NA,NA
completions_gpt3.5/completion_H_t1.0_52.v,gpt3.5,H,1.0,52,0,0,0,NA,NA,NA
completions_gpt3.5/completion_H_t1.0_53.v,gpt3.5,H,1.0,53,0,0,0,NA,NA,NA
completions_gpt3.5/completion_H_t1.0_54.v,gpt3.5,H,1.0,54,0,0,0,NA,NA,NA
completions_gpt3.5/completion_H_t1.0_55.v,gpt3.5,H,1.0,55,0,0,0,NA,NA,NA
completions_gpt3.5/completion_H_t1.0_56.v,gpt3.5,H,1.0,56,0,0,0,NA,NA,NA
completions_gpt3.5/completion_H_t1.0_57.v,gpt3.5,H,1.0,57,0,0,0,NA,NA,NA
completions_gpt3.5/completion_H_t1.0_58.v,gpt3.5,H,1.0,58,0,0,0,NA,NA,NA
completions_gpt3.5/completion_H_t1.0_59.v,gpt3.5,H,1.0,59,0,0,0,NA,NA,NA
completions_gpt3.5/completion_H_t1.0_60.v,gpt3.5,H,1.0,60,0,0,0,NA,NA,NA
completions_gpt3.5/completion_H_t1.0_61.v,gpt3.5,H,1.0,61,0,0,0,NA,NA,NA
completions_gpt3.5/completion_H_t1.0_62.v,gpt3.5,H,1.0,62,0,0,0,NA,NA,NA
completions_gpt3.5/completion_H_t1.0_63.v,gpt3.5,H,1.0,63,0,0,0,NA,NA,NA
completions_gpt3.5/completion_H_t1.0_64.v,gpt3.5,H,1.0,64,0,0,0,NA,NA,NA
completions_gpt3.5/completion_H_t1.0_65.v,gpt3.5,H,1.0,65,0,0,0,NA,NA,NA
completions_gpt3.5/completion_H_t1.0_66.v,gpt3.5,H,1.0,66,1,0,0,NA,NA,NA
completions_gpt3.5/completion_H_t1.0_67.v,gpt3.5,H,1.0,67,1,0,0,NA,NA,NA
completions_gpt3.5/completion_H_t1.0_68.v,gpt3.5,H,1.0,68,0,0,0,NA,NA,NA
completions_gpt3.5/completion_H_t1.0_69.v,gpt3.5,H,1.0,69,0,0,0,NA,NA,NA
completions_gpt3.5/completion_H_t1.0_70.v,gpt3.5,H,1.0,70,0,0,0,NA,NA,NA
completions_gpt3.5/completion_H_t1.0_71.v,gpt3.5,H,1.0,71,0,0,0,NA,NA,NA
completions_gpt3.5/completion_H_t1.0_72.v,gpt3.5,H,1.0,72,0,0,0,NA,NA,NA
completions_gpt3.5/completion_H_t1.0_73.v,gpt3.5,H,1.0,73,0,0,0,NA,NA,NA
completions_gpt3.5/completion_H_t1.0_74.v,gpt3.5,H,1.0,74,0,0,0,NA,NA,NA
completions_gpt3.5/completion_H_t1.0_75.v,gpt3.5,H,1.0,75,0,0,0,NA,NA,NA
completions_gpt3.5/completion_H_t1.0_76.v,gpt3.5,H,1.0,76,0,0,0,NA,NA,NA
completions_gpt3.5/completion_H_t1.0_77.v,gpt3.5,H,1.0,77,1,1,0,"40FCAB0F216D7D7337323B429DAC4A96
",2536,7.520256
completions_gpt3.5/completion_H_t1.0_78.v,gpt3.5,H,1.0,78,0,0,0,NA,NA,NA
completions_gpt3.5/completion_H_t1.0_79.v,gpt3.5,H,1.0,79,0,0,0,NA,NA,NA
completions_gpt3.5/completion_H_t1.0_80.v,gpt3.5,H,1.0,80,0,0,0,NA,NA,NA
completions_gpt3.5/completion_H_t1.0_81.v,gpt3.5,H,1.0,81,0,0,0,NA,NA,NA
completions_gpt3.5/completion_H_t1.0_82.v,gpt3.5,H,1.0,82,0,0,0,NA,NA,NA
completions_gpt3.5/completion_H_t1.0_83.v,gpt3.5,H,1.0,83,0,0,0,NA,NA,NA
completions_gpt3.5/completion_H_t1.0_84.v,gpt3.5,H,1.0,84,0,0,0,NA,NA,NA
completions_gpt3.5/completion_H_t1.0_85.v,gpt3.5,H,1.0,85,0,0,0,NA,NA,NA
completions_gpt3.5/completion_H_t1.0_86.v,gpt3.5,H,1.0,86,0,0,0,NA,NA,NA
completions_gpt3.5/completion_H_t1.0_87.v,gpt3.5,H,1.0,87,0,0,0,NA,NA,NA
completions_gpt3.5/completion_H_t1.0_88.v,gpt3.5,H,1.0,88,0,0,0,NA,NA,NA
completions_gpt3.5/completion_H_t1.0_89.v,gpt3.5,H,1.0,89,0,0,0,NA,NA,NA
completions_gpt3.5/completion_H_t1.0_90.v,gpt3.5,H,1.0,90,0,0,0,NA,NA,NA
completions_gpt3.5/completion_H_t1.0_91.v,gpt3.5,H,1.0,91,0,0,0,NA,NA,NA
completions_gpt3.5/completion_H_t1.0_92.v,gpt3.5,H,1.0,92,0,0,0,NA,NA,NA
completions_gpt3.5/completion_H_t1.0_93.v,gpt3.5,H,1.0,93,0,0,0,NA,NA,NA
completions_gpt3.5/completion_H_t1.0_94.v,gpt3.5,H,1.0,94,1,1,0,"9B048F005C10DF73A136AD1EDB32584A
",2545,50.429952
completions_gpt3.5/completion_H_t1.0_95.v,gpt3.5,H,1.0,95,0,0,0,NA,NA,NA
completions_gpt3.5/completion_H_t1.0_96.v,gpt3.5,H,1.0,96,0,0,0,NA,NA,NA
completions_gpt3.5/completion_H_t1.0_97.v,gpt3.5,H,1.0,97,0,0,0,NA,NA,NA
completions_gpt3.5/completion_H_t1.0_98.v,gpt3.5,H,1.0,98,0,0,0,NA,NA,NA
completions_gpt3.5/completion_H_t1.0_99.v,gpt3.5,H,1.0,99,0,0,0,NA,NA,NA
completions_gpt4/completion_L_t0.1_0.v,gpt4,L,0.1,0,1,1,0,"7F793544B3265471C2E7DCCE539607B5
",2524,10.616832
completions_gpt4/completion_L_t0.1_1.v,gpt4,L,0.1,1,1,1,0,"F7176DB018731FC4901E0122179A5840
",2543,NA
completions_gpt4/completion_L_t0.1_2.v,gpt4,L,0.1,2,0,0,0,NA,NA,NA
completions_gpt4/completion_L_t0.1_3.v,gpt4,L,0.1,3,0,0,0,NA,NA,NA
completions_gpt4/completion_L_t0.1_4.v,gpt4,L,0.1,4,0,0,0,NA,NA,NA
completions_gpt4/completion_L_t0.1_5.v,gpt4,L,0.1,5,0,0,0,NA,NA,NA
completions_gpt4/completion_L_t0.1_6.v,gpt4,L,0.1,6,0,0,0,NA,NA,NA
completions_gpt4/completion_L_t0.1_7.v,gpt4,L,0.1,7,0,0,0,NA,NA,NA
completions_gpt4/completion_L_t0.1_8.v,gpt4,L,0.1,8,1,1,0,"6249F5D74CB92DAF07710804060FABDB
",2518,175.177728
completions_gpt4/completion_L_t0.1_9.v,gpt4,L,0.1,9,1,1,0,"F7176DB018731FC4901E0122179A5840
",2543,NA
completions_gpt4/completion_L_t0.1_10.v,gpt4,L,0.1,10,0,0,0,NA,NA,NA
completions_gpt4/completion_L_t0.1_11.v,gpt4,L,0.1,11,1,1,0,"F7176DB018731FC4901E0122179A5840
",2543,NA
completions_gpt4/completion_L_t0.1_12.v,gpt4,L,0.1,12,0,0,0,NA,NA,NA
completions_gpt4/completion_L_t0.1_13.v,gpt4,L,0.1,13,0,0,0,NA,NA,NA
completions_gpt4/completion_L_t0.1_14.v,gpt4,L,0.1,14,1,1,0,"489D5FB237241BDE28ED2ABF05566AC8
",2516,56.623104
completions_gpt4/completion_L_t0.1_15.v,gpt4,L,0.1,15,1,1,0,"F95918DA77EAC335B6F36C1C2B3E9E38
",2525,167.215104
completions_gpt4/completion_L_t0.1_16.v,gpt4,L,0.1,16,0,0,0,NA,NA,NA
completions_gpt4/completion_L_t0.1_17.v,gpt4,L,0.1,17,1,1,0,"1642D987337D8F29F4ED6A0F48B02564
",2532,141.557760
completions_gpt4/completion_L_t0.1_18.v,gpt4,L,0.1,18,1,1,0,"23837CD72B61420B01D5F86907C3E706
",2542,167.215104
completions_gpt4/completion_L_t0.1_19.v,gpt4,L,0.1,19,1,1,0,"23837CD72B61420B01D5F86907C3E706
",2542,167.215104
completions_gpt4/completion_L_t0.1_20.v,gpt4,L,0.1,20,0,0,0,NA,NA,NA
completions_gpt4/completion_L_t0.1_21.v,gpt4,L,0.1,21,0,0,0,NA,NA,NA
completions_gpt4/completion_L_t0.1_22.v,gpt4,L,0.1,22,0,0,0,NA,NA,NA
completions_gpt4/completion_L_t0.1_23.v,gpt4,L,0.1,23,1,1,0,"1642D987337D8F29F4ED6A0F48B02564
",2532,141.557760
completions_gpt4/completion_L_t0.1_24.v,gpt4,L,0.1,24,0,0,0,NA,NA,NA
completions_gpt4/completion_L_t0.1_25.v,gpt4,L,0.1,25,0,0,0,NA,NA,NA
completions_gpt4/completion_L_t0.1_26.v,gpt4,L,0.1,26,0,0,0,NA,NA,NA
completions_gpt4/completion_L_t0.1_27.v,gpt4,L,0.1,27,0,0,0,NA,NA,NA
completions_gpt4/completion_L_t0.1_28.v,gpt4,L,0.1,28,0,0,0,NA,NA,NA
completions_gpt4/completion_L_t0.1_29.v,gpt4,L,0.1,29,0,0,0,NA,NA,NA
completions_gpt4/completion_L_t0.1_30.v,gpt4,L,0.1,30,1,1,0,"C5D74EEC2FBB7361BC389B4195EB8F40
",2533,127.401984
completions_gpt4/completion_L_t0.1_31.v,gpt4,L,0.1,31,0,0,0,NA,NA,NA
completions_gpt4/completion_L_t0.1_32.v,gpt4,L,0.1,32,1,1,0,"F7176DB018731FC4901E0122179A5840
",2543,NA
completions_gpt4/completion_L_t0.1_33.v,gpt4,L,0.1,33,1,1,0,"F7176DB018731FC4901E0122179A5840
",2543,NA
completions_gpt4/completion_L_t0.1_34.v,gpt4,L,0.1,34,0,0,0,NA,NA,NA
completions_gpt4/completion_L_t0.1_35.v,gpt4,L,0.1,35,1,1,0,"F95918DA77EAC335B6F36C1C2B3E9E38
",2525,167.215104
completions_gpt4/completion_L_t0.1_36.v,gpt4,L,0.1,36,1,1,0,"40176DB021731FC4371E01229D9A5840
",2537,NA
completions_gpt4/completion_L_t0.1_37.v,gpt4,L,0.1,37,0,0,0,NA,NA,NA
completions_gpt4/completion_L_t0.1_38.v,gpt4,L,0.1,38,1,1,0,"9DD80D77810808D82F2E661791F47E68
",2531,67.239936
completions_gpt4/completion_L_t0.1_39.v,gpt4,L,0.1,39,1,1,0,"F7176DB018731FC4901E0122179A5840
",2543,NA
completions_gpt4/completion_L_t0.1_40.v,gpt4,L,0.1,40,1,1,0,"F7176DB018731FC4901E0122179A5840
",2543,NA
completions_gpt4/completion_L_t0.1_41.v,gpt4,L,0.1,41,0,0,0,NA,NA,NA
completions_gpt4/completion_L_t0.1_42.v,gpt4,L,0.1,42,0,0,0,NA,NA,NA
completions_gpt4/completion_L_t0.1_43.v,gpt4,L,0.1,43,0,0,0,NA,NA,NA
completions_gpt4/completion_L_t0.1_44.v,gpt4,L,0.1,44,1,1,0,"23837CD72B61420B01D5F86907C3E706
",2542,167.215104
completions_gpt4/completion_L_t0.1_45.v,gpt4,L,0.1,45,1,1,0,"F95918DA77EAC335B6F36C1C2B3E9E38
",2525,167.215104
completions_gpt4/completion_L_t0.1_46.v,gpt4,L,0.1,46,0,0,0,NA,NA,NA
completions_gpt4/completion_L_t0.1_47.v,gpt4,L,0.1,47,0,0,0,NA,NA,NA
completions_gpt4/completion_L_t0.1_48.v,gpt4,L,0.1,48,1,1,0,"23837CD72B61420B01D5F86907C3E706
",2542,167.215104
completions_gpt4/completion_L_t0.1_49.v,gpt4,L,0.1,49,1,1,0,"1642D987337D8F29F4ED6A0F48B02564
",2532,141.557760
completions_gpt4/completion_L_t0.1_50.v,gpt4,L,0.1,50,1,1,0,"B673C7D49437165B9D1F527105890647
",2562,141.557760
completions_gpt4/completion_L_t0.1_51.v,gpt4,L,0.1,51,0,0,0,NA,NA,NA
completions_gpt4/completion_L_t0.1_52.v,gpt4,L,0.1,52,0,0,0,NA,NA,NA
completions_gpt4/completion_L_t0.1_53.v,gpt4,L,0.1,53,1,1,0,"1642D987337D8F29F4ED6A0F48B02564
",2532,141.557760
completions_gpt4/completion_L_t0.1_54.v,gpt4,L,0.1,54,0,0,0,NA,NA,NA
completions_gpt4/completion_L_t0.1_55.v,gpt4,L,0.1,55,0,0,0,NA,NA,NA
completions_gpt4/completion_L_t0.1_56.v,gpt4,L,0.1,56,1,1,0,"F95918DA77EAC335B6F36C1C2B3E9E38
",2525,167.215104
completions_gpt4/completion_L_t0.1_57.v,gpt4,L,0.1,57,1,1,0,"244B5308699B03AC403A3E6B3A1EDDCD
",2537,141.557760
completions_gpt4/completion_L_t0.1_58.v,gpt4,L,0.1,58,0,0,0,NA,NA,NA
completions_gpt4/completion_L_t0.1_59.v,gpt4,L,0.1,59,0,0,0,NA,NA,NA
completions_gpt4/completion_L_t0.1_60.v,gpt4,L,0.1,60,1,1,0,"1642D987337D8F29F4ED6A0F48B02564
",2532,141.557760
completions_gpt4/completion_L_t0.1_61.v,gpt4,L,0.1,61,1,1,0,"F95918DA77EAC335B6F36C1C2B3E9E38
",2525,167.215104
completions_gpt4/completion_L_t0.1_62.v,gpt4,L,0.1,62,0,0,0,NA,NA,NA
completions_gpt4/completion_L_t0.1_63.v,gpt4,L,0.1,63,1,1,0,"23837CD72B61420B01D5F86907C3E706
",2542,167.215104
completions_gpt4/completion_L_t0.1_64.v,gpt4,L,0.1,64,0,0,0,NA,NA,NA
completions_gpt4/completion_L_t0.1_65.v,gpt4,L,0.1,65,1,1,0,"6C1F4BBF1F5E8FDBE2F28EEF7E507A35
",2520,56.623104
completions_gpt4/completion_L_t0.1_66.v,gpt4,L,0.1,66,1,1,0,"6249F5D74CB92DAF07710804060FABDB
",2518,175.177728
completions_gpt4/completion_L_t0.1_67.v,gpt4,L,0.1,67,1,1,0,"F7176DB018731FC4901E0122179A5840
",2543,NA
completions_gpt4/completion_L_t0.1_68.v,gpt4,L,0.1,68,0,0,0,NA,NA,NA
completions_gpt4/completion_L_t0.1_69.v,gpt4,L,0.1,69,0,0,0,NA,NA,NA
completions_gpt4/completion_L_t0.1_70.v,gpt4,L,0.1,70,0,0,0,NA,NA,NA
completions_gpt4/completion_L_t0.1_71.v,gpt4,L,0.1,71,1,1,0,"40D9434B2172AB554F12DFCC64D61A63
",2533,11.943936
completions_gpt4/completion_L_t0.1_72.v,gpt4,L,0.1,72,1,1,0,"1642D987337D8F29F4ED6A0F48B02564
",2532,141.557760
completions_gpt4/completion_L_t0.1_73.v,gpt4,L,0.1,73,0,0,0,NA,NA,NA
completions_gpt4/completion_L_t0.1_74.v,gpt4,L,0.1,74,0,0,0,NA,NA,NA
completions_gpt4/completion_L_t0.1_75.v,gpt4,L,0.1,75,0,0,0,NA,NA,NA
completions_gpt4/completion_L_t0.1_76.v,gpt4,L,0.1,76,0,0,0,NA,NA,NA
completions_gpt4/completion_L_t0.1_77.v,gpt4,L,0.1,77,0,0,0,NA,NA,NA
completions_gpt4/completion_L_t0.1_78.v,gpt4,L,0.1,78,0,0,0,NA,NA,NA
completions_gpt4/completion_L_t0.1_79.v,gpt4,L,0.1,79,0,0,0,NA,NA,NA
completions_gpt4/completion_L_t0.1_80.v,gpt4,L,0.1,80,0,0,0,NA,NA,NA
completions_gpt4/completion_L_t0.1_81.v,gpt4,L,0.1,81,0,0,0,NA,NA,NA
completions_gpt4/completion_L_t0.1_82.v,gpt4,L,0.1,82,1,1,0,"489D5FB237241BDE28ED2ABF05566AC8
",2516,56.623104
completions_gpt4/completion_L_t0.1_83.v,gpt4,L,0.1,83,0,0,0,NA,NA,NA
completions_gpt4/completion_L_t0.1_84.v,gpt4,L,0.1,84,0,0,0,NA,NA,NA
completions_gpt4/completion_L_t0.1_85.v,gpt4,L,0.1,85,0,0,0,NA,NA,NA
completions_gpt4/completion_L_t0.1_86.v,gpt4,L,0.1,86,1,1,0,"1642D987337D8F29F4ED6A0F48B02564
",2532,141.557760
completions_gpt4/completion_L_t0.1_87.v,gpt4,L,0.1,87,0,0,0,NA,NA,NA
completions_gpt4/completion_L_t0.1_88.v,gpt4,L,0.1,88,1,1,0,"40473F9C5E1CBF8D548BFD9FCFF8B293
",2525,141.557760
completions_gpt4/completion_L_t0.1_89.v,gpt4,L,0.1,89,0,0,0,NA,NA,NA
completions_gpt4/completion_L_t0.1_90.v,gpt4,L,0.1,90,1,1,0,"F95918DA77EAC335B6F36C1C2B3E9E38
",2525,167.215104
completions_gpt4/completion_L_t0.1_91.v,gpt4,L,0.1,91,1,1,0,"F7176DB018731FC4901E0122179A5840
",2543,NA
completions_gpt4/completion_L_t0.1_92.v,gpt4,L,0.1,92,1,1,0,"F7176DB018731FC4901E0122179A5840
",2543,NA
completions_gpt4/completion_L_t0.1_93.v,gpt4,L,0.1,93,0,0,0,NA,NA,NA
completions_gpt4/completion_L_t0.1_94.v,gpt4,L,0.1,94,1,1,0,"1642D987337D8F29F4ED6A0F48B02564
",2532,141.557760
completions_gpt4/completion_L_t0.1_95.v,gpt4,L,0.1,95,0,0,0,NA,NA,NA
completions_gpt4/completion_L_t0.1_96.v,gpt4,L,0.1,96,0,0,0,NA,NA,NA
completions_gpt4/completion_L_t0.1_97.v,gpt4,L,0.1,97,0,0,0,NA,NA,NA
completions_gpt4/completion_L_t0.1_98.v,gpt4,L,0.1,98,0,0,0,NA,NA,NA
completions_gpt4/completion_L_t0.1_99.v,gpt4,L,0.1,99,1,1,0,"31F16F44A810DF71C86343CE18168FB5
",2536,20.791296
completions_gpt4/completion_L_t0.3_0.v,gpt4,L,0.3,0,0,0,0,NA,NA,NA
completions_gpt4/completion_L_t0.3_1.v,gpt4,L,0.3,1,0,0,0,NA,NA,NA
completions_gpt4/completion_L_t0.3_2.v,gpt4,L,0.3,2,0,0,0,NA,NA,NA
completions_gpt4/completion_L_t0.3_3.v,gpt4,L,0.3,3,0,0,0,NA,NA,NA
completions_gpt4/completion_L_t0.3_4.v,gpt4,L,0.3,4,1,1,0,"F95918DA77EAC335B6F36C1C2B3E9E38
",2525,167.215104
completions_gpt4/completion_L_t0.3_5.v,gpt4,L,0.3,5,0,0,0,NA,NA,NA
completions_gpt4/completion_L_t0.3_6.v,gpt4,L,0.3,6,1,1,0,"253FE54433C4D6714D954ACECCF7BFB5
",2539,42.467328
completions_gpt4/completion_L_t0.3_7.v,gpt4,L,0.3,7,0,0,0,NA,NA,NA
completions_gpt4/completion_L_t0.3_8.v,gpt4,L,0.3,8,1,1,0,"F95918DA77EAC335B6F36C1C2B3E9E38
",2525,167.215104
completions_gpt4/completion_L_t0.3_9.v,gpt4,L,0.3,9,1,1,0,"0D9662CF5E4713CD81A32FFFF2DB2FB0
",2537,70.778880
completions_gpt4/completion_L_t0.3_10.v,gpt4,L,0.3,10,1,0,0,NA,NA,NA
completions_gpt4/completion_L_t0.3_11.v,gpt4,L,0.3,11,0,0,0,NA,NA,NA
completions_gpt4/completion_L_t0.3_12.v,gpt4,L,0.3,12,0,0,0,NA,NA,NA
completions_gpt4/completion_L_t0.3_13.v,gpt4,L,0.3,13,1,1,0,"F95918DA77EAC335B6F36C1C2B3E9E38
",2525,167.215104
completions_gpt4/completion_L_t0.3_14.v,gpt4,L,0.3,14,0,0,0,NA,NA,NA
completions_gpt4/completion_L_t0.3_15.v,gpt4,L,0.3,15,0,0,0,NA,NA,NA
completions_gpt4/completion_L_t0.3_16.v,gpt4,L,0.3,16,0,0,0,NA,NA,NA
completions_gpt4/completion_L_t0.3_17.v,gpt4,L,0.3,17,0,0,0,NA,NA,NA
completions_gpt4/completion_L_t0.3_18.v,gpt4,L,0.3,18,0,0,0,NA,NA,NA
completions_gpt4/completion_L_t0.3_19.v,gpt4,L,0.3,19,1,1,0,"23837CD72B61420B01D5F86907C3E706
",2542,167.215104
completions_gpt4/completion_L_t0.3_20.v,gpt4,L,0.3,20,1,1,0,"A333B6B0E7F3E0BC7AFD490BD9FEBB57
",2535,99.090432
completions_gpt4/completion_L_t0.3_21.v,gpt4,L,0.3,21,0,0,0,NA,NA,NA
completions_gpt4/completion_L_t0.3_22.v,gpt4,L,0.3,22,0,0,0,NA,NA,NA
completions_gpt4/completion_L_t0.3_23.v,gpt4,L,0.3,23,1,1,1,"6F0FA9163F92C56027EA4D329455D7D7
",0,192.724992
completions_gpt4/completion_L_t0.3_24.v,gpt4,L,0.3,24,0,0,0,NA,NA,NA
completions_gpt4/completion_L_t0.3_25.v,gpt4,L,0.3,25,1,1,0,"40FCABB0216D1F4F371E3B4217AC4AC3
",2518,NA
completions_gpt4/completion_L_t0.3_26.v,gpt4,L,0.3,26,0,0,0,NA,NA,NA
completions_gpt4/completion_L_t0.3_27.v,gpt4,L,0.3,27,1,1,0,"2552B7A61E3A86A0A69EE16EB41281C7
",2551,117.669888
completions_gpt4/completion_L_t0.3_28.v,gpt4,L,0.3,28,1,1,0,"C5D74EEC2FBB7361BC389B4195EB8F40
",2533,127.401984
completions_gpt4/completion_L_t0.3_29.v,gpt4,L,0.3,29,0,0,0,NA,NA,NA
completions_gpt4/completion_L_t0.3_30.v,gpt4,L,0.3,30,1,1,0,"BD176DB018731FB6901E222217CA5840
",2542,10.616832
completions_gpt4/completion_L_t0.3_31.v,gpt4,L,0.3,31,0,0,0,NA,NA,NA
completions_gpt4/completion_L_t0.3_32.v,gpt4,L,0.3,32,0,0,0,NA,NA,NA
completions_gpt4/completion_L_t0.3_33.v,gpt4,L,0.3,33,0,0,0,NA,NA,NA
completions_gpt4/completion_L_t0.3_34.v,gpt4,L,0.3,34,1,1,0,"1EF61E585DF86BE6244D957973F598E5
",2541,84.934656
completions_gpt4/completion_L_t0.3_35.v,gpt4,L,0.3,35,1,1,0,"9E4611B9FF470BEFCE2A636E101E2008
",2553,56.623104
completions_gpt4/completion_L_t0.3_36.v,gpt4,L,0.3,36,1,1,0,"253FE54433C4D6714D954ACECCF7BFB5
",2539,42.467328
completions_gpt4/completion_L_t0.3_37.v,gpt4,L,0.3,37,1,1,0,"853ADEB1ECDB4DF88C5B4A9590F1F691
",2529,169.869312
completions_gpt4/completion_L_t0.3_38.v,gpt4,L,0.3,38,0,0,0,NA,NA,NA
completions_gpt4/completion_L_t0.3_39.v,gpt4,L,0.3,39,1,1,0,"F7176DB018731FC4901E0122179A5840
",2543,NA
completions_gpt4/completion_L_t0.3_40.v,gpt4,L,0.3,40,1,1,0,"40FCAB13216D4F4F37A93B4259AC4AC3
",2538,42.467328
completions_gpt4/completion_L_t0.3_41.v,gpt4,L,0.3,41,0,0,0,NA,NA,NA
completions_gpt4/completion_L_t0.3_42.v,gpt4,L,0.3,42,0,0,0,NA,NA,NA
completions_gpt4/completion_L_t0.3_43.v,gpt4,L,0.3,43,0,0,0,NA,NA,NA
completions_gpt4/completion_L_t0.3_44.v,gpt4,L,0.3,44,1,1,0,"A810CCC5D686EF5F6FA6DB5E5E1D2041
",2527,113.246208
completions_gpt4/completion_L_t0.3_45.v,gpt4,L,0.3,45,1,1,0,"1C0448F8B3D4F970EECC54682CF084F3
",2548,42.467328
completions_gpt4/completion_L_t0.3_46.v,gpt4,L,0.3,46,1,1,0,"E0831A97DFAF9DEF1A27445936690193
",2545,113.246208
completions_gpt4/completion_L_t0.3_47.v,gpt4,L,0.3,47,1,1,0,"23837CD72B61420B01D5F86907C3E706
",2542,167.215104
completions_gpt4/completion_L_t0.3_48.v,gpt4,L,0.3,48,1,1,0,"20395735D94FC33C8F6C5C6960A0C610
",2517,0.000000
completions_gpt4/completion_L_t0.3_49.v,gpt4,L,0.3,49,0,0,0,NA,NA,NA
completions_gpt4/completion_L_t0.3_50.v,gpt4,L,0.3,50,1,1,0,"1642D987337D8F29F4ED6A0F48B02564
",2532,141.557760
completions_gpt4/completion_L_t0.3_51.v,gpt4,L,0.3,51,1,1,0,"0DE35F451613361CD6C0BE28B050972F
",2533,141.557760
completions_gpt4/completion_L_t0.3_52.v,gpt4,L,0.3,52,1,1,0,"40FCABA9216D7D4F37323B429DAC4AC3
",2537,0.000000
completions_gpt4/completion_L_t0.3_53.v,gpt4,L,0.3,53,1,1,0,"2E208D83187C0F3A2E85BCCF57D9BB8C
",2546,107.937792
completions_gpt4/completion_L_t0.3_54.v,gpt4,L,0.3,54,1,1,0,"1A1921C64B4ECF7C522B6DC6234D21BE
",2533,160.284672
completions_gpt4/completion_L_t0.3_55.v,gpt4,L,0.3,55,0,0,0,NA,NA,NA
completions_gpt4/completion_L_t0.3_56.v,gpt4,L,0.3,56,0,0,0,NA,NA,NA
completions_gpt4/completion_L_t0.3_57.v,gpt4,L,0.3,57,0,0,0,NA,NA,NA
completions_gpt4/completion_L_t0.3_58.v,gpt4,L,0.3,58,0,0,0,NA,NA,NA
completions_gpt4/completion_L_t0.3_59.v,gpt4,L,0.3,59,1,0,0,NA,NA,NA
completions_gpt4/completion_L_t0.3_60.v,gpt4,L,0.3,60,0,0,0,NA,NA,NA
completions_gpt4/completion_L_t0.3_61.v,gpt4,L,0.3,61,1,1,0,"40FCABCE216D7D7337323B0B9DAC4A1D
",2535,1.769472
completions_gpt4/completion_L_t0.3_62.v,gpt4,L,0.3,62,1,1,0,"B6642A1CB676663F414CEDED6FA89033
",2547,111.919104
completions_gpt4/completion_L_t0.3_63.v,gpt4,L,0.3,63,0,0,0,NA,NA,NA
completions_gpt4/completion_L_t0.3_64.v,gpt4,L,0.3,64,1,1,0,"F7176DB018731FC4901E0122179A5840
",2543,NA
completions_gpt4/completion_L_t0.3_65.v,gpt4,L,0.3,65,0,0,0,NA,NA,NA
completions_gpt4/completion_L_t0.3_66.v,gpt4,L,0.3,66,1,1,0,"91EAC7E651F7ED548248DCB546573E40
",2530,56.623104
completions_gpt4/completion_L_t0.3_67.v,gpt4,L,0.3,67,1,1,0,"7B610F877627545E733C21ED1BDD4C1B
",2540,162.791424
completions_gpt4/completion_L_t0.3_68.v,gpt4,L,0.3,68,1,1,0,"B6642A1CB676663F414CEDED6FA89033
",2547,111.919104
completions_gpt4/completion_L_t0.3_69.v,gpt4,L,0.3,69,1,1,0,"F7176DAC1873EEC4903901228E9A5840
",2552,10.616832
completions_gpt4/completion_L_t0.3_70.v,gpt4,L,0.3,70,1,1,0,"F7176DB018731FC4901E0122179A5840
",2543,NA
completions_gpt4/completion_L_t0.3_71.v,gpt4,L,0.3,71,0,0,0,NA,NA,NA
completions_gpt4/completion_L_t0.3_72.v,gpt4,L,0.3,72,1,1,0,"40E1BE5E213D552E373ACD7D9D722050
",2543,14.155776
completions_gpt4/completion_L_t0.3_73.v,gpt4,L,0.3,73,0,0,0,NA,NA,NA
completions_gpt4/completion_L_t0.3_74.v,gpt4,L,0.3,74,1,1,0,"40FCABF8216DA64F37813B42EEAC4AC3
",2543,49.545216
completions_gpt4/completion_L_t0.3_75.v,gpt4,L,0.3,75,0,0,0,NA,NA,NA
completions_gpt4/completion_L_t0.3_76.v,gpt4,L,0.3,76,1,1,0,"B4197CDC7D12C7B5B7A558BD9EB36076
",2554,111.476736
completions_gpt4/completion_L_t0.3_77.v,gpt4,L,0.3,77,0,0,0,NA,NA,NA
completions_gpt4/completion_L_t0.3_78.v,gpt4,L,0.3,78,0,0,0,NA,NA,NA
completions_gpt4/completion_L_t0.3_79.v,gpt4,L,0.3,79,0,0,0,NA,NA,NA
completions_gpt4/completion_L_t0.3_80.v,gpt4,L,0.3,80,1,1,0,"F95918DA77EAC335B6F36C1C2B3E9E38
",2525,167.215104
completions_gpt4/completion_L_t0.3_81.v,gpt4,L,0.3,81,0,0,0,NA,NA,NA
completions_gpt4/completion_L_t0.3_82.v,gpt4,L,0.3,82,1,1,0,"F95918DA77EAC335B6F36C1C2B3E9E38
",2525,167.215104
completions_gpt4/completion_L_t0.3_83.v,gpt4,L,0.3,83,1,1,0,"88176DB018731FF7901E012217F85840
",2521,23.003136
completions_gpt4/completion_L_t0.3_84.v,gpt4,L,0.3,84,0,0,0,NA,NA,NA
completions_gpt4/completion_L_t0.3_85.v,gpt4,L,0.3,85,1,0,0,NA,NA,NA
completions_gpt4/completion_L_t0.3_86.v,gpt4,L,0.3,86,0,0,0,NA,NA,NA
completions_gpt4/completion_L_t0.3_87.v,gpt4,L,0.3,87,0,0,0,NA,NA,NA
completions_gpt4/completion_L_t0.3_88.v,gpt4,L,0.3,88,1,1,0,"D2592215BA660174260DB20E43DEA5B7
",2523,0.000000
completions_gpt4/completion_L_t0.3_89.v,gpt4,L,0.3,89,1,1,0,"23837CD72B61420B01D5F86907C3E706
",2542,167.215104
completions_gpt4/completion_L_t0.3_90.v,gpt4,L,0.3,90,0,0,0,NA,NA,NA
completions_gpt4/completion_L_t0.3_91.v,gpt4,L,0.3,91,0,0,0,NA,NA,NA
completions_gpt4/completion_L_t0.3_92.v,gpt4,L,0.3,92,1,1,0,"8BC2F5BBAB490B6A8D29B349E4FD5D51
",2533,113.246208
completions_gpt4/completion_L_t0.3_93.v,gpt4,L,0.3,93,1,1,0,"204536153898CC157DB65C9B0E2D0D2F
",2526,0.000000
completions_gpt4/completion_L_t0.3_94.v,gpt4,L,0.3,94,1,1,0,"1C0448F8B3D4F970EECC54682CF084F3
",2548,42.467328
completions_gpt4/completion_L_t0.3_95.v,gpt4,L,0.3,95,0,0,0,NA,NA,NA
completions_gpt4/completion_L_t0.3_96.v,gpt4,L,0.3,96,1,1,0,"F7176DB018731FC4901E0122179A5840
",2543,NA
completions_gpt4/completion_L_t0.3_97.v,gpt4,L,0.3,97,0,0,0,NA,NA,NA
completions_gpt4/completion_L_t0.3_98.v,gpt4,L,0.3,98,1,1,0,"22007FB13994B972094ACC3358AC7E18
",2535,266.305536
completions_gpt4/completion_L_t0.3_99.v,gpt4,L,0.3,99,0,0,0,NA,NA,NA
completions_gpt4/completion_L_t0.5_0.v,gpt4,L,0.5,0,1,1,0,"40FCAB6A216D7A4F37B73B4247AC4AC3
",2533,40.402944
completions_gpt4/completion_L_t0.5_1.v,gpt4,L,0.5,1,0,0,0,NA,NA,NA
completions_gpt4/completion_L_t0.5_2.v,gpt4,L,0.5,2,0,0,0,NA,NA,NA
completions_gpt4/completion_L_t0.5_3.v,gpt4,L,0.5,3,0,0,0,NA,NA,NA
completions_gpt4/completion_L_t0.5_4.v,gpt4,L,0.5,4,1,1,0,"F7176DB018731FC4901E0122179A5840
",2543,NA
completions_gpt4/completion_L_t0.5_5.v,gpt4,L,0.5,5,0,0,0,NA,NA,NA
completions_gpt4/completion_L_t0.5_6.v,gpt4,L,0.5,6,1,1,0,"20395735D94FC33C8F6C5C6960A0C610
",2517,0.000000
completions_gpt4/completion_L_t0.5_7.v,gpt4,L,0.5,7,0,0,0,NA,NA,NA
completions_gpt4/completion_L_t0.5_8.v,gpt4,L,0.5,8,1,1,0,"40853833157AD40CF42405B425485AA1
",2526,7.077888
completions_gpt4/completion_L_t0.5_9.v,gpt4,L,0.5,9,0,0,0,NA,NA,NA
completions_gpt4/completion_L_t0.5_10.v,gpt4,L,0.5,10,0,0,0,NA,NA,NA
completions_gpt4/completion_L_t0.5_11.v,gpt4,L,0.5,11,0,0,0,NA,NA,NA
completions_gpt4/completion_L_t0.5_12.v,gpt4,L,0.5,12,0,0,0,NA,NA,NA
completions_gpt4/completion_L_t0.5_13.v,gpt4,L,0.5,13,1,1,0,"D4F8655A64E53B250048086115938207
",2534,141.557760
completions_gpt4/completion_L_t0.5_14.v,gpt4,L,0.5,14,0,0,0,NA,NA,NA
completions_gpt4/completion_L_t0.5_15.v,gpt4,L,0.5,15,0,0,0,NA,NA,NA
completions_gpt4/completion_L_t0.5_16.v,gpt4,L,0.5,16,1,0,0,NA,NA,NA
completions_gpt4/completion_L_t0.5_17.v,gpt4,L,0.5,17,1,1,0,"23837CD72B61420B01D5F86907C3E706
",2542,167.215104
completions_gpt4/completion_L_t0.5_18.v,gpt4,L,0.5,18,0,0,0,NA,NA,NA
completions_gpt4/completion_L_t0.5_19.v,gpt4,L,0.5,19,1,1,0,"9B8738121862A1E44BA1F913EB66A9B9
",2526,120.766464
completions_gpt4/completion_L_t0.5_20.v,gpt4,L,0.5,20,1,1,0,"253FE54433C4D6714D954ACECCF7BFB5
",2539,42.467328
completions_gpt4/completion_L_t0.5_21.v,gpt4,L,0.5,21,0,0,0,NA,NA,NA
completions_gpt4/completion_L_t0.5_22.v,gpt4,L,0.5,22,0,0,0,NA,NA,NA
completions_gpt4/completion_L_t0.5_23.v,gpt4,L,0.5,23,0,0,0,NA,NA,NA
completions_gpt4/completion_L_t0.5_24.v,gpt4,L,0.5,24,0,0,0,NA,NA,NA
completions_gpt4/completion_L_t0.5_25.v,gpt4,L,0.5,25,0,0,0,NA,NA,NA
completions_gpt4/completion_L_t0.5_26.v,gpt4,L,0.5,26,0,0,0,NA,NA,NA
completions_gpt4/completion_L_t0.5_27.v,gpt4,L,0.5,27,1,1,0,"E344B76B09C547345477D9BB327BA6B4
",2531,235.192321
completions_gpt4/completion_L_t0.5_28.v,gpt4,L,0.5,28,0,0,0,NA,NA,NA
completions_gpt4/completion_L_t0.5_29.v,gpt4,L,0.5,29,0,0,0,NA,NA,NA
completions_gpt4/completion_L_t0.5_30.v,gpt4,L,0.5,30,1,1,0,"233FD18B9BA02AB47FCF3527A43D982D
",2547,112.803840
completions_gpt4/completion_L_t0.5_31.v,gpt4,L,0.5,31,1,0,0,NA,NA,NA
completions_gpt4/completion_L_t0.5_32.v,gpt4,L,0.5,32,1,1,0,"725C8AD1762CC003105AF513604BCCCF
",2544,0.000000
completions_gpt4/completion_L_t0.5_33.v,gpt4,L,0.5,33,1,1,0,"40FCABB0216D1F4F371E3B4217AC4AC3
",2518,1.327104
completions_gpt4/completion_L_t0.5_34.v,gpt4,L,0.5,34,1,1,0,"F76A3D1F6BBC6246FCDE052E34FD1BDB
",2536,NA
completions_gpt4/completion_L_t0.5_35.v,gpt4,L,0.5,35,0,0,0,NA,NA,NA
completions_gpt4/completion_L_t0.5_36.v,gpt4,L,0.5,36,1,1,0,"7AA54B116A15CDC26432975535EC2C8F
",2542,56.623104
completions_gpt4/completion_L_t0.5_37.v,gpt4,L,0.5,37,1,1,0,"F95918DA77EAC335B6F36C1C2B3E9E38
",2525,167.215104
completions_gpt4/completion_L_t0.5_38.v,gpt4,L,0.5,38,0,0,0,NA,NA,NA
completions_gpt4/completion_L_t0.5_39.v,gpt4,L,0.5,39,0,0,0,NA,NA,NA
completions_gpt4/completion_L_t0.5_40.v,gpt4,L,0.5,40,1,1,0,"F7176DB018731FC4901E0122179A5840
",2543,NA
completions_gpt4/completion_L_t0.5_41.v,gpt4,L,0.5,41,1,1,0,"20395735D94FC33C8F6C5C6960A0C610
",2517,0.000000
completions_gpt4/completion_L_t0.5_42.v,gpt4,L,0.5,42,0,0,0,NA,NA,NA
completions_gpt4/completion_L_t0.5_43.v,gpt4,L,0.5,43,0,0,0,NA,NA,NA
completions_gpt4/completion_L_t0.5_44.v,gpt4,L,0.5,44,1,1,0,"6B85475061034393C20F9370F4FCC618
",2539,143.032320
completions_gpt4/completion_L_t0.5_45.v,gpt4,L,0.5,45,1,1,0,"C6176DB018731FC4901E0122179A5840
",2540,15.925248
completions_gpt4/completion_L_t0.5_46.v,gpt4,L,0.5,46,1,1,0,"F7176DB018731FC4901E0122179A5840
",2543,NA
completions_gpt4/completion_L_t0.5_47.v,gpt4,L,0.5,47,1,1,0,"4D9C48FCA9024703E66F5A045B4344A3
",2527,302.776323
completions_gpt4/completion_L_t0.5_48.v,gpt4,L,0.5,48,1,1,0,"4385347F2B840A67C8C70EA86DAD0ED0
",2524,156.598272
completions_gpt4/completion_L_t0.5_49.v,gpt4,L,0.5,49,1,1,0,"7453F244E125547176E724CE5373F9B5
",2534,10.616832
completions_gpt4/completion_L_t0.5_50.v,gpt4,L,0.5,50,1,1,0,"B5A5B9350440E6F6E9FC9959408E2563
",2528,183.582720
completions_gpt4/completion_L_t0.5_51.v,gpt4,L,0.5,51,1,1,0,"F95918DA77EAC335B6F36C1C2B3E9E38
",2525,167.215104
completions_gpt4/completion_L_t0.5_52.v,gpt4,L,0.5,52,0,0,0,NA,NA,NA
completions_gpt4/completion_L_t0.5_53.v,gpt4,L,0.5,53,0,0,0,NA,NA,NA
completions_gpt4/completion_L_t0.5_54.v,gpt4,L,0.5,54,1,1,0,"D7176DB018731F7F901EC62217A85840
",2539,56.033280
completions_gpt4/completion_L_t0.5_55.v,gpt4,L,0.5,55,0,0,0,NA,NA,NA
completions_gpt4/completion_L_t0.5_56.v,gpt4,L,0.5,56,1,1,0,"DC176DB018731FD4901E352217A25840
",2548,21.233664
completions_gpt4/completion_L_t0.5_57.v,gpt4,L,0.5,57,1,1,0,"F7176DB018731FC4901E0122179A5840
",2543,5.308416
completions_gpt4/completion_L_t0.5_58.v,gpt4,L,0.5,58,0,0,0,NA,NA,NA
completions_gpt4/completion_L_t0.5_59.v,gpt4,L,0.5,59,1,1,0,"F7176DB018731FC4901E0122179A5840
",2543,NA
completions_gpt4/completion_L_t0.5_60.v,gpt4,L,0.5,60,0,0,0,NA,NA,NA
completions_gpt4/completion_L_t0.5_61.v,gpt4,L,0.5,61,1,1,0,"88176DB018731FBD901EF522177E5840
",2549,12.386304
completions_gpt4/completion_L_t0.5_62.v,gpt4,L,0.5,62,1,1,0,"F7176D7C1873EFC4901E0122179A5840
",2547,10.616832
completions_gpt4/completion_L_t0.5_63.v,gpt4,L,0.5,63,0,0,0,NA,NA,NA
completions_gpt4/completion_L_t0.5_64.v,gpt4,L,0.5,64,1,1,0,"F88AB722D02B97364790A7FBF2B8E712
",2537,80.510976
completions_gpt4/completion_L_t0.5_65.v,gpt4,L,0.5,65,1,1,0,"61837678D795A44B96042EEA1F896021
",2539,56.623104
completions_gpt4/completion_L_t0.5_66.v,gpt4,L,0.5,66,1,1,0,"F7176DB018731FC4901E0122179A5840
",2543,NA
completions_gpt4/completion_L_t0.5_67.v,gpt4,L,0.5,67,1,1,0,"39B3C4A3C480F26055A93F4F255677DD
",2513,82.280448
completions_gpt4/completion_L_t0.5_68.v,gpt4,L,0.5,68,1,1,0,"20395735D94FC33C8F6C5C6960A0C610
",2517,0.000000
completions_gpt4/completion_L_t0.5_69.v,gpt4,L,0.5,69,1,1,0,"4808F26DEC0F95C8C3690C59616CF1D0
",2543,144.654336
completions_gpt4/completion_L_t0.5_70.v,gpt4,L,0.5,70,1,1,0,"3B0CA72135730AA1326684D117C3D685
",2526,70.778880
completions_gpt4/completion_L_t0.5_71.v,gpt4,L,0.5,71,0,0,0,NA,NA,NA
completions_gpt4/completion_L_t0.5_72.v,gpt4,L,0.5,72,1,1,0,"23837CD72B61420B01D5F86907C3E706
",2542,167.215104
completions_gpt4/completion_L_t0.5_73.v,gpt4,L,0.5,73,1,1,0,"4C8A649D08F06C54ECB5C6E6061D955A
",2498,135.462912
completions_gpt4/completion_L_t0.5_74.v,gpt4,L,0.5,74,0,0,0,NA,NA,NA
completions_gpt4/completion_L_t0.5_75.v,gpt4,L,0.5,75,1,1,0,"F7176DB018731FC4901E0122179A5840
",2543,NA
completions_gpt4/completion_L_t0.5_76.v,gpt4,L,0.5,76,0,0,0,NA,NA,NA
completions_gpt4/completion_L_t0.5_77.v,gpt4,L,0.5,77,1,1,0,"253FE54433C4D6714D954ACECCF7BFB5
",2539,42.467328
completions_gpt4/completion_L_t0.5_78.v,gpt4,L,0.5,78,0,0,0,NA,NA,NA
completions_gpt4/completion_L_t0.5_79.v,gpt4,L,0.5,79,0,0,0,NA,NA,NA
completions_gpt4/completion_L_t0.5_80.v,gpt4,L,0.5,80,0,0,0,NA,NA,NA
completions_gpt4/completion_L_t0.5_81.v,gpt4,L,0.5,81,0,0,0,NA,NA,NA
completions_gpt4/completion_L_t0.5_82.v,gpt4,L,0.5,82,1,1,0,"88B68EAA918B4A1250DB481DFB3A6DDB
",2533,0.000000
completions_gpt4/completion_L_t0.5_83.v,gpt4,L,0.5,83,0,0,0,NA,NA,NA
completions_gpt4/completion_L_t0.5_84.v,gpt4,L,0.5,84,1,1,0,"20395735D94FC33C8F6C5C6960A0C610
",2517,0.000000
completions_gpt4/completion_L_t0.5_85.v,gpt4,L,0.5,85,1,1,0,"F7176DB018731FC4901E0122179A5840
",2543,NA
completions_gpt4/completion_L_t0.5_86.v,gpt4,L,0.5,86,0,0,0,NA,NA,NA
completions_gpt4/completion_L_t0.5_87.v,gpt4,L,0.5,87,1,1,0,"9C579F6C96404CA49C47792CFFE13F2D
",2506,42.467328
completions_gpt4/completion_L_t0.5_88.v,gpt4,L,0.5,88,0,0,0,NA,NA,NA
completions_gpt4/completion_L_t0.5_89.v,gpt4,L,0.5,89,1,1,0,"48DBDC6C95E37F40CFB318CDE4CA881C
",2531,178.716672
completions_gpt4/completion_L_t0.5_90.v,gpt4,L,0.5,90,0,0,0,NA,NA,NA
completions_gpt4/completion_L_t0.5_91.v,gpt4,L,0.5,91,0,0,0,NA,NA,NA
completions_gpt4/completion_L_t0.5_92.v,gpt4,L,0.5,92,0,0,0,NA,NA,NA
completions_gpt4/completion_L_t0.5_93.v,gpt4,L,0.5,93,0,0,0,NA,NA,NA
completions_gpt4/completion_L_t0.5_94.v,gpt4,L,0.5,94,1,1,0,"EA176DB018731FCD901E7F2217BB5840
",2532,4.423680
completions_gpt4/completion_L_t0.5_95.v,gpt4,L,0.5,95,1,1,0,"6C5495D2F9B6360AE9505F2B7E595E81
",2536,118.259712
completions_gpt4/completion_L_t0.5_96.v,gpt4,L,0.5,96,0,0,0,NA,NA,NA
completions_gpt4/completion_L_t0.5_97.v,gpt4,L,0.5,97,0,0,0,NA,NA,NA
completions_gpt4/completion_L_t0.5_98.v,gpt4,L,0.5,98,1,1,0,"45ED35FE28BF7235DA8836757A0349F2
",2547,155.713536
completions_gpt4/completion_L_t0.5_99.v,gpt4,L,0.5,99,0,0,0,NA,NA,NA
completions_gpt4/completion_L_t0.7_0.v,gpt4,L,0.7,0,0,0,0,NA,NA,NA
completions_gpt4/completion_L_t0.7_1.v,gpt4,L,0.7,1,0,0,0,NA,NA,NA
completions_gpt4/completion_L_t0.7_2.v,gpt4,L,0.7,2,0,0,0,NA,NA,NA
completions_gpt4/completion_L_t0.7_3.v,gpt4,L,0.7,3,0,0,0,NA,NA,NA
completions_gpt4/completion_L_t0.7_4.v,gpt4,L,0.7,4,0,0,0,NA,NA,NA
completions_gpt4/completion_L_t0.7_5.v,gpt4,L,0.7,5,0,0,0,NA,NA,NA
completions_gpt4/completion_L_t0.7_6.v,gpt4,L,0.7,6,0,0,0,NA,NA,NA
completions_gpt4/completion_L_t0.7_7.v,gpt4,L,0.7,7,0,0,0,NA,NA,NA
completions_gpt4/completion_L_t0.7_8.v,gpt4,L,0.7,8,0,0,0,NA,NA,NA
completions_gpt4/completion_L_t0.7_9.v,gpt4,L,0.7,9,0,0,0,NA,NA,NA
completions_gpt4/completion_L_t0.7_10.v,gpt4,L,0.7,10,1,1,0,"50726BB8B884EE7ABB1A4215B718E063
",2528,261.488649
completions_gpt4/completion_L_t0.7_11.v,gpt4,L,0.7,11,1,1,0,"200B57B7D993CDBE8FB35C0C18C63B27
",2545,21.233664
completions_gpt4/completion_L_t0.7_12.v,gpt4,L,0.7,12,0,0,0,NA,NA,NA
completions_gpt4/completion_L_t0.7_13.v,gpt4,L,0.7,13,0,0,0,NA,NA,NA
completions_gpt4/completion_L_t0.7_14.v,gpt4,L,0.7,14,0,0,0,NA,NA,NA
completions_gpt4/completion_L_t0.7_15.v,gpt4,L,0.7,15,1,1,0,"DF786CAE88B68BB86762A831A5564C90
",2511,56.623104
completions_gpt4/completion_L_t0.7_16.v,gpt4,L,0.7,16,1,0,0,NA,NA,NA
completions_gpt4/completion_L_t0.7_17.v,gpt4,L,0.7,17,0,0,0,NA,NA,NA
completions_gpt4/completion_L_t0.7_18.v,gpt4,L,0.7,18,0,0,0,NA,NA,NA
completions_gpt4/completion_L_t0.7_19.v,gpt4,L,0.7,19,1,1,0,"F7176DB818732EC4901A0122EE9A5840
",2539,42.909696
completions_gpt4/completion_L_t0.7_20.v,gpt4,L,0.7,20,1,1,0,"F7176DF1187370C490180122CA9A5840
",2560,25.657344
completions_gpt4/completion_L_t0.7_21.v,gpt4,L,0.7,21,1,1,0,"56256FCA8256382DEE0B9091C144883D
",2546,221.626368
completions_gpt4/completion_L_t0.7_22.v,gpt4,L,0.7,22,1,1,0,"70A6DDDE87921A9942484826A8F9B851
",2537,107.053056
completions_gpt4/completion_L_t0.7_23.v,gpt4,L,0.7,23,0,0,0,NA,NA,NA
completions_gpt4/completion_L_t0.7_24.v,gpt4,L,0.7,24,1,1,0,"5AA9ABBC5E6DAB5C378DFD2060F6CAC3
",2535,28.311552
completions_gpt4/completion_L_t0.7_25.v,gpt4,L,0.7,25,0,0,0,NA,NA,NA
completions_gpt4/completion_L_t0.7_26.v,gpt4,L,0.7,26,0,0,0,NA,NA,NA
completions_gpt4/completion_L_t0.7_27.v,gpt4,L,0.7,27,0,0,0,NA,NA,NA
completions_gpt4/completion_L_t0.7_28.v,gpt4,L,0.7,28,1,1,0,"F7176D0C187300C490BB0122389A5840
",2555,348.930055
completions_gpt4/completion_L_t0.7_29.v,gpt4,L,0.7,29,0,0,0,NA,NA,NA
completions_gpt4/completion_L_t0.7_30.v,gpt4,L,0.7,30,1,1,0,"7A176DB018731FCE901EA72217845840
",2543,26.099712
completions_gpt4/completion_L_t0.7_31.v,gpt4,L,0.7,31,1,1,0,"F6457913BE884DF1549C1FDCC51B1E9A
",2547,56.623104
completions_gpt4/completion_L_t0.7_32.v,gpt4,L,0.7,32,0,0,0,NA,NA,NA
completions_gpt4/completion_L_t0.7_33.v,gpt4,L,0.7,33,1,1,0,"40FCABB0216D1F4F371E3B4217AC4AC3
",2518,1.327104
completions_gpt4/completion_L_t0.7_34.v,gpt4,L,0.7,34,0,0,0,NA,NA,NA
completions_gpt4/completion_L_t0.7_35.v,gpt4,L,0.7,35,1,1,0,"678376A93DB4AF4FCF9E4C2B6E58CA0B
",2525,49.545216
completions_gpt4/completion_L_t0.7_36.v,gpt4,L,0.7,36,1,1,0,"69F940C12A8ECD9B3B4C1EC16F60ECAE
",2557,42.467328
completions_gpt4/completion_L_t0.7_37.v,gpt4,L,0.7,37,0,0,0,NA,NA,NA
completions_gpt4/completion_L_t0.7_38.v,gpt4,L,0.7,38,0,0,0,NA,NA,NA
completions_gpt4/completion_L_t0.7_39.v,gpt4,L,0.7,39,0,0,0,NA,NA,NA
completions_gpt4/completion_L_t0.7_40.v,gpt4,L,0.7,40,0,0,0,NA,NA,NA
completions_gpt4/completion_L_t0.7_41.v,gpt4,L,0.7,41,1,1,0,"1C0448F8B3D4F970EECC54682CF084F3
",2548,42.467328
completions_gpt4/completion_L_t0.7_42.v,gpt4,L,0.7,42,1,0,0,NA,NA,NA
completions_gpt4/completion_L_t0.7_43.v,gpt4,L,0.7,43,1,1,0,"062F75AAD91EC5A08F54BE8F09BB5615
",2500,21.233664
completions_gpt4/completion_L_t0.7_44.v,gpt4,L,0.7,44,1,0,0,NA,NA,NA
completions_gpt4/completion_L_t0.7_45.v,gpt4,L,0.7,45,0,0,0,NA,NA,NA
completions_gpt4/completion_L_t0.7_46.v,gpt4,L,0.7,46,1,1,0,"F7176D6A18731FC4901E0122049A5840
",2540,30.965760
completions_gpt4/completion_L_t0.7_47.v,gpt4,L,0.7,47,0,0,0,NA,NA,NA
completions_gpt4/completion_L_t0.7_48.v,gpt4,L,0.7,48,1,1,0,"F7176DA718731FC4901E0122179A5840
",2552,0.000000
completions_gpt4/completion_L_t0.7_49.v,gpt4,L,0.7,49,0,0,0,NA,NA,NA
completions_gpt4/completion_L_t0.7_50.v,gpt4,L,0.7,50,0,0,0,NA,NA,NA
completions_gpt4/completion_L_t0.7_51.v,gpt4,L,0.7,51,0,0,0,NA,NA,NA
completions_gpt4/completion_L_t0.7_52.v,gpt4,L,0.7,52,0,0,0,NA,NA,NA
completions_gpt4/completion_L_t0.7_53.v,gpt4,L,0.7,53,1,1,0,"39E615DDE1A6E539D030DA03B32D2BA5
",2539,56.623104
completions_gpt4/completion_L_t0.7_54.v,gpt4,L,0.7,54,0,0,0,NA,NA,NA
completions_gpt4/completion_L_t0.7_55.v,gpt4,L,0.7,55,0,0,0,NA,NA,NA
completions_gpt4/completion_L_t0.7_56.v,gpt4,L,0.7,56,1,1,0,"40395735214FC33C376C5C699DA0C610
",2530,0.000000
completions_gpt4/completion_L_t0.7_57.v,gpt4,L,0.7,57,0,0,0,NA,NA,NA
completions_gpt4/completion_L_t0.7_58.v,gpt4,L,0.7,58,1,1,0,"71915FD52F2BAF385632FA6D4EB48F5C
",2534,157.286402
completions_gpt4/completion_L_t0.7_59.v,gpt4,L,0.7,59,0,0,0,NA,NA,NA
completions_gpt4/completion_L_t0.7_60.v,gpt4,L,0.7,60,0,0,0,NA,NA,NA
completions_gpt4/completion_L_t0.7_61.v,gpt4,L,0.7,61,0,0,0,NA,NA,NA
completions_gpt4/completion_L_t0.7_62.v,gpt4,L,0.7,62,1,1,0,"F7176D7C1873EFC4901E0122179A5840
",2547,7.077888
completions_gpt4/completion_L_t0.7_63.v,gpt4,L,0.7,63,1,1,0,"D1F1908A3E70092C1F7CDC1262EAB38C
",2538,107.200512
completions_gpt4/completion_L_t0.7_64.v,gpt4,L,0.7,64,1,1,0,"F92EBB81694BF2ADDA9BAA3571C74189
",2547,0.000000
completions_gpt4/completion_L_t0.7_65.v,gpt4,L,0.7,65,0,0,0,NA,NA,NA
completions_gpt4/completion_L_t0.7_66.v,gpt4,L,0.7,66,1,1,0,"BD176DB018731FB6901E222217CA5840
",2542,10.616832
completions_gpt4/completion_L_t0.7_67.v,gpt4,L,0.7,67,0,0,0,NA,NA,NA
completions_gpt4/completion_L_t0.7_68.v,gpt4,L,0.7,68,1,1,0,"F7177A75188589C4380601223A9A58FA
",2545,NA
completions_gpt4/completion_L_t0.7_69.v,gpt4,L,0.7,69,1,0,0,NA,NA,NA
completions_gpt4/completion_L_t0.7_70.v,gpt4,L,0.7,70,0,0,0,NA,NA,NA
completions_gpt4/completion_L_t0.7_71.v,gpt4,L,0.7,71,0,0,0,NA,NA,NA
completions_gpt4/completion_L_t0.7_72.v,gpt4,L,0.7,72,1,1,0,"23837CD72B61420B01D5F86907C3E706
",2542,167.215104
completions_gpt4/completion_L_t0.7_73.v,gpt4,L,0.7,73,1,1,0,"4C8A649D08F06C54ECB5C6E6061D955A
",2498,135.462912
completions_gpt4/completion_L_t0.7_74.v,gpt4,L,0.7,74,1,1,0,"40FCABBF216D034F37BB3B4215AC4AC3
",2533,30.965760
completions_gpt4/completion_L_t0.7_75.v,gpt4,L,0.7,75,1,1,0,"1C0448F8B3D4F970EECC54682CF084F3
",2548,42.467328
completions_gpt4/completion_L_t0.7_76.v,gpt4,L,0.7,76,1,1,0,"F7176DB018731FC4901E0122179A5840
",2543,0.000000
completions_gpt4/completion_L_t0.7_77.v,gpt4,L,0.7,77,0,0,0,NA,NA,NA
completions_gpt4/completion_L_t0.7_78.v,gpt4,L,0.7,78,0,0,0,NA,NA,NA
completions_gpt4/completion_L_t0.7_79.v,gpt4,L,0.7,79,1,1,0,"E3CE57A1736503016191FDE3B3AEE51D
",2568,190.070784
completions_gpt4/completion_L_t0.7_80.v,gpt4,L,0.7,80,0,0,0,NA,NA,NA
completions_gpt4/completion_L_t0.7_81.v,gpt4,L,0.7,81,1,1,0,"A0AD80B385530D238AEE9217F0D9D029
",2533,141.557760
completions_gpt4/completion_L_t0.7_82.v,gpt4,L,0.7,82,0,0,0,NA,NA,NA
completions_gpt4/completion_L_t0.7_83.v,gpt4,L,0.7,83,0,0,0,NA,NA,NA
completions_gpt4/completion_L_t0.7_84.v,gpt4,L,0.7,84,0,0,0,NA,NA,NA
completions_gpt4/completion_L_t0.7_85.v,gpt4,L,0.7,85,0,0,0,NA,NA,NA
completions_gpt4/completion_L_t0.7_86.v,gpt4,L,0.7,86,0,0,0,NA,NA,NA
completions_gpt4/completion_L_t0.7_87.v,gpt4,L,0.7,87,0,0,0,NA,NA,NA
completions_gpt4/completion_L_t0.7_88.v,gpt4,L,0.7,88,0,0,0,NA,NA,NA
completions_gpt4/completion_L_t0.7_89.v,gpt4,L,0.7,89,0,0,0,NA,NA,NA
completions_gpt4/completion_L_t0.7_90.v,gpt4,L,0.7,90,0,0,0,NA,NA,NA
completions_gpt4/completion_L_t0.7_91.v,gpt4,L,0.7,91,0,0,0,NA,NA,NA
completions_gpt4/completion_L_t0.7_92.v,gpt4,L,0.7,92,0,0,0,NA,NA,NA
completions_gpt4/completion_L_t0.7_93.v,gpt4,L,0.7,93,0,0,0,NA,NA,NA
completions_gpt4/completion_L_t0.7_94.v,gpt4,L,0.7,94,1,1,0,"F7176DB018731FC4901E0122179A5840
",2543,1.327104
completions_gpt4/completion_L_t0.7_95.v,gpt4,L,0.7,95,0,0,0,NA,NA,NA
completions_gpt4/completion_L_t0.7_96.v,gpt4,L,0.7,96,0,0,0,NA,NA,NA
completions_gpt4/completion_L_t0.7_97.v,gpt4,L,0.7,97,0,0,0,NA,NA,NA
completions_gpt4/completion_L_t0.7_98.v,gpt4,L,0.7,98,1,1,0,"67176DB018731FC4901E0122179A5840
",2542,17.891328
completions_gpt4/completion_L_t0.7_99.v,gpt4,L,0.7,99,1,1,0,"20395735D94FC33C8F6C5C6960A0C610
",2517,0.000000
completions_gpt4/completion_L_t1.0_0.v,gpt4,L,1.0,0,0,0,0,NA,NA,NA
completions_gpt4/completion_L_t1.0_1.v,gpt4,L,1.0,1,0,0,0,NA,NA,NA
completions_gpt4/completion_L_t1.0_2.v,gpt4,L,1.0,2,0,0,0,NA,NA,NA
completions_gpt4/completion_L_t1.0_3.v,gpt4,L,1.0,3,1,1,0,"F717168C18D010C4007F0122019A583E
",2552,70.778880
completions_gpt4/completion_L_t1.0_4.v,gpt4,L,1.0,4,0,0,0,NA,NA,NA
completions_gpt4/completion_L_t1.0_5.v,gpt4,L,1.0,5,0,0,0,NA,NA,NA
completions_gpt4/completion_L_t1.0_6.v,gpt4,L,1.0,6,0,0,0,NA,NA,NA
completions_gpt4/completion_L_t1.0_7.v,gpt4,L,1.0,7,1,1,0,"6FCFA829E0EBC14EE9D141950DDBAC79
",2536,28.311552
completions_gpt4/completion_L_t1.0_8.v,gpt4,L,1.0,8,1,1,0,"D093E254A90F691586B79CB8FA2CC9BB
",2535,302.776323
completions_gpt4/completion_L_t1.0_9.v,gpt4,L,1.0,9,1,1,0,"D7176DB018731F7F901EC62217A85840
",2539,51.314688
completions_gpt4/completion_L_t1.0_10.v,gpt4,L,1.0,10,0,0,0,NA,NA,NA
completions_gpt4/completion_L_t1.0_11.v,gpt4,L,1.0,11,1,1,0,"9F256C81138B5703898E85924322E03A
",2534,192.577536
completions_gpt4/completion_L_t1.0_12.v,gpt4,L,1.0,12,1,1,0,"1D9A917093378E1C6AFD5EE73F30AC0B
",2531,77.856768
completions_gpt4/completion_L_t1.0_13.v,gpt4,L,1.0,13,0,0,0,NA,NA,NA
completions_gpt4/completion_L_t1.0_14.v,gpt4,L,1.0,14,0,0,0,NA,NA,NA
completions_gpt4/completion_L_t1.0_15.v,gpt4,L,1.0,15,1,0,0,NA,NA,NA
completions_gpt4/completion_L_t1.0_16.v,gpt4,L,1.0,16,0,0,0,NA,NA,NA
completions_gpt4/completion_L_t1.0_17.v,gpt4,L,1.0,17,1,1,0,"F7176DB018731FC4901E0122179A5840
",2543,0.000000
completions_gpt4/completion_L_t1.0_18.v,gpt4,L,1.0,18,0,0,0,NA,NA,NA
completions_gpt4/completion_L_t1.0_19.v,gpt4,L,1.0,19,1,1,0,"F7176D01187342C490310122B69A5840
",2549,4.423680
completions_gpt4/completion_L_t1.0_20.v,gpt4,L,1.0,20,0,0,0,NA,NA,NA
completions_gpt4/completion_L_t1.0_21.v,gpt4,L,1.0,21,0,0,0,NA,NA,NA
completions_gpt4/completion_L_t1.0_22.v,gpt4,L,1.0,22,0,0,0,NA,NA,NA
completions_gpt4/completion_L_t1.0_23.v,gpt4,L,1.0,23,0,0,0,NA,NA,NA
completions_gpt4/completion_L_t1.0_24.v,gpt4,L,1.0,24,1,1,0,"D7FC31C8211917B0C25F396DA1D64ACB
",2542,44.236800
completions_gpt4/completion_L_t1.0_25.v,gpt4,L,1.0,25,0,0,0,NA,NA,NA
completions_gpt4/completion_L_t1.0_26.v,gpt4,L,1.0,26,0,0,0,NA,NA,NA
completions_gpt4/completion_L_t1.0_27.v,gpt4,L,1.0,27,0,0,0,NA,NA,NA
completions_gpt4/completion_L_t1.0_28.v,gpt4,L,1.0,28,0,0,0,NA,NA,NA
completions_gpt4/completion_L_t1.0_29.v,gpt4,L,1.0,29,0,0,0,NA,NA,NA
completions_gpt4/completion_L_t1.0_30.v,gpt4,L,1.0,30,0,0,0,NA,NA,NA
completions_gpt4/completion_L_t1.0_31.v,gpt4,L,1.0,31,0,0,0,NA,NA,NA
completions_gpt4/completion_L_t1.0_32.v,gpt4,L,1.0,32,1,1,0,"40E46DB06C731F4F901E3B42174BBC40
",2532,0.000000
completions_gpt4/completion_L_t1.0_33.v,gpt4,L,1.0,33,1,1,0,"A45A2572CF1F3F2F2D4178EFB6CF2BFF
",2553,97.320960
completions_gpt4/completion_L_t1.0_34.v,gpt4,L,1.0,34,0,0,0,NA,NA,NA
completions_gpt4/completion_L_t1.0_35.v,gpt4,L,1.0,35,1,0,0,NA,NA,NA
completions_gpt4/completion_L_t1.0_36.v,gpt4,L,1.0,36,1,0,0,NA,NA,NA
completions_gpt4/completion_L_t1.0_37.v,gpt4,L,1.0,37,0,0,0,NA,NA,NA
completions_gpt4/completion_L_t1.0_38.v,gpt4,L,1.0,38,0,0,0,NA,NA,NA
completions_gpt4/completion_L_t1.0_39.v,gpt4,L,1.0,39,0,0,0,NA,NA,NA
completions_gpt4/completion_L_t1.0_40.v,gpt4,L,1.0,40,0,0,0,NA,NA,NA
completions_gpt4/completion_L_t1.0_41.v,gpt4,L,1.0,41,0,0,0,NA,NA,NA
completions_gpt4/completion_L_t1.0_42.v,gpt4,L,1.0,42,0,0,0,NA,NA,NA
completions_gpt4/completion_L_t1.0_43.v,gpt4,L,1.0,43,0,0,0,NA,NA,NA
completions_gpt4/completion_L_t1.0_44.v,gpt4,L,1.0,44,1,0,0,NA,NA,NA
completions_gpt4/completion_L_t1.0_45.v,gpt4,L,1.0,45,0,0,0,NA,NA,NA
completions_gpt4/completion_L_t1.0_46.v,gpt4,L,1.0,46,0,0,0,NA,NA,NA
completions_gpt4/completion_L_t1.0_47.v,gpt4,L,1.0,47,1,1,0,"40FCAB0C216D7D0837323B359DAC4A2F
",2540,42.467328
completions_gpt4/completion_L_t1.0_48.v,gpt4,L,1.0,48,1,1,0,"F7176DB018731FC4901E0122179A5840
",2543,7.962624
completions_gpt4/completion_L_t1.0_49.v,gpt4,L,1.0,49,1,1,0,"1887EC576F9C33352DAE7CB9288F3515
",2523,35.389440
completions_gpt4/completion_L_t1.0_50.v,gpt4,L,1.0,50,0,0,0,NA,NA,NA
completions_gpt4/completion_L_t1.0_51.v,gpt4,L,1.0,51,0,0,0,NA,NA,NA
completions_gpt4/completion_L_t1.0_52.v,gpt4,L,1.0,52,0,0,0,NA,NA,NA
completions_gpt4/completion_L_t1.0_53.v,gpt4,L,1.0,53,0,0,0,NA,NA,NA
completions_gpt4/completion_L_t1.0_54.v,gpt4,L,1.0,54,0,0,0,NA,NA,NA
completions_gpt4/completion_L_t1.0_55.v,gpt4,L,1.0,55,0,0,0,NA,NA,NA
completions_gpt4/completion_L_t1.0_56.v,gpt4,L,1.0,56,1,0,0,NA,NA,NA
completions_gpt4/completion_L_t1.0_57.v,gpt4,L,1.0,57,0,0,0,NA,NA,NA
completions_gpt4/completion_L_t1.0_58.v,gpt4,L,1.0,58,0,0,0,NA,NA,NA
completions_gpt4/completion_L_t1.0_59.v,gpt4,L,1.0,59,0,0,0,NA,NA,NA
completions_gpt4/completion_L_t1.0_60.v,gpt4,L,1.0,60,0,0,0,NA,NA,NA
completions_gpt4/completion_L_t1.0_61.v,gpt4,L,1.0,61,0,0,0,NA,NA,NA
completions_gpt4/completion_L_t1.0_62.v,gpt4,L,1.0,62,0,0,0,NA,NA,NA
completions_gpt4/completion_L_t1.0_63.v,gpt4,L,1.0,63,0,0,0,NA,NA,NA
completions_gpt4/completion_L_t1.0_64.v,gpt4,L,1.0,64,0,0,0,NA,NA,NA
completions_gpt4/completion_L_t1.0_65.v,gpt4,L,1.0,65,0,0,0,NA,NA,NA
completions_gpt4/completion_L_t1.0_66.v,gpt4,L,1.0,66,0,0,0,NA,NA,NA
completions_gpt4/completion_L_t1.0_67.v,gpt4,L,1.0,67,0,0,0,NA,NA,NA
completions_gpt4/completion_L_t1.0_68.v,gpt4,L,1.0,68,0,0,0,NA,NA,NA
completions_gpt4/completion_L_t1.0_69.v,gpt4,L,1.0,69,0,0,0,NA,NA,NA
completions_gpt4/completion_L_t1.0_70.v,gpt4,L,1.0,70,0,0,0,NA,NA,NA
completions_gpt4/completion_L_t1.0_71.v,gpt4,L,1.0,71,1,1,0,"36E7816BB191F65CB054DA63091A9E5A
",2512,17.989632
completions_gpt4/completion_L_t1.0_72.v,gpt4,L,1.0,72,1,1,0,"F7FCAB27E96D3D669D323B778AAC4AB2
",2525,NA
completions_gpt4/completion_L_t1.0_73.v,gpt4,L,1.0,73,0,0,0,NA,NA,NA
completions_gpt4/completion_L_t1.0_74.v,gpt4,L,1.0,74,1,1,0,"40FCAB9D216D7DB737323B589DAC4A84
",2521,21.233664
completions_gpt4/completion_L_t1.0_75.v,gpt4,L,1.0,75,0,0,0,NA,NA,NA
completions_gpt4/completion_L_t1.0_76.v,gpt4,L,1.0,76,1,0,0,NA,NA,NA
completions_gpt4/completion_L_t1.0_77.v,gpt4,L,1.0,77,0,0,0,NA,NA,NA
completions_gpt4/completion_L_t1.0_78.v,gpt4,L,1.0,78,0,0,0,NA,NA,NA
completions_gpt4/completion_L_t1.0_79.v,gpt4,L,1.0,79,0,0,0,NA,NA,NA
completions_gpt4/completion_L_t1.0_80.v,gpt4,L,1.0,80,0,0,0,NA,NA,NA
completions_gpt4/completion_L_t1.0_81.v,gpt4,L,1.0,81,0,0,0,NA,NA,NA
completions_gpt4/completion_L_t1.0_82.v,gpt4,L,1.0,82,0,0,0,NA,NA,NA
completions_gpt4/completion_L_t1.0_83.v,gpt4,L,1.0,83,0,0,0,NA,NA,NA
completions_gpt4/completion_L_t1.0_84.v,gpt4,L,1.0,84,0,0,0,NA,NA,NA
completions_gpt4/completion_L_t1.0_85.v,gpt4,L,1.0,85,0,0,0,NA,NA,NA
completions_gpt4/completion_L_t1.0_86.v,gpt4,L,1.0,86,1,1,0,"5402DA1FE5CA977EFABF6CF762DE797A
",2532,201.719808
completions_gpt4/completion_L_t1.0_87.v,gpt4,L,1.0,87,0,0,0,NA,NA,NA
completions_gpt4/completion_L_t1.0_88.v,gpt4,L,1.0,88,0,0,0,NA,NA,NA
completions_gpt4/completion_L_t1.0_89.v,gpt4,L,1.0,89,0,0,0,NA,NA,NA
completions_gpt4/completion_L_t1.0_90.v,gpt4,L,1.0,90,0,0,0,NA,NA,NA
completions_gpt4/completion_L_t1.0_91.v,gpt4,L,1.0,91,1,1,0,"D093E254A90F691586B79CB8FA2CC9BB
",2535,302.776323
completions_gpt4/completion_L_t1.0_92.v,gpt4,L,1.0,92,0,0,0,NA,NA,NA
completions_gpt4/completion_L_t1.0_93.v,gpt4,L,1.0,93,0,0,0,NA,NA,NA
completions_gpt4/completion_L_t1.0_94.v,gpt4,L,1.0,94,0,0,0,NA,NA,NA
completions_gpt4/completion_L_t1.0_95.v,gpt4,L,1.0,95,0,0,0,NA,NA,NA
completions_gpt4/completion_L_t1.0_96.v,gpt4,L,1.0,96,0,0,0,NA,NA,NA
completions_gpt4/completion_L_t1.0_97.v,gpt4,L,1.0,97,0,0,0,NA,NA,NA
completions_gpt4/completion_L_t1.0_98.v,gpt4,L,1.0,98,0,0,0,NA,NA,NA
completions_gpt4/completion_L_t1.0_99.v,gpt4,L,1.0,99,0,0,0,NA,NA,NA
completions_gpt4/completion_M_t0.1_0.v,gpt4,M,0.1,0,1,0,0,NA,NA,NA
completions_gpt4/completion_M_t0.1_1.v,gpt4,M,0.1,1,1,1,0,"D2CA5433F65AFC8D4B3C0D8D7CFDB715
",2527,134.479872
completions_gpt4/completion_M_t0.1_2.v,gpt4,M,0.1,2,1,1,0,"9EA1FB202DF05E471023E65611E6D8C8
",2558,152.764416
completions_gpt4/completion_M_t0.1_3.v,gpt4,M,0.1,3,1,1,0,"1C0448F8B3D4F970EECC54682CF084F3
",2548,42.467328
completions_gpt4/completion_M_t0.1_4.v,gpt4,M,0.1,4,1,1,0,"2B4BFD58CC0F72ED9D25442D6880925F
",2532,118.554624
completions_gpt4/completion_M_t0.1_5.v,gpt4,M,0.1,5,1,1,0,"254F1CAF210ED9AAB9E58DBE925125E7
",2543,70.778880
completions_gpt4/completion_M_t0.1_6.v,gpt4,M,0.1,6,1,1,0,"1C0448F8B3D4F970EECC54682CF084F3
",2548,42.467328
completions_gpt4/completion_M_t0.1_7.v,gpt4,M,0.1,7,1,0,0,NA,NA,NA
completions_gpt4/completion_M_t0.1_8.v,gpt4,M,0.1,8,1,0,0,NA,NA,NA
completions_gpt4/completion_M_t0.1_9.v,gpt4,M,0.1,9,1,0,0,NA,NA,NA
completions_gpt4/completion_M_t0.1_10.v,gpt4,M,0.1,10,1,1,0,"4D286B35A4EF913CBAEC6169ED276910
",2539,42.467328
completions_gpt4/completion_M_t0.1_11.v,gpt4,M,0.1,11,1,0,0,NA,NA,NA
completions_gpt4/completion_M_t0.1_12.v,gpt4,M,0.1,12,1,1,0,"9EA1FB202DF05E471023E65611E6D8C8
",2558,152.764416
completions_gpt4/completion_M_t0.1_13.v,gpt4,M,0.1,13,1,0,0,NA,NA,NA
completions_gpt4/completion_M_t0.1_14.v,gpt4,M,0.1,14,1,1,0,"4D286B35A4EF913CBAEC6169ED276910
",2539,42.467328
completions_gpt4/completion_M_t0.1_15.v,gpt4,M,0.1,15,1,0,0,NA,NA,NA
completions_gpt4/completion_M_t0.1_16.v,gpt4,M,0.1,16,1,1,0,"2F25F52D080DEFAA774D9AD8C19BB8E6
",2550,42.467328
completions_gpt4/completion_M_t0.1_17.v,gpt4,M,0.1,17,1,1,0,"14EF41D3EF4405D9D6D9114FC8CE57DD
",2538,31.850496
completions_gpt4/completion_M_t0.1_18.v,gpt4,M,0.1,18,1,1,0,"4D286B35A4EF913CBAEC6169ED276910
",2539,42.467328
completions_gpt4/completion_M_t0.1_19.v,gpt4,M,0.1,19,1,1,0,"1C0448F8B3D4F970EECC54682CF084F3
",2548,42.467328
completions_gpt4/completion_M_t0.1_20.v,gpt4,M,0.1,20,1,0,0,NA,NA,NA
completions_gpt4/completion_M_t0.1_21.v,gpt4,M,0.1,21,1,1,0,"9EA1FB202DF05E471023E65611E6D8C8
",2558,152.764416
completions_gpt4/completion_M_t0.1_22.v,gpt4,M,0.1,22,1,1,0,"F7176DB018731FC4901E0122179A5840
",2543,NA
completions_gpt4/completion_M_t0.1_23.v,gpt4,M,0.1,23,1,1,0,"AE4A73097D84766010AF0CB5E42841F7
",2512,99.090432
completions_gpt4/completion_M_t0.1_24.v,gpt4,M,0.1,24,1,1,0,"9EA1FB202DF05E471023E65611E6D8C8
",2558,152.764416
completions_gpt4/completion_M_t0.1_25.v,gpt4,M,0.1,25,1,0,0,NA,NA,NA
completions_gpt4/completion_M_t0.1_26.v,gpt4,M,0.1,26,1,1,0,"1C0448F8B3D4F970EECC54682CF084F3
",2548,42.467328
completions_gpt4/completion_M_t0.1_27.v,gpt4,M,0.1,27,1,0,0,NA,NA,NA
completions_gpt4/completion_M_t0.1_28.v,gpt4,M,0.1,28,1,0,0,NA,NA,NA
completions_gpt4/completion_M_t0.1_29.v,gpt4,M,0.1,29,1,0,0,NA,NA,NA
completions_gpt4/completion_M_t0.1_30.v,gpt4,M,0.1,30,1,0,0,NA,NA,NA
completions_gpt4/completion_M_t0.1_31.v,gpt4,M,0.1,31,1,1,0,"ACA5B358ED3CE6EDEC4E8E8B49C9D65D
",2529,127.401984
completions_gpt4/completion_M_t0.1_32.v,gpt4,M,0.1,32,1,0,0,NA,NA,NA
completions_gpt4/completion_M_t0.1_33.v,gpt4,M,0.1,33,1,1,0,"A79BB8DE25BDEBB57FF2384A810EA431
",2557,152.174592
completions_gpt4/completion_M_t0.1_34.v,gpt4,M,0.1,34,1,1,0,"1C0448F8B3D4F970EECC54682CF084F3
",2548,42.467328
completions_gpt4/completion_M_t0.1_35.v,gpt4,M,0.1,35,1,0,0,NA,NA,NA
completions_gpt4/completion_M_t0.1_36.v,gpt4,M,0.1,36,1,1,0,"1C0448F8B3D4F970EECC54682CF084F3
",2548,42.467328
completions_gpt4/completion_M_t0.1_37.v,gpt4,M,0.1,37,1,0,0,NA,NA,NA
completions_gpt4/completion_M_t0.1_38.v,gpt4,M,0.1,38,1,0,0,NA,NA,NA
completions_gpt4/completion_M_t0.1_39.v,gpt4,M,0.1,39,1,0,0,NA,NA,NA
completions_gpt4/completion_M_t0.1_40.v,gpt4,M,0.1,40,1,0,0,NA,NA,NA
completions_gpt4/completion_M_t0.1_41.v,gpt4,M,0.1,41,1,1,0,"ACA5B358ED3CE6EDEC4E8E8B49C9D65D
",2529,127.401984
completions_gpt4/completion_M_t0.1_42.v,gpt4,M,0.1,42,1,0,0,NA,NA,NA
completions_gpt4/completion_M_t0.1_43.v,gpt4,M,0.1,43,1,0,0,NA,NA,NA
completions_gpt4/completion_M_t0.1_44.v,gpt4,M,0.1,44,1,0,0,NA,NA,NA
completions_gpt4/completion_M_t0.1_45.v,gpt4,M,0.1,45,1,0,0,NA,NA,NA
completions_gpt4/completion_M_t0.1_46.v,gpt4,M,0.1,46,1,0,0,NA,NA,NA
completions_gpt4/completion_M_t0.1_47.v,gpt4,M,0.1,47,1,1,0,"1DDB8477078F56AACC5B8575AB826182
",2540,116.785152
completions_gpt4/completion_M_t0.1_48.v,gpt4,M,0.1,48,1,1,0,"1C0448F8B3D4F970EECC54682CF084F3
",2548,42.467328
completions_gpt4/completion_M_t0.1_49.v,gpt4,M,0.1,49,1,1,0,"1C0448F8B3D4F970EECC54682CF084F3
",2548,42.467328
completions_gpt4/completion_M_t0.1_50.v,gpt4,M,0.1,50,1,1,0,"4D286B35A4EF913CBAEC6169ED276910
",2539,42.467328
completions_gpt4/completion_M_t0.1_51.v,gpt4,M,0.1,51,1,1,0,"1C0448F8B3D4F970EECC54682CF084F3
",2548,42.467328
completions_gpt4/completion_M_t0.1_52.v,gpt4,M,0.1,52,1,1,0,"F7176DB018731FC4901E0122179A5840
",2543,NA
completions_gpt4/completion_M_t0.1_53.v,gpt4,M,0.1,53,1,1,0,"9EA1FB202DF05E471023E65611E6D8C8
",2558,152.764416
completions_gpt4/completion_M_t0.1_54.v,gpt4,M,0.1,54,1,1,0,"1C0448F8B3D4F970EECC54682CF084F3
",2548,42.467328
completions_gpt4/completion_M_t0.1_55.v,gpt4,M,0.1,55,1,0,0,NA,NA,NA
completions_gpt4/completion_M_t0.1_56.v,gpt4,M,0.1,56,1,0,0,NA,NA,NA
completions_gpt4/completion_M_t0.1_57.v,gpt4,M,0.1,57,1,1,0,"C325EC20A0D6E0D5389A7227C04B9C66
",2539,145.096704
completions_gpt4/completion_M_t0.1_58.v,gpt4,M,0.1,58,1,0,0,NA,NA,NA
completions_gpt4/completion_M_t0.1_59.v,gpt4,M,0.1,59,1,1,0,"15CC3DF0E52FE577A00C23AA3323ADDC
",2531,169.869312
completions_gpt4/completion_M_t0.1_60.v,gpt4,M,0.1,60,0,0,0,NA,NA,NA
completions_gpt4/completion_M_t0.1_61.v,gpt4,M,0.1,61,1,1,0,"1C0448F8B3D4F970EECC54682CF084F3
",2548,42.467328
completions_gpt4/completion_M_t0.1_62.v,gpt4,M,0.1,62,1,1,0,"1C0448F8B3D4F970EECC54682CF084F3
",2548,42.467328
completions_gpt4/completion_M_t0.1_63.v,gpt4,M,0.1,63,1,0,0,NA,NA,NA
completions_gpt4/completion_M_t0.1_64.v,gpt4,M,0.1,64,1,1,0,"14EF41D3EF4405D9D6D9114FC8CE57DD
",2538,31.850496
completions_gpt4/completion_M_t0.1_65.v,gpt4,M,0.1,65,1,1,0,"ACA5B358ED3CE6EDEC4E8E8B49C9D65D
",2529,127.401984
completions_gpt4/completion_M_t0.1_66.v,gpt4,M,0.1,66,1,1,0,"9EA1FB202DF05E471023E65611E6D8C8
",2558,152.764416
completions_gpt4/completion_M_t0.1_67.v,gpt4,M,0.1,67,1,1,0,"1C0448F8B3D4F970EECC54682CF084F3
",2548,42.467328
completions_gpt4/completion_M_t0.1_68.v,gpt4,M,0.1,68,1,1,0,"9EA1FB202DF05E471023E65611E6D8C8
",2558,152.764416
completions_gpt4/completion_M_t0.1_69.v,gpt4,M,0.1,69,1,1,0,"1C0448F8B3D4F970EECC54682CF084F3
",2548,42.467328
completions_gpt4/completion_M_t0.1_70.v,gpt4,M,0.1,70,0,0,0,NA,NA,NA
completions_gpt4/completion_M_t0.1_71.v,gpt4,M,0.1,71,1,1,0,"74C867DEDE509F9A9B253F0C94E2F668
",2521,97.320960
completions_gpt4/completion_M_t0.1_72.v,gpt4,M,0.1,72,1,1,0,"2482FB50C0A9B137E6B0E15A33713345
",2565,151.584768
completions_gpt4/completion_M_t0.1_73.v,gpt4,M,0.1,73,1,1,0,"E941069F6A52FDCA6CB3542F10214D78
",2543,141.557760
completions_gpt4/completion_M_t0.1_74.v,gpt4,M,0.1,74,1,0,0,NA,NA,NA
completions_gpt4/completion_M_t0.1_75.v,gpt4,M,0.1,75,1,1,0,"C66A407CA76E7F7FAFAE56697A6C6099
",2518,28.311552
completions_gpt4/completion_M_t0.1_76.v,gpt4,M,0.1,76,1,1,0,"46CB9769129758CD42ACDB0FB455401E
",2515,138.018816
completions_gpt4/completion_M_t0.1_77.v,gpt4,M,0.1,77,1,1,0,"06454DA430B08308EF158E53C807F1B1
",2546,56.623104
completions_gpt4/completion_M_t0.1_78.v,gpt4,M,0.1,78,1,1,0,"1B87B192A642FF8F7BA5DB2F91840F0B
",2514,42.467328
completions_gpt4/completion_M_t0.1_79.v,gpt4,M,0.1,79,1,1,0,"1DDB8477078F56AACC5B8575AB826182
",2540,116.785152
completions_gpt4/completion_M_t0.1_80.v,gpt4,M,0.1,80,1,0,0,NA,NA,NA
completions_gpt4/completion_M_t0.1_81.v,gpt4,M,0.1,81,1,1,0,"1DDB8477078F56AACC5B8575AB826182
",2540,116.785152
completions_gpt4/completion_M_t0.1_82.v,gpt4,M,0.1,82,1,1,0,"A79BB8DE25BDEBB57FF2384A810EA431
",2557,152.174592
completions_gpt4/completion_M_t0.1_83.v,gpt4,M,0.1,83,1,0,0,NA,NA,NA
completions_gpt4/completion_M_t0.1_84.v,gpt4,M,0.1,84,1,1,0,"56256FCA8256382DEE0B9091C144883D
",2546,566.231041
completions_gpt4/completion_M_t0.1_85.v,gpt4,M,0.1,85,1,1,0,"33869D60251319B96263D327BE8C74BB
",2556,145.096704
completions_gpt4/completion_M_t0.1_86.v,gpt4,M,0.1,86,1,0,0,NA,NA,NA
completions_gpt4/completion_M_t0.1_87.v,gpt4,M,0.1,87,1,0,0,NA,NA,NA
completions_gpt4/completion_M_t0.1_88.v,gpt4,M,0.1,88,1,1,0,"1C0448F8B3D4F970EECC54682CF084F3
",2548,42.467328
completions_gpt4/completion_M_t0.1_89.v,gpt4,M,0.1,89,1,1,0,"1C0448F8B3D4F970EECC54682CF084F3
",2548,42.467328
completions_gpt4/completion_M_t0.1_90.v,gpt4,M,0.1,90,1,0,0,NA,NA,NA
completions_gpt4/completion_M_t0.1_91.v,gpt4,M,0.1,91,1,0,0,NA,NA,NA
completions_gpt4/completion_M_t0.1_92.v,gpt4,M,0.1,92,1,1,0,"F7176DB018731FC4901E0122179A5840
",2543,NA
completions_gpt4/completion_M_t0.1_93.v,gpt4,M,0.1,93,1,1,0,"14EF41D3EF4405D9D6D9114FC8CE57DD
",2538,31.850496
completions_gpt4/completion_M_t0.1_94.v,gpt4,M,0.1,94,1,0,0,NA,NA,NA
completions_gpt4/completion_M_t0.1_95.v,gpt4,M,0.1,95,1,0,0,NA,NA,NA
completions_gpt4/completion_M_t0.1_96.v,gpt4,M,0.1,96,1,1,0,"C66A407CA76E7F7FAFAE56697A6C6099
",2518,28.311552
completions_gpt4/completion_M_t0.1_97.v,gpt4,M,0.1,97,1,0,0,NA,NA,NA
completions_gpt4/completion_M_t0.1_98.v,gpt4,M,0.1,98,1,0,0,NA,NA,NA
completions_gpt4/completion_M_t0.1_99.v,gpt4,M,0.1,99,1,1,0,"1C0448F8B3D4F970EECC54682CF084F3
",2548,42.467328
completions_gpt4/completion_M_t0.3_0.v,gpt4,M,0.3,0,1,0,0,NA,NA,NA
completions_gpt4/completion_M_t0.3_1.v,gpt4,M,0.3,1,1,1,0,"9FE1015290E20C84B5FBD192ED7FD05B
",2526,116.785152
completions_gpt4/completion_M_t0.3_2.v,gpt4,M,0.3,2,1,1,0,"F7176DB3187353C490920122DF9A5840
",2540,40.697856
completions_gpt4/completion_M_t0.3_3.v,gpt4,M,0.3,3,1,1,0,"2F25F52D080DEFAA774D9AD8C19BB8E6
",2550,42.467328
completions_gpt4/completion_M_t0.3_4.v,gpt4,M,0.3,4,1,1,0,"9F256C81138B5703898E85924322E03A
",2534,191.102976
completions_gpt4/completion_M_t0.3_5.v,gpt4,M,0.3,5,1,1,0,"8A2EEF4B66F9E901A1A8DC5E70987EE7
",2549,154.533888
completions_gpt4/completion_M_t0.3_6.v,gpt4,M,0.3,6,1,1,0,"1C0448F8B3D4F970EECC54682CF084F3
",2548,42.467328
completions_gpt4/completion_M_t0.3_7.v,gpt4,M,0.3,7,1,1,0,"1C0448F8B3D4F970EECC54682CF084F3
",2548,42.467328
completions_gpt4/completion_M_t0.3_8.v,gpt4,M,0.3,8,1,1,0,"9EA1FB202DF05E471023E65611E6D8C8
",2558,152.764416
completions_gpt4/completion_M_t0.3_9.v,gpt4,M,0.3,9,1,0,0,NA,NA,NA
completions_gpt4/completion_M_t0.3_10.v,gpt4,M,0.3,10,1,1,0,"1C0448F8B3D4F970EECC54682CF084F3
",2548,42.467328
completions_gpt4/completion_M_t0.3_11.v,gpt4,M,0.3,11,1,1,0,"F7176DC718731FE1901E01FB179A5825
",2532,169.869312
completions_gpt4/completion_M_t0.3_12.v,gpt4,M,0.3,12,0,0,0,NA,NA,NA
completions_gpt4/completion_M_t0.3_13.v,gpt4,M,0.3,13,1,1,0,"1C0448F8B3D4F970EECC54682CF084F3
",2548,42.467328
completions_gpt4/completion_M_t0.3_14.v,gpt4,M,0.3,14,1,1,0,"F7176D68187334C490F20122289A5840
",2536,38.043648
completions_gpt4/completion_M_t0.3_15.v,gpt4,M,0.3,15,1,1,0,"301B8BF58F2E7189F5EF33F151F1034E
",2507,172.670976
completions_gpt4/completion_M_t0.3_16.v,gpt4,M,0.3,16,1,1,0,"9EA1FB202DF05E471023E65611E6D8C8
",2558,152.764416
completions_gpt4/completion_M_t0.3_17.v,gpt4,M,0.3,17,1,1,0,"17704BD4FB0F2E287BAD7728763EA55F
",2559,35.389440
completions_gpt4/completion_M_t0.3_18.v,gpt4,M,0.3,18,1,1,0,"E95738779B0540F358A9E34F9D1ED223
",2540,829.538321
completions_gpt4/completion_M_t0.3_19.v,gpt4,M,0.3,19,1,0,0,NA,NA,NA
completions_gpt4/completion_M_t0.3_20.v,gpt4,M,0.3,20,1,1,0,"F7176DB018731FC4901E0122179A5840
",2543,NA
completions_gpt4/completion_M_t0.3_21.v,gpt4,M,0.3,21,1,1,0,"1C0448F8B3D4F970EECC54682CF084F3
",2548,42.467328
completions_gpt4/completion_M_t0.3_22.v,gpt4,M,0.3,22,1,0,0,NA,NA,NA
completions_gpt4/completion_M_t0.3_23.v,gpt4,M,0.3,23,1,1,0,"40FCABB0216D1F4F371E3B4217AC4AC3
",2518,NA
completions_gpt4/completion_M_t0.3_24.v,gpt4,M,0.3,24,1,1,0,"C183981EE7D440DE39FFE9E4FC3621CA
",2548,31.850496
completions_gpt4/completion_M_t0.3_25.v,gpt4,M,0.3,25,1,1,0,"7EC8CEA931FC7DA58E32362B9D3597DD
",2545,42.467328
completions_gpt4/completion_M_t0.3_26.v,gpt4,M,0.3,26,1,1,0,"33869D60251319B96263D327BE8C74BB
",2556,145.096704
completions_gpt4/completion_M_t0.3_27.v,gpt4,M,0.3,27,0,0,0,NA,NA,NA
completions_gpt4/completion_M_t0.3_28.v,gpt4,M,0.3,28,1,1,0,"3332C73B5A589B886F65E2AB38B01667
",2540,97.320960
completions_gpt4/completion_M_t0.3_29.v,gpt4,M,0.3,29,1,1,0,"1C0448F8B3D4F970EECC54682CF084F3
",2548,42.467328
completions_gpt4/completion_M_t0.3_30.v,gpt4,M,0.3,30,0,0,0,NA,NA,NA
completions_gpt4/completion_M_t0.3_31.v,gpt4,M,0.3,31,0,0,0,NA,NA,NA
completions_gpt4/completion_M_t0.3_32.v,gpt4,M,0.3,32,1,0,0,NA,NA,NA
completions_gpt4/completion_M_t0.3_33.v,gpt4,M,0.3,33,1,1,0,"1C0448F8B3D4F970EECC54682CF084F3
",2548,42.467328
completions_gpt4/completion_M_t0.3_34.v,gpt4,M,0.3,34,1,1,0,"E941069F6A52FDCA6CB3542F10214D78
",2543,141.557760
completions_gpt4/completion_M_t0.3_35.v,gpt4,M,0.3,35,0,0,0,NA,NA,NA
completions_gpt4/completion_M_t0.3_36.v,gpt4,M,0.3,36,1,1,0,"C325EC20A0D6E0D5389A7227C04B9C66
",2539,145.096704
completions_gpt4/completion_M_t0.3_37.v,gpt4,M,0.3,37,0,0,0,NA,NA,NA
completions_gpt4/completion_M_t0.3_38.v,gpt4,M,0.3,38,1,1,0,"E7994BBABA607B49D8C4C826202BF9D6
",2536,113.246208
completions_gpt4/completion_M_t0.3_39.v,gpt4,M,0.3,39,1,1,0,"4D286B35A4EF913CBAEC6169ED276910
",2539,42.467328
completions_gpt4/completion_M_t0.3_40.v,gpt4,M,0.3,40,1,1,0,"8F25CC262387FCDA1B904A10BDA1FA7E
",2542,42.467328
completions_gpt4/completion_M_t0.3_41.v,gpt4,M,0.3,41,1,1,0,"3FAC285D27D1326FF348071A062E140F
",2533,101.007360
completions_gpt4/completion_M_t0.3_42.v,gpt4,M,0.3,42,1,1,0,"1C0448F8B3D4F970EECC54682CF084F3
",2548,42.467328
completions_gpt4/completion_M_t0.3_43.v,gpt4,M,0.3,43,1,1,0,"1C0448F8B3D4F970EECC54682CF084F3
",2548,42.467328
completions_gpt4/completion_M_t0.3_44.v,gpt4,M,0.3,44,0,0,0,NA,NA,NA
completions_gpt4/completion_M_t0.3_45.v,gpt4,M,0.3,45,1,1,0,"1C0448F8B3D4F970EECC54682CF084F3
",2548,42.467328
completions_gpt4/completion_M_t0.3_46.v,gpt4,M,0.3,46,1,1,0,"1C0448F8B3D4F970EECC54682CF084F3
",2548,42.467328
completions_gpt4/completion_M_t0.3_47.v,gpt4,M,0.3,47,0,0,0,NA,NA,NA
completions_gpt4/completion_M_t0.3_48.v,gpt4,M,0.3,48,0,0,0,NA,NA,NA
completions_gpt4/completion_M_t0.3_49.v,gpt4,M,0.3,49,1,1,0,"129F9DA8C57086567B028835BDB6DADF
",2528,37.158912
completions_gpt4/completion_M_t0.3_50.v,gpt4,M,0.3,50,1,1,0,"1C0448F8B3D4F970EECC54682CF084F3
",2548,42.467328
completions_gpt4/completion_M_t0.3_51.v,gpt4,M,0.3,51,1,1,0,"40229F90EABC2B7E41D19FC0AAD66D2C
",2512,153.944064
completions_gpt4/completion_M_t0.3_52.v,gpt4,M,0.3,52,1,0,0,NA,NA,NA
completions_gpt4/completion_M_t0.3_53.v,gpt4,M,0.3,53,1,0,0,NA,NA,NA
completions_gpt4/completion_M_t0.3_54.v,gpt4,M,0.3,54,1,1,0,"A7EBD42454E938BA3B88E36F675E612E
",2522,113.246208
completions_gpt4/completion_M_t0.3_55.v,gpt4,M,0.3,55,0,0,0,NA,NA,NA
completions_gpt4/completion_M_t0.3_56.v,gpt4,M,0.3,56,0,0,0,NA,NA,NA
completions_gpt4/completion_M_t0.3_57.v,gpt4,M,0.3,57,0,0,0,NA,NA,NA
completions_gpt4/completion_M_t0.3_58.v,gpt4,M,0.3,58,1,1,0,"1C0448F8B3D4F970EECC54682CF084F3
",2548,42.467328
completions_gpt4/completion_M_t0.3_59.v,gpt4,M,0.3,59,0,0,0,NA,NA,NA
completions_gpt4/completion_M_t0.3_60.v,gpt4,M,0.3,60,1,0,0,NA,NA,NA
completions_gpt4/completion_M_t0.3_61.v,gpt4,M,0.3,61,1,1,0,"970A376E09CFB23E0EB5014148E6DC1A
",2518,7.077888
completions_gpt4/completion_M_t0.3_62.v,gpt4,M,0.3,62,1,0,0,NA,NA,NA
completions_gpt4/completion_M_t0.3_63.v,gpt4,M,0.3,63,1,1,0,"1DDB8477078F56AACC5B8575AB826182
",2540,116.785152
completions_gpt4/completion_M_t0.3_64.v,gpt4,M,0.3,64,1,1,0,"1C0448F8B3D4F970EECC54682CF084F3
",2548,42.467328
completions_gpt4/completion_M_t0.3_65.v,gpt4,M,0.3,65,1,1,0,"40FCC5E3219A1CE637EE3BF289AC4ADB
",2534,32.882689
completions_gpt4/completion_M_t0.3_66.v,gpt4,M,0.3,66,0,0,0,NA,NA,NA
completions_gpt4/completion_M_t0.3_67.v,gpt4,M,0.3,67,1,1,0,"4C79C60927B6E1B24FA0F17372119148
",2539,113.246208
completions_gpt4/completion_M_t0.3_68.v,gpt4,M,0.3,68,0,0,0,NA,NA,NA
completions_gpt4/completion_M_t0.3_69.v,gpt4,M,0.3,69,1,1,0,"589C864B68E55629BB09E306890185DA
",2535,113.246208
completions_gpt4/completion_M_t0.3_70.v,gpt4,M,0.3,70,1,1,0,"1579F4E7CC5D6A1D05FEC7C276DFF9EB
",2529,145.096704
completions_gpt4/completion_M_t0.3_71.v,gpt4,M,0.3,71,1,0,0,NA,NA,NA
completions_gpt4/completion_M_t0.3_72.v,gpt4,M,0.3,72,0,0,0,NA,NA,NA
completions_gpt4/completion_M_t0.3_73.v,gpt4,M,0.3,73,1,1,0,"1C0448F8B3D4F970EECC54682CF084F3
",2548,42.467328
completions_gpt4/completion_M_t0.3_74.v,gpt4,M,0.3,74,1,1,0,"9D2476A92955274617DA438F392FDD17
",2516,151.584768
completions_gpt4/completion_M_t0.3_75.v,gpt4,M,0.3,75,1,1,0,"05F578D875E86100DA7E041E40441A71
",2532,114.130944
completions_gpt4/completion_M_t0.3_76.v,gpt4,M,0.3,76,1,1,0,"1C0448F8B3D4F970EECC54682CF084F3
",2548,42.467328
completions_gpt4/completion_M_t0.3_77.v,gpt4,M,0.3,77,1,0,0,NA,NA,NA
completions_gpt4/completion_M_t0.3_78.v,gpt4,M,0.3,78,0,0,0,NA,NA,NA
completions_gpt4/completion_M_t0.3_79.v,gpt4,M,0.3,79,1,1,0,"E812B683D0A11F8FD0BC370149F91E7D
",2530,145.096704
completions_gpt4/completion_M_t0.3_80.v,gpt4,M,0.3,80,0,0,0,NA,NA,NA
completions_gpt4/completion_M_t0.3_81.v,gpt4,M,0.3,81,1,1,0,"BC13172582A96DAA3FB747A523F371BB
",2541,30.965760
completions_gpt4/completion_M_t0.3_82.v,gpt4,M,0.3,82,1,1,0,"40FCABA9216D3D5C37323BB89DACBCEC
",2510,86.310913
completions_gpt4/completion_M_t0.3_83.v,gpt4,M,0.3,83,1,0,0,NA,NA,NA
completions_gpt4/completion_M_t0.3_84.v,gpt4,M,0.3,84,0,0,0,NA,NA,NA
completions_gpt4/completion_M_t0.3_85.v,gpt4,M,0.3,85,1,1,0,"1C0448F8B3D4F970EECC54682CF084F3
",2548,42.467328
completions_gpt4/completion_M_t0.3_86.v,gpt4,M,0.3,86,1,0,0,NA,NA,NA
completions_gpt4/completion_M_t0.3_87.v,gpt4,M,0.3,87,1,1,0,"1C0448F8B3D4F970EECC54682CF084F3
",2548,42.467328
completions_gpt4/completion_M_t0.3_88.v,gpt4,M,0.3,88,1,1,0,"40FCABA9216D3D5C37323BB89DACBCEC
",2510,86.310913
completions_gpt4/completion_M_t0.3_89.v,gpt4,M,0.3,89,1,1,0,"9EA1FB202DF05E471023E65611E6D8C8
",2558,152.764416
completions_gpt4/completion_M_t0.3_90.v,gpt4,M,0.3,90,0,0,0,NA,NA,NA
completions_gpt4/completion_M_t0.3_91.v,gpt4,M,0.3,91,1,1,0,"1C0448F8B3D4F970EECC54682CF084F3
",2548,42.467328
completions_gpt4/completion_M_t0.3_92.v,gpt4,M,0.3,92,0,0,0,NA,NA,NA
completions_gpt4/completion_M_t0.3_93.v,gpt4,M,0.3,93,1,0,0,NA,NA,NA
completions_gpt4/completion_M_t0.3_94.v,gpt4,M,0.3,94,1,1,0,"1DDB8477078F56AACC5B8575AB826182
",2540,116.785152
completions_gpt4/completion_M_t0.3_95.v,gpt4,M,0.3,95,1,1,0,"F7176D511873FCC490A30122499A5840
",2537,35.389440
completions_gpt4/completion_M_t0.3_96.v,gpt4,M,0.3,96,1,1,0,"1C0448F8B3D4F970EECC54682CF084F3
",2548,42.467328
completions_gpt4/completion_M_t0.3_97.v,gpt4,M,0.3,97,1,1,0,"E557FDF81CC9D6F841E7B88DEE541C93
",2547,191.102976
completions_gpt4/completion_M_t0.3_98.v,gpt4,M,0.3,98,1,1,0,"1C0448F8B3D4F970EECC54682CF084F3
",2548,42.467328
completions_gpt4/completion_M_t0.3_99.v,gpt4,M,0.3,99,1,0,0,NA,NA,NA
completions_gpt4/completion_M_t0.5_0.v,gpt4,M,0.5,0,0,0,0,NA,NA,NA
completions_gpt4/completion_M_t0.5_1.v,gpt4,M,0.5,1,1,1,0,"56256FCA8256382DEE0B9091C144883D
",2546,191.102976
completions_gpt4/completion_M_t0.5_2.v,gpt4,M,0.5,2,1,1,0,"6C35FC106117A6B47DBA7D9DD738D2B3
",2541,302.776323
completions_gpt4/completion_M_t0.5_3.v,gpt4,M,0.5,3,0,0,0,NA,NA,NA
completions_gpt4/completion_M_t0.5_4.v,gpt4,M,0.5,4,0,0,0,NA,NA,NA
completions_gpt4/completion_M_t0.5_5.v,gpt4,M,0.5,5,1,0,0,NA,NA,NA
completions_gpt4/completion_M_t0.5_6.v,gpt4,M,0.5,6,1,0,0,NA,NA,NA
completions_gpt4/completion_M_t0.5_7.v,gpt4,M,0.5,7,1,1,0,"9E430D8ADF8DF211191CF012AE232F44
",2555,60.162048
completions_gpt4/completion_M_t0.5_8.v,gpt4,M,0.5,8,1,0,0,NA,NA,NA
completions_gpt4/completion_M_t0.5_9.v,gpt4,M,0.5,9,1,1,0,"1C2998D7C711141A02C9AFFF8B4475EE
",2519,84.934656
completions_gpt4/completion_M_t0.5_10.v,gpt4,M,0.5,10,1,1,0,"F7176DB018731FC4901E0122179A5840
",2525,NA
completions_gpt4/completion_M_t0.5_11.v,gpt4,M,0.5,11,0,0,0,NA,NA,NA
completions_gpt4/completion_M_t0.5_12.v,gpt4,M,0.5,12,1,1,0,"1C0448F8B3D4F970EECC54682CF084F3
",2548,42.467328
completions_gpt4/completion_M_t0.5_13.v,gpt4,M,0.5,13,1,1,0,"5111385F51B6176F8870D712DFE4A8F3
",2537,42.467328
completions_gpt4/completion_M_t0.5_14.v,gpt4,M,0.5,14,0,0,0,NA,NA,NA
completions_gpt4/completion_M_t0.5_15.v,gpt4,M,0.5,15,1,1,0,"40FCA3F5216D946037323B4F9DAC7CD8
",2520,86.310913
completions_gpt4/completion_M_t0.5_16.v,gpt4,M,0.5,16,1,1,0,"7A292536B8835628CA944D309DC81079
",2537,92.012544
completions_gpt4/completion_M_t0.5_17.v,gpt4,M,0.5,17,0,0,0,NA,NA,NA
completions_gpt4/completion_M_t0.5_18.v,gpt4,M,0.5,18,0,0,0,NA,NA,NA
completions_gpt4/completion_M_t0.5_19.v,gpt4,M,0.5,19,1,1,0,"F7176DB018731FC4901E0122179A5840
",2543,NA
completions_gpt4/completion_M_t0.5_20.v,gpt4,M,0.5,20,1,1,0,"BD6D09FB70C545AE8AD6BEFB5FF3D803
",2551,149.815296
completions_gpt4/completion_M_t0.5_21.v,gpt4,M,0.5,21,1,1,0,"72AF0CDC3C49169DEDC69B2064E01444
",2530,145.096704
completions_gpt4/completion_M_t0.5_22.v,gpt4,M,0.5,22,0,0,0,NA,NA,NA
completions_gpt4/completion_M_t0.5_23.v,gpt4,M,0.5,23,1,1,0,"9E430D8ADF8DF211191CF012AE232F44
",2555,60.162048
completions_gpt4/completion_M_t0.5_24.v,gpt4,M,0.5,24,0,0,0,NA,NA,NA
completions_gpt4/completion_M_t0.5_25.v,gpt4,M,0.5,25,1,0,0,NA,NA,NA
completions_gpt4/completion_M_t0.5_26.v,gpt4,M,0.5,26,1,1,0,"ACF2C092C9244878AE51428A7A7C19D6
",2543,169.869312
completions_gpt4/completion_M_t0.5_27.v,gpt4,M,0.5,27,1,1,0,"F7176DB018731FC4901E0122179A5840
",2543,NA
completions_gpt4/completion_M_t0.5_28.v,gpt4,M,0.5,28,1,1,0,"9EA1FB202DF05E471023E65611E6D8C8
",2558,152.764416
completions_gpt4/completion_M_t0.5_29.v,gpt4,M,0.5,29,1,0,0,NA,NA,NA
completions_gpt4/completion_M_t0.5_30.v,gpt4,M,0.5,30,1,1,0,"F7176DAC1873EEC4903901228E9A5840
",2552,10.616832
completions_gpt4/completion_M_t0.5_31.v,gpt4,M,0.5,31,1,1,0,"F7176DB018731FC4901E0122179A5840
",2543,NA
completions_gpt4/completion_M_t0.5_32.v,gpt4,M,0.5,32,0,0,0,NA,NA,NA
completions_gpt4/completion_M_t0.5_33.v,gpt4,M,0.5,33,1,1,0,"9EA1FB202DF05E471023E65611E6D8C8
",2558,152.764416
completions_gpt4/completion_M_t0.5_34.v,gpt4,M,0.5,34,1,1,0,"F7176DA81873D2C4901B0122DF9A5840
",2553,30.965760
completions_gpt4/completion_M_t0.5_35.v,gpt4,M,0.5,35,1,1,0,"E941069F6A52FDCA6CB3542F10214D78
",2543,141.557760
completions_gpt4/completion_M_t0.5_36.v,gpt4,M,0.5,36,1,1,0,"F7176DB018731FC4901E0122179A5840
",2543,NA
completions_gpt4/completion_M_t0.5_37.v,gpt4,M,0.5,37,1,1,0,"2098577AD980F0D18F845C00283A7BB7
",2551,35.389440
completions_gpt4/completion_M_t0.5_38.v,gpt4,M,0.5,38,1,1,0,"F7176DB018731FC4901E0122179A5840
",2543,0.000000
completions_gpt4/completion_M_t0.5_39.v,gpt4,M,0.5,39,1,1,0,"F7176DB018731FC4901E0122179A5840
",2543,0.000000
completions_gpt4/completion_M_t0.5_40.v,gpt4,M,0.5,40,1,1,0,"F7176DE518731F03901E0128179A58E5
",2532,42.467328
completions_gpt4/completion_M_t0.5_41.v,gpt4,M,0.5,41,1,1,0,"A30596A66D7925FAEB1BC9EEE997EC61
",2557,32.735232
completions_gpt4/completion_M_t0.5_42.v,gpt4,M,0.5,42,1,1,0,"1EE425911DA509CD3B23C3C2CB25EC68
",2518,34.996225
completions_gpt4/completion_M_t0.5_43.v,gpt4,M,0.5,43,0,0,0,NA,NA,NA
completions_gpt4/completion_M_t0.5_44.v,gpt4,M,0.5,44,1,1,0,"D093E254A90F691586B79CB8FA2CC9BB
",2535,302.776323
completions_gpt4/completion_M_t0.5_45.v,gpt4,M,0.5,45,1,0,0,NA,NA,NA
completions_gpt4/completion_M_t0.5_46.v,gpt4,M,0.5,46,1,1,0,"D3DE638EF1FF57D3A4E21AFF6520C221
",2513,215.580673
completions_gpt4/completion_M_t0.5_47.v,gpt4,M,0.5,47,1,1,0,"40FCABB0216D1F4F371E3B4217AC4AC3
",2518,NA
completions_gpt4/completion_M_t0.5_48.v,gpt4,M,0.5,48,1,0,0,NA,NA,NA
completions_gpt4/completion_M_t0.5_49.v,gpt4,M,0.5,49,1,1,0,"D093E254A90F691586B79CB8FA2CC9BB
",2535,302.776323
completions_gpt4/completion_M_t0.5_50.v,gpt4,M,0.5,50,0,0,0,NA,NA,NA
completions_gpt4/completion_M_t0.5_51.v,gpt4,M,0.5,51,1,1,0,"3DD53C9C2415AD00EB565D4BDB45D396
",2550,70.778880
completions_gpt4/completion_M_t0.5_52.v,gpt4,M,0.5,52,1,0,0,NA,NA,NA
completions_gpt4/completion_M_t0.5_53.v,gpt4,M,0.5,53,1,1,0,"40FCDE81210316BE37E959669DAC4AC0
",2534,32.882689
completions_gpt4/completion_M_t0.5_54.v,gpt4,M,0.5,54,0,0,0,NA,NA,NA
completions_gpt4/completion_M_t0.5_55.v,gpt4,M,0.5,55,1,1,0,"58CDCCEBFC4A818178D4261F2C7E3780
",2546,111.034368
completions_gpt4/completion_M_t0.5_56.v,gpt4,M,0.5,56,1,1,0,"1C0448F8B3D4F970EECC54682CF084F3
",2548,42.467328
completions_gpt4/completion_M_t0.5_57.v,gpt4,M,0.5,57,0,0,0,NA,NA,NA
completions_gpt4/completion_M_t0.5_58.v,gpt4,M,0.5,58,0,0,0,NA,NA,NA
completions_gpt4/completion_M_t0.5_59.v,gpt4,M,0.5,59,0,0,0,NA,NA,NA
completions_gpt4/completion_M_t0.5_60.v,gpt4,M,0.5,60,0,0,0,NA,NA,NA
completions_gpt4/completion_M_t0.5_61.v,gpt4,M,0.5,61,0,0,0,NA,NA,NA
completions_gpt4/completion_M_t0.5_62.v,gpt4,M,0.5,62,1,1,0,"1C0448F8B3D4F970EECC54682CF084F3
",2548,42.467328
completions_gpt4/completion_M_t0.5_63.v,gpt4,M,0.5,63,1,1,0,"5111385F51B6176F8870D712DFE4A8F3
",2537,42.467328
completions_gpt4/completion_M_t0.5_64.v,gpt4,M,0.5,64,1,1,0,"1C0448F8B3D4F970EECC54682CF084F3
",2548,42.467328
completions_gpt4/completion_M_t0.5_65.v,gpt4,M,0.5,65,0,0,0,NA,NA,NA
completions_gpt4/completion_M_t0.5_66.v,gpt4,M,0.5,66,0,0,0,NA,NA,NA
completions_gpt4/completion_M_t0.5_67.v,gpt4,M,0.5,67,1,1,0,"6283C4DA1B7617352014B21C9790D438
",2546,173.850624
completions_gpt4/completion_M_t0.5_68.v,gpt4,M,0.5,68,1,1,0,"40FCC5E3219A1CE637EE3BF289AC4ADB
",2534,32.882689
completions_gpt4/completion_M_t0.5_69.v,gpt4,M,0.5,69,0,0,0,NA,NA,NA
completions_gpt4/completion_M_t0.5_70.v,gpt4,M,0.5,70,1,1,0,"40FCABFB216D7D0C37323BD29DAC4A07
",2534,14.155776
completions_gpt4/completion_M_t0.5_71.v,gpt4,M,0.5,71,1,1,0,"D093E254A90F691586B79CB8FA2CC9BB
",2535,302.776323
completions_gpt4/completion_M_t0.5_72.v,gpt4,M,0.5,72,0,0,0,NA,NA,NA
completions_gpt4/completion_M_t0.5_73.v,gpt4,M,0.5,73,1,1,0,"40FCABA9216D3D5C37323BB89DACBCEC
",2510,86.310913
completions_gpt4/completion_M_t0.5_74.v,gpt4,M,0.5,74,1,0,0,NA,NA,NA
completions_gpt4/completion_M_t0.5_75.v,gpt4,M,0.5,75,1,1,0,"2580651C33F415394D21BA82CCBFB51E
",2544,10.616832
completions_gpt4/completion_M_t0.5_76.v,gpt4,M,0.5,76,1,1,0,"B5B4943129DC51300737775CC6D92753
",2508,42.467328
completions_gpt4/completion_M_t0.5_77.v,gpt4,M,0.5,77,1,1,0,"1C0448F8B3D4F970EECC54682CF084F3
",2548,42.467328
completions_gpt4/completion_M_t0.5_78.v,gpt4,M,0.5,78,0,0,0,NA,NA,NA
completions_gpt4/completion_M_t0.5_79.v,gpt4,M,0.5,79,1,0,0,NA,NA,NA
completions_gpt4/completion_M_t0.5_80.v,gpt4,M,0.5,80,1,1,0,"A86414F40224065942AAF56CD27FD397
",2531,138.018816
completions_gpt4/completion_M_t0.5_81.v,gpt4,M,0.5,81,1,1,0,"F7176DB018731FC4901E0122179A5840
",2543,NA
completions_gpt4/completion_M_t0.5_82.v,gpt4,M,0.5,82,1,1,0,"1C0448F8B3D4F970EECC54682CF084F3
",2548,42.467328
completions_gpt4/completion_M_t0.5_83.v,gpt4,M,0.5,83,0,0,0,NA,NA,NA
completions_gpt4/completion_M_t0.5_84.v,gpt4,M,0.5,84,1,1,0,"F7176DB018731FC4901E0122179A5840
",2543,0.000000
completions_gpt4/completion_M_t0.5_85.v,gpt4,M,0.5,85,1,1,0,"40FC467C21030FBE37BA5966A2AC4AC0
",2533,32.882689
completions_gpt4/completion_M_t0.5_86.v,gpt4,M,0.5,86,0,0,0,NA,NA,NA
completions_gpt4/completion_M_t0.5_87.v,gpt4,M,0.5,87,1,0,0,NA,NA,NA
completions_gpt4/completion_M_t0.5_88.v,gpt4,M,0.5,88,0,0,0,NA,NA,NA
completions_gpt4/completion_M_t0.5_89.v,gpt4,M,0.5,89,1,1,0,"1C0448F8B3D4F970EECC54682CF084F3
",2548,42.467328
completions_gpt4/completion_M_t0.5_90.v,gpt4,M,0.5,90,1,1,0,"5803456FFDE430394D27915B84A31A7D
",2539,56.623104
completions_gpt4/completion_M_t0.5_91.v,gpt4,M,0.5,91,1,1,0,"1C0448F8B3D4F970EECC54682CF084F3
",2548,42.467328
completions_gpt4/completion_M_t0.5_92.v,gpt4,M,0.5,92,1,1,0,"D093E254A90F691586B79CB8FA2CC9BB
",2535,302.776323
completions_gpt4/completion_M_t0.5_93.v,gpt4,M,0.5,93,1,1,0,"1C0448F8B3D4F970EECC54682CF084F3
",2548,42.467328
completions_gpt4/completion_M_t0.5_94.v,gpt4,M,0.5,94,1,1,0,"38E1A9248415895A418A88EBC38A119E
",2546,169.869312
completions_gpt4/completion_M_t0.5_95.v,gpt4,M,0.5,95,1,1,0,"F7176DB018731FC4901E0122179A5840
",2543,NA
completions_gpt4/completion_M_t0.5_96.v,gpt4,M,0.5,96,1,1,0,"AD3AEAD663D54C2302A3EA952358BC6B
",2541,127.401984
completions_gpt4/completion_M_t0.5_97.v,gpt4,M,0.5,97,0,0,0,NA,NA,NA
completions_gpt4/completion_M_t0.5_98.v,gpt4,M,0.5,98,1,1,0,"4D9C48FCA9024703E66F5A045B4344A3
",2527,302.776323
completions_gpt4/completion_M_t0.5_99.v,gpt4,M,0.5,99,1,1,0,"56256FCA8256382DEE0B9091C144883D
",2546,221.626368
completions_gpt4/completion_M_t0.7_0.v,gpt4,M,0.7,0,0,0,0,NA,NA,NA
completions_gpt4/completion_M_t0.7_1.v,gpt4,M,0.7,1,0,0,0,NA,NA,NA
completions_gpt4/completion_M_t0.7_2.v,gpt4,M,0.7,2,0,0,0,NA,NA,NA
completions_gpt4/completion_M_t0.7_3.v,gpt4,M,0.7,3,0,0,0,NA,NA,NA
completions_gpt4/completion_M_t0.7_4.v,gpt4,M,0.7,4,0,0,0,NA,NA,NA
completions_gpt4/completion_M_t0.7_5.v,gpt4,M,0.7,5,1,1,0,"2B4BFD58CC0F72ED9D25442D6880925F
",2532,118.554624
completions_gpt4/completion_M_t0.7_6.v,gpt4,M,0.7,6,1,1,0,"204536150F8D58111F98C02B28464B0B
",2547,0.000000
completions_gpt4/completion_M_t0.7_7.v,gpt4,M,0.7,7,0,0,0,NA,NA,NA
completions_gpt4/completion_M_t0.7_8.v,gpt4,M,0.7,8,1,1,0,"5AB94F8F43C317DED93E24717CD4EF35
",2522,42.467328
completions_gpt4/completion_M_t0.7_9.v,gpt4,M,0.7,9,1,1,0,"AF1AD6203F68B80E66FFAA1D49A991F1
",2515,118.996992
completions_gpt4/completion_M_t0.7_10.v,gpt4,M,0.7,10,1,1,0,"D093E254A90F691586B79CB8FA2CC9BB
",2535,302.776323
completions_gpt4/completion_M_t0.7_11.v,gpt4,M,0.7,11,0,0,0,NA,NA,NA
completions_gpt4/completion_M_t0.7_12.v,gpt4,M,0.7,12,0,0,0,NA,NA,NA
completions_gpt4/completion_M_t0.7_13.v,gpt4,M,0.7,13,1,1,0,"940C0B4E51F513CE33B96B91E5414368
",2542,228.114432
completions_gpt4/completion_M_t0.7_14.v,gpt4,M,0.7,14,0,0,0,NA,NA,NA
completions_gpt4/completion_M_t0.7_15.v,gpt4,M,0.7,15,1,1,0,"40FC095A216D59AC3732CB9D9DACBCD2
",2515,64.733185
completions_gpt4/completion_M_t0.7_16.v,gpt4,M,0.7,16,0,0,0,NA,NA,NA
completions_gpt4/completion_M_t0.7_17.v,gpt4,M,0.7,17,0,0,0,NA,NA,NA
completions_gpt4/completion_M_t0.7_18.v,gpt4,M,0.7,18,1,1,0,"253FE54433C4D6714D954ACECCF7BFB5
",2539,42.467328
completions_gpt4/completion_M_t0.7_19.v,gpt4,M,0.7,19,1,1,0,"1C0448F8B3D4F970EECC54682CF084F3
",2548,42.467328
completions_gpt4/completion_M_t0.7_20.v,gpt4,M,0.7,20,1,0,0,NA,NA,NA
completions_gpt4/completion_M_t0.7_21.v,gpt4,M,0.7,21,1,0,0,NA,NA,NA
completions_gpt4/completion_M_t0.7_22.v,gpt4,M,0.7,22,0,0,0,NA,NA,NA
completions_gpt4/completion_M_t0.7_23.v,gpt4,M,0.7,23,0,0,0,NA,NA,NA
completions_gpt4/completion_M_t0.7_24.v,gpt4,M,0.7,24,0,0,0,NA,NA,NA
completions_gpt4/completion_M_t0.7_25.v,gpt4,M,0.7,25,0,0,0,NA,NA,NA
completions_gpt4/completion_M_t0.7_26.v,gpt4,M,0.7,26,1,1,0,"FA60544B9FC59BBE8F03DCE449B9754E
",2534,169.869312
completions_gpt4/completion_M_t0.7_27.v,gpt4,M,0.7,27,1,1,0,"E941069F6A52FDCA6CB3542F10214D78
",2543,141.557760
completions_gpt4/completion_M_t0.7_28.v,gpt4,M,0.7,28,1,1,0,"03E1DF7E5166BB8CCC231A5746D1512F
",2552,35.389440
completions_gpt4/completion_M_t0.7_29.v,gpt4,M,0.7,29,1,1,0,"01DCADB72F62922B83725670A3316D2A
",2520,164.560896
completions_gpt4/completion_M_t0.7_30.v,gpt4,M,0.7,30,0,0,0,NA,NA,NA
completions_gpt4/completion_M_t0.7_31.v,gpt4,M,0.7,31,0,0,0,NA,NA,NA
completions_gpt4/completion_M_t0.7_32.v,gpt4,M,0.7,32,0,0,0,NA,NA,NA
completions_gpt4/completion_M_t0.7_33.v,gpt4,M,0.7,33,0,0,0,NA,NA,NA
completions_gpt4/completion_M_t0.7_34.v,gpt4,M,0.7,34,1,1,0,"40FCABA9216D3D5C37323BB89DACBCEC
",2510,86.310913
completions_gpt4/completion_M_t0.7_35.v,gpt4,M,0.7,35,0,0,0,NA,NA,NA
completions_gpt4/completion_M_t0.7_36.v,gpt4,M,0.7,36,0,0,0,NA,NA,NA
completions_gpt4/completion_M_t0.7_37.v,gpt4,M,0.7,37,1,1,0,"20B85787D92F77B58F665C4D9AB715B5
",2544,38.191104
completions_gpt4/completion_M_t0.7_38.v,gpt4,M,0.7,38,1,1,0,"B4197CDC7D12C7B5B7A558BD9EB36076
",2554,111.476736
completions_gpt4/completion_M_t0.7_39.v,gpt4,M,0.7,39,1,1,0,"40FCABB0216D7DC437323B229DAC4A40
",2540,0.000000
completions_gpt4/completion_M_t0.7_40.v,gpt4,M,0.7,40,1,1,0,"9F256C81138B5703898E85924322E03A
",2534,191.102976
completions_gpt4/completion_M_t0.7_41.v,gpt4,M,0.7,41,1,1,0,"5D5D7AE99AD639E4FF2F73E63B4FB6FB
",2533,113.246208
completions_gpt4/completion_M_t0.7_42.v,gpt4,M,0.7,42,0,0,0,NA,NA,NA
completions_gpt4/completion_M_t0.7_43.v,gpt4,M,0.7,43,0,0,0,NA,NA,NA
completions_gpt4/completion_M_t0.7_44.v,gpt4,M,0.7,44,0,0,0,NA,NA,NA
completions_gpt4/completion_M_t0.7_45.v,gpt4,M,0.7,45,1,0,0,NA,NA,NA
completions_gpt4/completion_M_t0.7_46.v,gpt4,M,0.7,46,1,1,0,"39AE918070F35B450359D0729E5FE49F
",2514,65.470464
completions_gpt4/completion_M_t0.7_47.v,gpt4,M,0.7,47,1,1,0,"A79BB8DE25BDEBB57FF2384A810EA431
",2557,136.691712
completions_gpt4/completion_M_t0.7_48.v,gpt4,M,0.7,48,1,1,0,"C58F240347B4F13F884144B685438954
",2523,17.694720
completions_gpt4/completion_M_t0.7_49.v,gpt4,M,0.7,49,0,0,0,NA,NA,NA
completions_gpt4/completion_M_t0.7_50.v,gpt4,M,0.7,50,0,0,0,NA,NA,NA
completions_gpt4/completion_M_t0.7_51.v,gpt4,M,0.7,51,1,1,0,"1C0448F8B3D4F970EECC54682CF084F3
",2548,42.467328
completions_gpt4/completion_M_t0.7_52.v,gpt4,M,0.7,52,1,0,0,NA,NA,NA
completions_gpt4/completion_M_t0.7_53.v,gpt4,M,0.7,53,1,1,0,"65E6C84B6C227D4CB9FC05F1270683D7
",2542,123.863040
completions_gpt4/completion_M_t0.7_54.v,gpt4,M,0.7,54,0,0,0,NA,NA,NA
completions_gpt4/completion_M_t0.7_55.v,gpt4,M,0.7,55,0,0,0,NA,NA,NA
completions_gpt4/completion_M_t0.7_56.v,gpt4,M,0.7,56,0,0,0,NA,NA,NA
completions_gpt4/completion_M_t0.7_57.v,gpt4,M,0.7,57,0,0,0,NA,NA,NA
completions_gpt4/completion_M_t0.7_58.v,gpt4,M,0.7,58,1,1,0,"40FCAB2B216D634F371A3B42A3AC4AC3
",2538,63.307778
completions_gpt4/completion_M_t0.7_59.v,gpt4,M,0.7,59,1,1,0,"5813E6E25A18CD1C3501B8CF0B9F6562
",2537,81.395712
completions_gpt4/completion_M_t0.7_60.v,gpt4,M,0.7,60,0,0,0,NA,NA,NA
completions_gpt4/completion_M_t0.7_61.v,gpt4,M,0.7,61,1,1,0,"F7176D54187346C490B10122839A5840
",2556,35.831808
completions_gpt4/completion_M_t0.7_62.v,gpt4,M,0.7,62,1,1,0,"1C0448F8B3D4F970EECC54682CF084F3
",2548,42.467328
completions_gpt4/completion_M_t0.7_63.v,gpt4,M,0.7,63,1,1,0,"15B434D27B8BCD1ADC55F2774D455BB1
",2517,146.866176
completions_gpt4/completion_M_t0.7_64.v,gpt4,M,0.7,64,0,0,0,NA,NA,NA
completions_gpt4/completion_M_t0.7_65.v,gpt4,M,0.7,65,1,1,0,"2FBE668DFD99718D1CC211FBA3724D08
",2553,119.439360
completions_gpt4/completion_M_t0.7_66.v,gpt4,M,0.7,66,0,0,0,NA,NA,NA
completions_gpt4/completion_M_t0.7_67.v,gpt4,M,0.7,67,1,1,0,"831A2AAAFFC013AD7A18FBBE1F6E6704
",2531,191.102976
completions_gpt4/completion_M_t0.7_68.v,gpt4,M,0.7,68,0,0,0,NA,NA,NA
completions_gpt4/completion_M_t0.7_69.v,gpt4,M,0.7,69,1,1,0,"40360B99654848DB685BC64E339CD7EE
",2529,112.803840
completions_gpt4/completion_M_t0.7_70.v,gpt4,M,0.7,70,0,0,0,NA,NA,NA
completions_gpt4/completion_M_t0.7_71.v,gpt4,M,0.7,71,0,0,0,NA,NA,NA
completions_gpt4/completion_M_t0.7_72.v,gpt4,M,0.7,72,0,0,0,NA,NA,NA
completions_gpt4/completion_M_t0.7_73.v,gpt4,M,0.7,73,1,1,0,"F7176DB018731FC4901E0122179A5840
",2543,0.000000
completions_gpt4/completion_M_t0.7_74.v,gpt4,M,0.7,74,1,0,0,NA,NA,NA
completions_gpt4/completion_M_t0.7_75.v,gpt4,M,0.7,75,1,1,0,"207F5780D9DBC3138F845CB36050C681
",2508,0.000000
completions_gpt4/completion_M_t0.7_76.v,gpt4,M,0.7,76,0,0,0,NA,NA,NA
completions_gpt4/completion_M_t0.7_77.v,gpt4,M,0.7,77,1,1,0,"2A87C87E2AA0BABA94D071F58A42C31A
",2561,302.776323
completions_gpt4/completion_M_t0.7_78.v,gpt4,M,0.7,78,0,0,0,NA,NA,NA
completions_gpt4/completion_M_t0.7_79.v,gpt4,M,0.7,79,1,1,0,"F7176DB018731FC4901E0122179A5840
",2543,0.000000
completions_gpt4/completion_M_t0.7_80.v,gpt4,M,0.7,80,0,0,0,NA,NA,NA
completions_gpt4/completion_M_t0.7_81.v,gpt4,M,0.7,81,1,1,0,"20396DB0D94F1FC48F6C012260A05840
",2547,0.000000
completions_gpt4/completion_M_t0.7_82.v,gpt4,M,0.7,82,1,1,0,"59D7F8B87A08A6EBE25FDE240344BDFE
",2541,204.816384
completions_gpt4/completion_M_t0.7_83.v,gpt4,M,0.7,83,0,0,0,NA,NA,NA
completions_gpt4/completion_M_t0.7_84.v,gpt4,M,0.7,84,0,0,0,NA,NA,NA
completions_gpt4/completion_M_t0.7_85.v,gpt4,M,0.7,85,1,1,0,"AFB9FE052EBC4D1F18A3F9314B5D842C
",2535,141.557760
completions_gpt4/completion_M_t0.7_86.v,gpt4,M,0.7,86,0,0,0,NA,NA,NA
completions_gpt4/completion_M_t0.7_87.v,gpt4,M,0.7,87,0,0,0,NA,NA,NA
completions_gpt4/completion_M_t0.7_88.v,gpt4,M,0.7,88,0,0,0,NA,NA,NA
completions_gpt4/completion_M_t0.7_89.v,gpt4,M,0.7,89,1,1,0,"40FCA38F216D599937323BBB9DACBCCB
",2512,40.697856
completions_gpt4/completion_M_t0.7_90.v,gpt4,M,0.7,90,0,0,0,NA,NA,NA
completions_gpt4/completion_M_t0.7_91.v,gpt4,M,0.7,91,1,1,0,"1C0448F8B3D4F970EECC54682CF084F3
",2548,42.467328
completions_gpt4/completion_M_t0.7_92.v,gpt4,M,0.7,92,0,0,0,NA,NA,NA
completions_gpt4/completion_M_t0.7_93.v,gpt4,M,0.7,93,1,0,0,NA,NA,NA
completions_gpt4/completion_M_t0.7_94.v,gpt4,M,0.7,94,1,1,0,"F7176DB018731FC4901E0122179A5840
",2543,NA
completions_gpt4/completion_M_t0.7_95.v,gpt4,M,0.7,95,1,1,0,"1C0448F8B3D4F970EECC54682CF084F3
",2548,42.467328
completions_gpt4/completion_M_t0.7_96.v,gpt4,M,0.7,96,1,1,0,"53B998126761CDB17AA7DFAB738DC666
",2544,293.437444
completions_gpt4/completion_M_t0.7_97.v,gpt4,M,0.7,97,0,0,0,NA,NA,NA
completions_gpt4/completion_M_t0.7_98.v,gpt4,M,0.7,98,1,1,0,"FAD12506885C57340845BDEADAFA4C88
",2539,84.934656
completions_gpt4/completion_M_t0.7_99.v,gpt4,M,0.7,99,1,1,0,"C4560A338A159D7CB2F8A7E7E9847C94
",2538,290.045953
completions_gpt4/completion_M_t1.0_0.v,gpt4,M,1.0,0,0,0,0,NA,NA,NA
completions_gpt4/completion_M_t1.0_1.v,gpt4,M,1.0,1,0,0,0,NA,NA,NA
completions_gpt4/completion_M_t1.0_2.v,gpt4,M,1.0,2,0,0,0,NA,NA,NA
completions_gpt4/completion_M_t1.0_3.v,gpt4,M,1.0,3,0,0,0,NA,NA,NA
completions_gpt4/completion_M_t1.0_4.v,gpt4,M,1.0,4,1,1,0,"1C0448F8B3D4F970EECC54682CF084F3
",2548,42.467328
completions_gpt4/completion_M_t1.0_5.v,gpt4,M,1.0,5,0,0,0,NA,NA,NA
completions_gpt4/completion_M_t1.0_6.v,gpt4,M,1.0,6,1,1,0,"40FCAB67216D874F37203B4265AC4AC3
",2524,17.694720
completions_gpt4/completion_M_t1.0_7.v,gpt4,M,1.0,7,1,0,0,NA,NA,NA
completions_gpt4/completion_M_t1.0_8.v,gpt4,M,1.0,8,1,1,0,"5357A188BA478114FEA5CA76453DD5A2
",2541,70.778880
completions_gpt4/completion_M_t1.0_9.v,gpt4,M,1.0,9,1,1,0,"6F7ECD9C69A2A2C5C9EF77368021D347
",2528,96.436224
completions_gpt4/completion_M_t1.0_10.v,gpt4,M,1.0,10,1,1,0,"3FF7262EADEC95BDE7DB1EF99709FCE4
",2553,47.775744
completions_gpt4/completion_M_t1.0_11.v,gpt4,M,1.0,11,1,1,0,"CCE9025715A3426E8F97B4D0C18267B0
",2527,0.000000
completions_gpt4/completion_M_t1.0_12.v,gpt4,M,1.0,12,1,1,0,"09B5789F12BFF9B4FB7A1F0A04183056
",2537,14.155776
completions_gpt4/completion_M_t1.0_13.v,gpt4,M,1.0,13,0,0,0,NA,NA,NA
completions_gpt4/completion_M_t1.0_14.v,gpt4,M,1.0,14,1,1,0,"5D4BDA7AA0DCC2C382F34047782E31D4
",2522,75.694081
completions_gpt4/completion_M_t1.0_15.v,gpt4,M,1.0,15,0,0,0,NA,NA,NA
completions_gpt4/completion_M_t1.0_16.v,gpt4,M,1.0,16,0,0,0,NA,NA,NA
completions_gpt4/completion_M_t1.0_17.v,gpt4,M,1.0,17,1,1,0,"D093E254A90F691586B79CB8FA2CC9BB
",2535,302.776323
completions_gpt4/completion_M_t1.0_18.v,gpt4,M,1.0,18,1,1,0,"1C0448F8B3D4F970EECC54682CF084F3
",2548,42.467328
completions_gpt4/completion_M_t1.0_19.v,gpt4,M,1.0,19,0,0,0,NA,NA,NA
completions_gpt4/completion_M_t1.0_20.v,gpt4,M,1.0,20,0,0,0,NA,NA,NA
completions_gpt4/completion_M_t1.0_21.v,gpt4,M,1.0,21,1,1,0,"572A4DA5FF9187D7A2C918E858B0A088
",2573,189.038592
completions_gpt4/completion_M_t1.0_22.v,gpt4,M,1.0,22,0,0,0,NA,NA,NA
completions_gpt4/completion_M_t1.0_23.v,gpt4,M,1.0,23,0,0,0,NA,NA,NA
completions_gpt4/completion_M_t1.0_24.v,gpt4,M,1.0,24,1,1,0,"40FCAB90216D154F378C3B42FDAC4AC3
",2550,42.024960
completions_gpt4/completion_M_t1.0_25.v,gpt4,M,1.0,25,1,0,0,NA,NA,NA
completions_gpt4/completion_M_t1.0_26.v,gpt4,M,1.0,26,1,1,0,"8983AC18EB5F16C514DB0CB05416ECC5
",2519,56.623104
completions_gpt4/completion_M_t1.0_27.v,gpt4,M,1.0,27,1,0,0,NA,NA,NA
completions_gpt4/completion_M_t1.0_28.v,gpt4,M,1.0,28,1,0,0,NA,NA,NA
completions_gpt4/completion_M_t1.0_29.v,gpt4,M,1.0,29,1,1,0,"40FCAB08216D7D4337323BC99DAC4A24
",2543,536.739844
completions_gpt4/completion_M_t1.0_30.v,gpt4,M,1.0,30,0,0,0,NA,NA,NA
completions_gpt4/completion_M_t1.0_31.v,gpt4,M,1.0,31,0,0,0,NA,NA,NA
completions_gpt4/completion_M_t1.0_32.v,gpt4,M,1.0,32,0,0,0,NA,NA,NA
completions_gpt4/completion_M_t1.0_33.v,gpt4,M,1.0,33,1,1,0,"E9594A57D2874EAEA03C0B3E984799DA
",2515,34.996225
completions_gpt4/completion_M_t1.0_34.v,gpt4,M,1.0,34,1,1,0,"F7176D99187341C490890122809A5840
",2543,65.028096
completions_gpt4/completion_M_t1.0_35.v,gpt4,M,1.0,35,0,0,0,NA,NA,NA
completions_gpt4/completion_M_t1.0_36.v,gpt4,M,1.0,36,1,0,0,NA,NA,NA
completions_gpt4/completion_M_t1.0_37.v,gpt4,M,1.0,37,1,1,0,"40FCABB0216D1F4F371E3B4217AC4A97
",2526,NA
completions_gpt4/completion_M_t1.0_38.v,gpt4,M,1.0,38,0,0,0,NA,NA,NA
completions_gpt4/completion_M_t1.0_39.v,gpt4,M,1.0,39,1,1,0,"F7176DB018731FC4901E0122179A5840
",2543,NA
completions_gpt4/completion_M_t1.0_40.v,gpt4,M,1.0,40,0,0,0,NA,NA,NA
completions_gpt4/completion_M_t1.0_41.v,gpt4,M,1.0,41,1,1,0,"40FCABB2216DB14F37B43B42CDAC4AC3
",2531,40.697856
completions_gpt4/completion_M_t1.0_42.v,gpt4,M,1.0,42,1,1,0,"5EF2D8CAFF9339CCCB13163EA37AB139
",2524,141.557760
completions_gpt4/completion_M_t1.0_43.v,gpt4,M,1.0,43,1,1,0,"275A977742856961A2B31E753E27A952
",2545,71.221248
completions_gpt4/completion_M_t1.0_44.v,gpt4,M,1.0,44,1,0,0,NA,NA,NA
completions_gpt4/completion_M_t1.0_45.v,gpt4,M,1.0,45,0,0,0,NA,NA,NA
completions_gpt4/completion_M_t1.0_46.v,gpt4,M,1.0,46,1,1,0,"D093E254A90F691586B79CB8FA2CC9BB
",2535,302.776323
completions_gpt4/completion_M_t1.0_47.v,gpt4,M,1.0,47,1,0,0,NA,NA,NA
completions_gpt4/completion_M_t1.0_48.v,gpt4,M,1.0,48,0,0,0,NA,NA,NA
completions_gpt4/completion_M_t1.0_49.v,gpt4,M,1.0,49,0,0,0,NA,NA,NA
completions_gpt4/completion_M_t1.0_50.v,gpt4,M,1.0,50,0,0,0,NA,NA,NA
completions_gpt4/completion_M_t1.0_51.v,gpt4,M,1.0,51,0,0,0,NA,NA,NA
completions_gpt4/completion_M_t1.0_52.v,gpt4,M,1.0,52,0,0,0,NA,NA,NA
completions_gpt4/completion_M_t1.0_53.v,gpt4,M,1.0,53,0,0,0,NA,NA,NA
completions_gpt4/completion_M_t1.0_54.v,gpt4,M,1.0,54,0,0,0,NA,NA,NA
completions_gpt4/completion_M_t1.0_55.v,gpt4,M,1.0,55,0,0,0,NA,NA,NA
completions_gpt4/completion_M_t1.0_56.v,gpt4,M,1.0,56,0,0,0,NA,NA,NA
completions_gpt4/completion_M_t1.0_57.v,gpt4,M,1.0,57,0,0,0,NA,NA,NA
completions_gpt4/completion_M_t1.0_58.v,gpt4,M,1.0,58,0,0,0,NA,NA,NA
completions_gpt4/completion_M_t1.0_59.v,gpt4,M,1.0,59,1,1,0,"F7FCABA9216D7DC4373201429D9A4AC3
",2529,46.006272
completions_gpt4/completion_M_t1.0_60.v,gpt4,M,1.0,60,1,1,0,"FE691D48EDE3FA7D67955312109DD40B
",2534,140.378112
completions_gpt4/completion_M_t1.0_61.v,gpt4,M,1.0,61,1,1,0,"52149955867CB0FCB0637B2D594EEC02
",2542,NA
completions_gpt4/completion_M_t1.0_62.v,gpt4,M,1.0,62,1,1,0,"13176DB018731FFF901EA02217EF5840
",2538,40.697856
completions_gpt4/completion_M_t1.0_63.v,gpt4,M,1.0,63,1,1,0,"3228F8B79A89B6026545A54B9A069FA8
",2550,42.467328
completions_gpt4/completion_M_t1.0_64.v,gpt4,M,1.0,64,1,0,0,NA,NA,NA
completions_gpt4/completion_M_t1.0_65.v,gpt4,M,1.0,65,1,1,0,"21BEA4195D67DF36A011C8161BE6EAF0
",2542,113.246208
completions_gpt4/completion_M_t1.0_66.v,gpt4,M,1.0,66,1,1,0,"06F25BC349B5E0080B144D4FB6E17DBA
",2547,74.317824
completions_gpt4/completion_M_t1.0_67.v,gpt4,M,1.0,67,0,0,0,NA,NA,NA
completions_gpt4/completion_M_t1.0_68.v,gpt4,M,1.0,68,0,0,0,NA,NA,NA
completions_gpt4/completion_M_t1.0_69.v,gpt4,M,1.0,69,1,1,0,"0516F98AD2E2581AEFB0655DF730C2A9
",2555,113.246208
completions_gpt4/completion_M_t1.0_70.v,gpt4,M,1.0,70,0,0,0,NA,NA,NA
completions_gpt4/completion_M_t1.0_71.v,gpt4,M,1.0,71,0,0,0,NA,NA,NA
completions_gpt4/completion_M_t1.0_72.v,gpt4,M,1.0,72,0,0,0,NA,NA,NA
completions_gpt4/completion_M_t1.0_73.v,gpt4,M,1.0,73,1,1,0,"F7B84A9C5E8330C4691701D6969A793E
",2544,NA
completions_gpt4/completion_M_t1.0_74.v,gpt4,M,1.0,74,1,1,0,"9F256C81138B5703898E85924322E03A
",2534,191.840256
completions_gpt4/completion_M_t1.0_75.v,gpt4,M,1.0,75,1,1,0,"5B8DC7C72E6EC7AA5476E042028FBF62
",2550,75.202560
completions_gpt4/completion_M_t1.0_76.v,gpt4,M,1.0,76,0,0,0,NA,NA,NA
completions_gpt4/completion_M_t1.0_77.v,gpt4,M,1.0,77,0,0,0,NA,NA,NA
completions_gpt4/completion_M_t1.0_78.v,gpt4,M,1.0,78,0,0,0,NA,NA,NA
completions_gpt4/completion_M_t1.0_79.v,gpt4,M,1.0,79,1,1,0,"61B1D513C76ECF30B9C1D48138E3F5CD
",2530,159.252480
completions_gpt4/completion_M_t1.0_80.v,gpt4,M,1.0,80,0,0,0,NA,NA,NA
completions_gpt4/completion_M_t1.0_81.v,gpt4,M,1.0,81,1,1,0,"86271C265F74CF2B2DD12F92701902F3
",2531,128.729088
completions_gpt4/completion_M_t1.0_82.v,gpt4,M,1.0,82,1,1,0,"8F6F3B46E94B30D1FCB8B06973EAC88D
",2537,191.102976
completions_gpt4/completion_M_t1.0_83.v,gpt4,M,1.0,83,0,0,0,NA,NA,NA
completions_gpt4/completion_M_t1.0_84.v,gpt4,M,1.0,84,0,0,0,NA,NA,NA
completions_gpt4/completion_M_t1.0_85.v,gpt4,M,1.0,85,1,1,0,"20FCABA9216D7D7E373208D99D194A0C
",2538,0.000000
completions_gpt4/completion_M_t1.0_86.v,gpt4,M,1.0,86,0,0,0,NA,NA,NA
completions_gpt4/completion_M_t1.0_87.v,gpt4,M,1.0,87,0,0,0,NA,NA,NA
completions_gpt4/completion_M_t1.0_88.v,gpt4,M,1.0,88,0,0,0,NA,NA,NA
completions_gpt4/completion_M_t1.0_89.v,gpt4,M,1.0,89,0,0,0,NA,NA,NA
completions_gpt4/completion_M_t1.0_90.v,gpt4,M,1.0,90,0,0,0,NA,NA,NA
completions_gpt4/completion_M_t1.0_91.v,gpt4,M,1.0,91,1,1,0,"F7176DB018731FC4901E0122179A5840
",2543,10.616832
completions_gpt4/completion_M_t1.0_92.v,gpt4,M,1.0,92,0,0,0,NA,NA,NA
completions_gpt4/completion_M_t1.0_93.v,gpt4,M,1.0,93,1,1,0,"0F3D2667F618398C4BEBB6C60A3D2AF0
",2545,55.738368
completions_gpt4/completion_M_t1.0_94.v,gpt4,M,1.0,94,0,0,0,NA,NA,NA
completions_gpt4/completion_M_t1.0_95.v,gpt4,M,1.0,95,0,0,0,NA,NA,NA
completions_gpt4/completion_M_t1.0_96.v,gpt4,M,1.0,96,0,0,0,NA,NA,NA
completions_gpt4/completion_M_t1.0_97.v,gpt4,M,1.0,97,0,0,0,NA,NA,NA
completions_gpt4/completion_M_t1.0_98.v,gpt4,M,1.0,98,0,0,0,NA,NA,NA
completions_gpt4/completion_M_t1.0_99.v,gpt4,M,1.0,99,1,1,0,"40FCAB4C216D1F4F371E3B4217AC4AC3
",2517,NA
completions_gpt4/completion_H_t0.1_0.v,gpt4,H,0.1,0,1,0,0,NA,NA,NA
completions_gpt4/completion_H_t0.1_1.v,gpt4,H,0.1,1,1,0,0,NA,NA,NA
completions_gpt4/completion_H_t0.1_2.v,gpt4,H,0.1,2,1,0,0,NA,NA,NA
completions_gpt4/completion_H_t0.1_3.v,gpt4,H,0.1,3,1,0,0,NA,NA,NA
completions_gpt4/completion_H_t0.1_4.v,gpt4,H,0.1,4,1,0,0,NA,NA,NA
completions_gpt4/completion_H_t0.1_5.v,gpt4,H,0.1,5,1,0,0,NA,NA,NA
completions_gpt4/completion_H_t0.1_6.v,gpt4,H,0.1,6,1,0,0,NA,NA,NA
completions_gpt4/completion_H_t0.1_7.v,gpt4,H,0.1,7,1,0,0,NA,NA,NA
completions_gpt4/completion_H_t0.1_8.v,gpt4,H,0.1,8,1,0,0,NA,NA,NA
completions_gpt4/completion_H_t0.1_9.v,gpt4,H,0.1,9,1,1,0,"CC92E3C52B0D637CD7E6014209807DA0
",2535,268.959744
completions_gpt4/completion_H_t0.1_10.v,gpt4,H,0.1,10,1,1,0,"6DDF4F7EDC08B375C49834FF6E643FEA
",2533,268.959744
completions_gpt4/completion_H_t0.1_11.v,gpt4,H,0.1,11,1,0,0,NA,NA,NA
completions_gpt4/completion_H_t0.1_12.v,gpt4,H,0.1,12,0,0,0,NA,NA,NA
completions_gpt4/completion_H_t0.1_13.v,gpt4,H,0.1,13,1,0,0,NA,NA,NA
completions_gpt4/completion_H_t0.1_14.v,gpt4,H,0.1,14,1,0,0,NA,NA,NA
completions_gpt4/completion_H_t0.1_15.v,gpt4,H,0.1,15,1,0,0,NA,NA,NA
completions_gpt4/completion_H_t0.1_16.v,gpt4,H,0.1,16,1,0,0,NA,NA,NA
completions_gpt4/completion_H_t0.1_17.v,gpt4,H,0.1,17,1,0,0,NA,NA,NA
completions_gpt4/completion_H_t0.1_18.v,gpt4,H,0.1,18,1,0,0,NA,NA,NA
completions_gpt4/completion_H_t0.1_19.v,gpt4,H,0.1,19,1,0,0,NA,NA,NA
completions_gpt4/completion_H_t0.1_20.v,gpt4,H,0.1,20,1,0,0,NA,NA,NA
completions_gpt4/completion_H_t0.1_21.v,gpt4,H,0.1,21,1,0,0,NA,NA,NA
completions_gpt4/completion_H_t0.1_22.v,gpt4,H,0.1,22,1,0,0,NA,NA,NA
completions_gpt4/completion_H_t0.1_23.v,gpt4,H,0.1,23,1,0,0,NA,NA,NA
completions_gpt4/completion_H_t0.1_24.v,gpt4,H,0.1,24,1,0,0,NA,NA,NA
completions_gpt4/completion_H_t0.1_25.v,gpt4,H,0.1,25,1,0,0,NA,NA,NA
completions_gpt4/completion_H_t0.1_26.v,gpt4,H,0.1,26,1,0,0,NA,NA,NA
completions_gpt4/completion_H_t0.1_27.v,gpt4,H,0.1,27,1,0,0,NA,NA,NA
completions_gpt4/completion_H_t0.1_28.v,gpt4,H,0.1,28,1,0,0,NA,NA,NA
completions_gpt4/completion_H_t0.1_29.v,gpt4,H,0.1,29,1,0,0,NA,NA,NA
completions_gpt4/completion_H_t0.1_30.v,gpt4,H,0.1,30,1,0,0,NA,NA,NA
completions_gpt4/completion_H_t0.1_31.v,gpt4,H,0.1,31,1,1,0,"BAE9095BC635289493FE3D869D59C82A
",2536,268.959744
completions_gpt4/completion_H_t0.1_32.v,gpt4,H,0.1,32,1,0,0,NA,NA,NA
completions_gpt4/completion_H_t0.1_33.v,gpt4,H,0.1,33,1,0,0,NA,NA,NA
completions_gpt4/completion_H_t0.1_34.v,gpt4,H,0.1,34,0,0,0,NA,NA,NA
completions_gpt4/completion_H_t0.1_35.v,gpt4,H,0.1,35,1,0,0,NA,NA,NA
completions_gpt4/completion_H_t0.1_36.v,gpt4,H,0.1,36,1,0,0,NA,NA,NA
completions_gpt4/completion_H_t0.1_37.v,gpt4,H,0.1,37,1,0,0,NA,NA,NA
completions_gpt4/completion_H_t0.1_38.v,gpt4,H,0.1,38,1,0,0,NA,NA,NA
completions_gpt4/completion_H_t0.1_39.v,gpt4,H,0.1,39,1,1,0,"CC92E3C52B0D637CD7E6014209807DA0
",2535,268.959744
completions_gpt4/completion_H_t0.1_40.v,gpt4,H,0.1,40,0,0,0,NA,NA,NA
completions_gpt4/completion_H_t0.1_41.v,gpt4,H,0.1,41,1,1,0,"CC92E3C52B0D637CD7E6014209807DA0
",2535,268.959744
completions_gpt4/completion_H_t0.1_42.v,gpt4,H,0.1,42,1,0,0,NA,NA,NA
completions_gpt4/completion_H_t0.1_43.v,gpt4,H,0.1,43,1,0,0,NA,NA,NA
completions_gpt4/completion_H_t0.1_44.v,gpt4,H,0.1,44,0,0,0,NA,NA,NA
completions_gpt4/completion_H_t0.1_45.v,gpt4,H,0.1,45,0,0,0,NA,NA,NA
completions_gpt4/completion_H_t0.1_46.v,gpt4,H,0.1,46,1,1,0,"6A7F1080EADB7D13398442B334501C81
",2531,298.450949
completions_gpt4/completion_H_t0.1_47.v,gpt4,H,0.1,47,0,0,0,NA,NA,NA
completions_gpt4/completion_H_t0.1_48.v,gpt4,H,0.1,48,1,0,0,NA,NA,NA
completions_gpt4/completion_H_t0.1_49.v,gpt4,H,0.1,49,1,0,0,NA,NA,NA
completions_gpt4/completion_H_t0.1_50.v,gpt4,H,0.1,50,1,0,0,NA,NA,NA
completions_gpt4/completion_H_t0.1_51.v,gpt4,H,0.1,51,1,0,0,NA,NA,NA
completions_gpt4/completion_H_t0.1_52.v,gpt4,H,0.1,52,1,0,0,NA,NA,NA
completions_gpt4/completion_H_t0.1_53.v,gpt4,H,0.1,53,1,0,0,NA,NA,NA
completions_gpt4/completion_H_t0.1_54.v,gpt4,H,0.1,54,0,0,0,NA,NA,NA
completions_gpt4/completion_H_t0.1_55.v,gpt4,H,0.1,55,1,0,0,NA,NA,NA
completions_gpt4/completion_H_t0.1_56.v,gpt4,H,0.1,56,1,0,0,NA,NA,NA
completions_gpt4/completion_H_t0.1_57.v,gpt4,H,0.1,57,1,0,0,NA,NA,NA
completions_gpt4/completion_H_t0.1_58.v,gpt4,H,0.1,58,1,0,0,NA,NA,NA
completions_gpt4/completion_H_t0.1_59.v,gpt4,H,0.1,59,1,0,0,NA,NA,NA
completions_gpt4/completion_H_t0.1_60.v,gpt4,H,0.1,60,0,0,0,NA,NA,NA
completions_gpt4/completion_H_t0.1_61.v,gpt4,H,0.1,61,1,0,0,NA,NA,NA
completions_gpt4/completion_H_t0.1_62.v,gpt4,H,0.1,62,1,0,0,NA,NA,NA
completions_gpt4/completion_H_t0.1_63.v,gpt4,H,0.1,63,0,0,0,NA,NA,NA
completions_gpt4/completion_H_t0.1_64.v,gpt4,H,0.1,64,1,0,0,NA,NA,NA
completions_gpt4/completion_H_t0.1_65.v,gpt4,H,0.1,65,1,0,0,NA,NA,NA
completions_gpt4/completion_H_t0.1_66.v,gpt4,H,0.1,66,1,0,0,NA,NA,NA
completions_gpt4/completion_H_t0.1_67.v,gpt4,H,0.1,67,1,0,0,NA,NA,NA
completions_gpt4/completion_H_t0.1_68.v,gpt4,H,0.1,68,1,0,0,NA,NA,NA
completions_gpt4/completion_H_t0.1_69.v,gpt4,H,0.1,69,1,1,0,"CC92E3C52B0D637CD7E6014209807DA0
",2535,268.959744
completions_gpt4/completion_H_t0.1_70.v,gpt4,H,0.1,70,0,0,0,NA,NA,NA
completions_gpt4/completion_H_t0.1_71.v,gpt4,H,0.1,71,1,0,0,NA,NA,NA
completions_gpt4/completion_H_t0.1_72.v,gpt4,H,0.1,72,1,0,0,NA,NA,NA
completions_gpt4/completion_H_t0.1_73.v,gpt4,H,0.1,73,1,0,0,NA,NA,NA
completions_gpt4/completion_H_t0.1_74.v,gpt4,H,0.1,74,1,0,0,NA,NA,NA
completions_gpt4/completion_H_t0.1_75.v,gpt4,H,0.1,75,0,0,0,NA,NA,NA
completions_gpt4/completion_H_t0.1_76.v,gpt4,H,0.1,76,1,1,0,"BAE9095BC635289493FE3D869D59C82A
",2536,268.959744
completions_gpt4/completion_H_t0.1_77.v,gpt4,H,0.1,77,1,0,0,NA,NA,NA
completions_gpt4/completion_H_t0.1_78.v,gpt4,H,0.1,78,1,0,0,NA,NA,NA
completions_gpt4/completion_H_t0.1_79.v,gpt4,H,0.1,79,0,0,0,NA,NA,NA
completions_gpt4/completion_H_t0.1_80.v,gpt4,H,0.1,80,1,0,0,NA,NA,NA
completions_gpt4/completion_H_t0.1_81.v,gpt4,H,0.1,81,1,0,0,NA,NA,NA
completions_gpt4/completion_H_t0.1_82.v,gpt4,H,0.1,82,1,0,0,NA,NA,NA
completions_gpt4/completion_H_t0.1_83.v,gpt4,H,0.1,83,1,1,0,"20395735D94FC33C8F6C5C6960A0C610
",2517,0.000000
completions_gpt4/completion_H_t0.1_84.v,gpt4,H,0.1,84,1,0,0,NA,NA,NA
completions_gpt4/completion_H_t0.1_85.v,gpt4,H,0.1,85,1,0,0,NA,NA,NA
completions_gpt4/completion_H_t0.1_86.v,gpt4,H,0.1,86,1,0,0,NA,NA,NA
completions_gpt4/completion_H_t0.1_87.v,gpt4,H,0.1,87,1,0,0,NA,NA,NA
completions_gpt4/completion_H_t0.1_88.v,gpt4,H,0.1,88,1,0,0,NA,NA,NA
completions_gpt4/completion_H_t0.1_89.v,gpt4,H,0.1,89,1,0,0,NA,NA,NA
completions_gpt4/completion_H_t0.1_90.v,gpt4,H,0.1,90,1,0,0,NA,NA,NA
completions_gpt4/completion_H_t0.1_91.v,gpt4,H,0.1,91,1,0,0,NA,NA,NA
completions_gpt4/completion_H_t0.1_92.v,gpt4,H,0.1,92,1,0,0,NA,NA,NA
completions_gpt4/completion_H_t0.1_93.v,gpt4,H,0.1,93,1,0,0,NA,NA,NA
completions_gpt4/completion_H_t0.1_94.v,gpt4,H,0.1,94,1,0,0,NA,NA,NA
completions_gpt4/completion_H_t0.1_95.v,gpt4,H,0.1,95,1,1,0,"BBF9BE1101B7F31AB346CF8EBEF56DFE
",2541,240.648192
completions_gpt4/completion_H_t0.1_96.v,gpt4,H,0.1,96,1,0,0,NA,NA,NA
completions_gpt4/completion_H_t0.1_97.v,gpt4,H,0.1,97,0,0,0,NA,NA,NA
completions_gpt4/completion_H_t0.1_98.v,gpt4,H,0.1,98,1,0,0,NA,NA,NA
completions_gpt4/completion_H_t0.1_99.v,gpt4,H,0.1,99,0,0,0,NA,NA,NA
completions_gpt4/completion_H_t0.3_0.v,gpt4,H,0.3,0,1,1,0,"13634CADD9FE9FA78F0D0287B6989C6F
",2550,21.233664
completions_gpt4/completion_H_t0.3_1.v,gpt4,H,0.3,1,1,0,0,NA,NA,NA
completions_gpt4/completion_H_t0.3_2.v,gpt4,H,0.3,2,1,1,0,"F7594557C70F73AEDCF5DD7BB6474EDA
",2544,61.341696
completions_gpt4/completion_H_t0.3_3.v,gpt4,H,0.3,3,1,0,0,NA,NA,NA
completions_gpt4/completion_H_t0.3_4.v,gpt4,H,0.3,4,0,0,0,NA,NA,NA
completions_gpt4/completion_H_t0.3_5.v,gpt4,H,0.3,5,0,0,0,NA,NA,NA
completions_gpt4/completion_H_t0.3_6.v,gpt4,H,0.3,6,0,0,0,NA,NA,NA
completions_gpt4/completion_H_t0.3_7.v,gpt4,H,0.3,7,1,1,0,"F7176DB018731FC4901E0122179A5840
",2543,0.000000
completions_gpt4/completion_H_t0.3_8.v,gpt4,H,0.3,8,1,0,0,NA,NA,NA
completions_gpt4/completion_H_t0.3_9.v,gpt4,H,0.3,9,1,0,0,NA,NA,NA
completions_gpt4/completion_H_t0.3_10.v,gpt4,H,0.3,10,1,0,0,NA,NA,NA
completions_gpt4/completion_H_t0.3_11.v,gpt4,H,0.3,11,1,0,0,NA,NA,NA
completions_gpt4/completion_H_t0.3_12.v,gpt4,H,0.3,12,1,0,0,NA,NA,NA
completions_gpt4/completion_H_t0.3_13.v,gpt4,H,0.3,13,1,0,0,NA,NA,NA
completions_gpt4/completion_H_t0.3_14.v,gpt4,H,0.3,14,1,1,0,"722E337DD9D1543B8F590AB4A06F4304
",2554,14.155776
completions_gpt4/completion_H_t0.3_15.v,gpt4,H,0.3,15,1,0,0,NA,NA,NA
completions_gpt4/completion_H_t0.3_16.v,gpt4,H,0.3,16,1,0,0,NA,NA,NA
completions_gpt4/completion_H_t0.3_17.v,gpt4,H,0.3,17,1,0,0,NA,NA,NA
completions_gpt4/completion_H_t0.3_18.v,gpt4,H,0.3,18,1,1,0,"F7176DB018731FC4901E0122179A5840
",2543,155.713536
completions_gpt4/completion_H_t0.3_19.v,gpt4,H,0.3,19,1,1,0,"F7176DB018731FC4901E0122179A5840
",2543,113.246208
completions_gpt4/completion_H_t0.3_20.v,gpt4,H,0.3,20,1,0,0,NA,NA,NA
completions_gpt4/completion_H_t0.3_21.v,gpt4,H,0.3,21,1,1,0,"17DBC987FB00E4467BCA0393762B936C
",2568,94.224385
completions_gpt4/completion_H_t0.3_22.v,gpt4,H,0.3,22,1,0,0,NA,NA,NA
completions_gpt4/completion_H_t0.3_23.v,gpt4,H,0.3,23,1,0,0,NA,NA,NA
completions_gpt4/completion_H_t0.3_24.v,gpt4,H,0.3,24,1,0,0,NA,NA,NA
completions_gpt4/completion_H_t0.3_25.v,gpt4,H,0.3,25,1,0,0,NA,NA,NA
completions_gpt4/completion_H_t0.3_26.v,gpt4,H,0.3,26,1,0,0,NA,NA,NA
completions_gpt4/completion_H_t0.3_27.v,gpt4,H,0.3,27,1,1,0,"F7386DD6D97340C48F1ED722175A588D
",2536,0.000000
completions_gpt4/completion_H_t0.3_28.v,gpt4,H,0.3,28,1,0,0,NA,NA,NA
completions_gpt4/completion_H_t0.3_29.v,gpt4,H,0.3,29,1,0,0,NA,NA,NA
completions_gpt4/completion_H_t0.3_30.v,gpt4,H,0.3,30,1,0,0,NA,NA,NA
completions_gpt4/completion_H_t0.3_31.v,gpt4,H,0.3,31,1,0,0,NA,NA,NA
completions_gpt4/completion_H_t0.3_32.v,gpt4,H,0.3,32,1,0,0,NA,NA,NA
completions_gpt4/completion_H_t0.3_33.v,gpt4,H,0.3,33,1,0,0,NA,NA,NA
completions_gpt4/completion_H_t0.3_34.v,gpt4,H,0.3,34,1,0,0,NA,NA,NA
completions_gpt4/completion_H_t0.3_35.v,gpt4,H,0.3,35,0,0,0,NA,NA,NA
completions_gpt4/completion_H_t0.3_36.v,gpt4,H,0.3,36,1,0,0,NA,NA,NA
completions_gpt4/completion_H_t0.3_37.v,gpt4,H,0.3,37,1,0,0,NA,NA,NA
completions_gpt4/completion_H_t0.3_38.v,gpt4,H,0.3,38,0,0,0,NA,NA,NA
completions_gpt4/completion_H_t0.3_39.v,gpt4,H,0.3,39,1,1,0,"83C568E9A74CCF9666910EE44B6EA3C7
",2544,123.863040
completions_gpt4/completion_H_t0.3_40.v,gpt4,H,0.3,40,0,0,0,NA,NA,NA
completions_gpt4/completion_H_t0.3_41.v,gpt4,H,0.3,41,0,0,0,NA,NA,NA
completions_gpt4/completion_H_t0.3_42.v,gpt4,H,0.3,42,1,0,0,NA,NA,NA
completions_gpt4/completion_H_t0.3_43.v,gpt4,H,0.3,43,1,0,0,NA,NA,NA
completions_gpt4/completion_H_t0.3_44.v,gpt4,H,0.3,44,1,0,0,NA,NA,NA
completions_gpt4/completion_H_t0.3_45.v,gpt4,H,0.3,45,1,0,0,NA,NA,NA
completions_gpt4/completion_H_t0.3_46.v,gpt4,H,0.3,46,1,1,0,"13634CADD9FE9FA78F0D0287B6989C6F
",2550,21.233664
completions_gpt4/completion_H_t0.3_47.v,gpt4,H,0.3,47,1,1,0,"13634CADD9FE9FA78F0D0287B6989C6F
",2550,21.233664
completions_gpt4/completion_H_t0.3_48.v,gpt4,H,0.3,48,1,0,0,NA,NA,NA
completions_gpt4/completion_H_t0.3_49.v,gpt4,H,0.3,49,1,0,0,NA,NA,NA
completions_gpt4/completion_H_t0.3_50.v,gpt4,H,0.3,50,1,1,0,"722E337DD9D1543B8F590AB4A06F4304
",2554,14.155776
completions_gpt4/completion_H_t0.3_51.v,gpt4,H,0.3,51,1,1,0,"20BD57A9D9E57D7E8F325C1560B73BCA
",2518,0.000000
completions_gpt4/completion_H_t0.3_52.v,gpt4,H,0.3,52,1,0,0,NA,NA,NA
completions_gpt4/completion_H_t0.3_53.v,gpt4,H,0.3,53,0,0,0,NA,NA,NA
completions_gpt4/completion_H_t0.3_54.v,gpt4,H,0.3,54,1,1,0,"722E337DD9D1543B8F590AB4A06F4304
",2554,14.155776
completions_gpt4/completion_H_t0.3_55.v,gpt4,H,0.3,55,1,1,0,"13634CADD9FE9FA78F0D0287B6989C6F
",2550,21.233664
completions_gpt4/completion_H_t0.3_56.v,gpt4,H,0.3,56,1,0,0,NA,NA,NA
completions_gpt4/completion_H_t0.3_57.v,gpt4,H,0.3,57,1,1,0,"CC92E3C52B0D637CD7E6014209807DA0
",2535,268.959744
completions_gpt4/completion_H_t0.3_58.v,gpt4,H,0.3,58,1,0,0,NA,NA,NA
completions_gpt4/completion_H_t0.3_59.v,gpt4,H,0.3,59,0,0,0,NA,NA,NA
completions_gpt4/completion_H_t0.3_60.v,gpt4,H,0.3,60,1,0,0,NA,NA,NA
completions_gpt4/completion_H_t0.3_61.v,gpt4,H,0.3,61,1,1,0,"20395735D94FC33C8F6C5C6960A0C610
",2517,0.000000
completions_gpt4/completion_H_t0.3_62.v,gpt4,H,0.3,62,1,1,0,"1C70ED487B1B30D60BF0D87D2970645E
",2532,226.492416
completions_gpt4/completion_H_t0.3_63.v,gpt4,H,0.3,63,1,1,0,"F7176DB018731FC4901E0122179A5840
",2543,657.457173
completions_gpt4/completion_H_t0.3_64.v,gpt4,H,0.3,64,1,0,0,NA,NA,NA
completions_gpt4/completion_H_t0.3_65.v,gpt4,H,0.3,65,1,0,0,NA,NA,NA
completions_gpt4/completion_H_t0.3_66.v,gpt4,H,0.3,66,1,0,0,NA,NA,NA
completions_gpt4/completion_H_t0.3_67.v,gpt4,H,0.3,67,1,0,0,NA,NA,NA
completions_gpt4/completion_H_t0.3_68.v,gpt4,H,0.3,68,1,0,0,NA,NA,NA
completions_gpt4/completion_H_t0.3_69.v,gpt4,H,0.3,69,0,0,0,NA,NA,NA
completions_gpt4/completion_H_t0.3_70.v,gpt4,H,0.3,70,1,0,0,NA,NA,NA
completions_gpt4/completion_H_t0.3_71.v,gpt4,H,0.3,71,1,0,0,NA,NA,NA
completions_gpt4/completion_H_t0.3_72.v,gpt4,H,0.3,72,1,0,0,NA,NA,NA
completions_gpt4/completion_H_t0.3_73.v,gpt4,H,0.3,73,0,0,0,NA,NA,NA
completions_gpt4/completion_H_t0.3_74.v,gpt4,H,0.3,74,1,0,0,NA,NA,NA
completions_gpt4/completion_H_t0.3_75.v,gpt4,H,0.3,75,1,1,0,"F7596D57A67340C43D1EFB22174758DA
",2530,0.000000
completions_gpt4/completion_H_t0.3_76.v,gpt4,H,0.3,76,1,0,0,NA,NA,NA
completions_gpt4/completion_H_t0.3_77.v,gpt4,H,0.3,77,1,1,0,"20395735D94FC33C8F6C5C6960A0C610
",2517,0.000000
completions_gpt4/completion_H_t0.3_78.v,gpt4,H,0.3,78,1,0,0,NA,NA,NA
completions_gpt4/completion_H_t0.3_79.v,gpt4,H,0.3,79,1,0,0,NA,NA,NA
completions_gpt4/completion_H_t0.3_80.v,gpt4,H,0.3,80,1,0,0,NA,NA,NA
completions_gpt4/completion_H_t0.3_81.v,gpt4,H,0.3,81,1,0,0,NA,NA,NA
completions_gpt4/completion_H_t0.3_82.v,gpt4,H,0.3,82,1,1,0,"F7594557C70F73AEDCF5DD7BB6474EDA
",2544,17.842176
completions_gpt4/completion_H_t0.3_83.v,gpt4,H,0.3,83,1,1,0,"20395735D94FC33C8F6C5C6960A0C610
",2517,0.000000
completions_gpt4/completion_H_t0.3_84.v,gpt4,H,0.3,84,1,0,0,NA,NA,NA
completions_gpt4/completion_H_t0.3_85.v,gpt4,H,0.3,85,1,0,0,NA,NA,NA
completions_gpt4/completion_H_t0.3_86.v,gpt4,H,0.3,86,1,0,0,NA,NA,NA
completions_gpt4/completion_H_t0.3_87.v,gpt4,H,0.3,87,1,1,0,"722E337DD9D1543B8F590AB4A06F4304
",2554,14.155776
completions_gpt4/completion_H_t0.3_88.v,gpt4,H,0.3,88,1,1,0,"F7176DB018731FC4901E0122179A5840
",2543,NA
completions_gpt4/completion_H_t0.3_89.v,gpt4,H,0.3,89,1,0,0,NA,NA,NA
completions_gpt4/completion_H_t0.3_90.v,gpt4,H,0.3,90,1,0,0,NA,NA,NA
completions_gpt4/completion_H_t0.3_91.v,gpt4,H,0.3,91,1,0,0,NA,NA,NA
completions_gpt4/completion_H_t0.3_92.v,gpt4,H,0.3,92,1,0,0,NA,NA,NA
completions_gpt4/completion_H_t0.3_93.v,gpt4,H,0.3,93,1,0,0,NA,NA,NA
completions_gpt4/completion_H_t0.3_94.v,gpt4,H,0.3,94,1,1,0,"20395735D94FC33C8F6C5C6960A0C610
",2517,0.000000
completions_gpt4/completion_H_t0.3_95.v,gpt4,H,0.3,95,1,0,0,NA,NA,NA
completions_gpt4/completion_H_t0.3_96.v,gpt4,H,0.3,96,1,0,0,NA,NA,NA
completions_gpt4/completion_H_t0.3_97.v,gpt4,H,0.3,97,1,0,0,NA,NA,NA
completions_gpt4/completion_H_t0.3_98.v,gpt4,H,0.3,98,1,1,0,"13634CADD9FE9FA78F0D0287B6989C6F
",2550,21.233664
completions_gpt4/completion_H_t0.3_99.v,gpt4,H,0.3,99,1,0,0,NA,NA,NA
completions_gpt4/completion_H_t0.5_0.v,gpt4,H,0.5,0,1,1,0,"13634CADD9FE9FA78F0D0287B6989C6F
",2550,21.233664
completions_gpt4/completion_H_t0.5_1.v,gpt4,H,0.5,1,1,0,0,NA,NA,NA
completions_gpt4/completion_H_t0.5_2.v,gpt4,H,0.5,2,1,1,0,"13634CADD9FE9FA78F0D0287B6989C6F
",2550,21.233664
completions_gpt4/completion_H_t0.5_3.v,gpt4,H,0.5,3,1,0,0,NA,NA,NA
completions_gpt4/completion_H_t0.5_4.v,gpt4,H,0.5,4,1,0,0,NA,NA,NA
completions_gpt4/completion_H_t0.5_5.v,gpt4,H,0.5,5,0,0,0,NA,NA,NA
completions_gpt4/completion_H_t0.5_6.v,gpt4,H,0.5,6,1,0,0,NA,NA,NA
completions_gpt4/completion_H_t0.5_7.v,gpt4,H,0.5,7,1,1,0,"F7176DB018731FC4901E0122179A5840
",2543,0.000000
completions_gpt4/completion_H_t0.5_8.v,gpt4,H,0.5,8,1,1,0,"40876187908DFED7F5F130E0C97B6190
",2537,172.523520
completions_gpt4/completion_H_t0.5_9.v,gpt4,H,0.5,9,1,0,0,NA,NA,NA
completions_gpt4/completion_H_t0.5_10.v,gpt4,H,0.5,10,0,0,0,NA,NA,NA
completions_gpt4/completion_H_t0.5_11.v,gpt4,H,0.5,11,1,1,0,"03C5F7D50DB5C51C0FEE65FBDF1AE673
",2534,21.233664
completions_gpt4/completion_H_t0.5_12.v,gpt4,H,0.5,12,0,0,0,NA,NA,NA
completions_gpt4/completion_H_t0.5_13.v,gpt4,H,0.5,13,1,0,0,NA,NA,NA
completions_gpt4/completion_H_t0.5_14.v,gpt4,H,0.5,14,1,1,0,"72992ACC303AEC5B43E5BD678664D650
",2531,41.041920
completions_gpt4/completion_H_t0.5_15.v,gpt4,H,0.5,15,1,1,0,"20395735D94FC33C8F6C5C6960A0C610
",2517,202.113026
completions_gpt4/completion_H_t0.5_16.v,gpt4,H,0.5,16,1,1,1,"6F0FA9163F92C56027EA4D329455D7D7
",0,192.282624
completions_gpt4/completion_H_t0.5_17.v,gpt4,H,0.5,17,1,0,0,NA,NA,NA
completions_gpt4/completion_H_t0.5_18.v,gpt4,H,0.5,18,1,1,0,"F7176DB018731FC4901E0122179A5840
",2543,169.869312
completions_gpt4/completion_H_t0.5_19.v,gpt4,H,0.5,19,1,1,0,"722E337DD9D1543B8F590AB4A06F4304
",2554,14.155776
completions_gpt4/completion_H_t0.5_20.v,gpt4,H,0.5,20,1,0,0,NA,NA,NA
completions_gpt4/completion_H_t0.5_21.v,gpt4,H,0.5,21,1,1,0,"E9594A57D2874EAEA03C0B3E984799DA
",2515,640.942101
completions_gpt4/completion_H_t0.5_22.v,gpt4,H,0.5,22,1,0,0,NA,NA,NA
completions_gpt4/completion_H_t0.5_23.v,gpt4,H,0.5,23,1,0,0,NA,NA,NA
completions_gpt4/completion_H_t0.5_24.v,gpt4,H,0.5,24,1,0,0,NA,NA,NA
completions_gpt4/completion_H_t0.5_25.v,gpt4,H,0.5,25,0,0,0,NA,NA,NA
completions_gpt4/completion_H_t0.5_26.v,gpt4,H,0.5,26,0,0,0,NA,NA,NA
completions_gpt4/completion_H_t0.5_27.v,gpt4,H,0.5,27,1,0,0,NA,NA,NA
completions_gpt4/completion_H_t0.5_28.v,gpt4,H,0.5,28,1,0,0,NA,NA,NA
completions_gpt4/completion_H_t0.5_29.v,gpt4,H,0.5,29,1,1,0,"13634CADD9FE9FA78F0D0287B6989C6F
",2550,21.233664
completions_gpt4/completion_H_t0.5_30.v,gpt4,H,0.5,30,1,0,0,NA,NA,NA
completions_gpt4/completion_H_t0.5_31.v,gpt4,H,0.5,31,1,0,0,NA,NA,NA
completions_gpt4/completion_H_t0.5_32.v,gpt4,H,0.5,32,0,0,0,NA,NA,NA
completions_gpt4/completion_H_t0.5_33.v,gpt4,H,0.5,33,0,0,0,NA,NA,NA
completions_gpt4/completion_H_t0.5_34.v,gpt4,H,0.5,34,1,0,0,NA,NA,NA
completions_gpt4/completion_H_t0.5_35.v,gpt4,H,0.5,35,1,0,0,NA,NA,NA
completions_gpt4/completion_H_t0.5_36.v,gpt4,H,0.5,36,0,0,0,NA,NA,NA
completions_gpt4/completion_H_t0.5_37.v,gpt4,H,0.5,37,1,0,0,NA,NA,NA
completions_gpt4/completion_H_t0.5_38.v,gpt4,H,0.5,38,0,0,0,NA,NA,NA
completions_gpt4/completion_H_t0.5_39.v,gpt4,H,0.5,39,1,1,0,"0611A6C349DDC1080B4AD74FB612F7BA
",2526,49.545216
completions_gpt4/completion_H_t0.5_40.v,gpt4,H,0.5,40,0,0,0,NA,NA,NA
completions_gpt4/completion_H_t0.5_41.v,gpt4,H,0.5,41,1,0,0,NA,NA,NA
completions_gpt4/completion_H_t0.5_42.v,gpt4,H,0.5,42,1,1,0,"13634CADD9FE9FA78F0D0287B6989C6F
",2550,21.233664
completions_gpt4/completion_H_t0.5_43.v,gpt4,H,0.5,43,0,0,0,NA,NA,NA
completions_gpt4/completion_H_t0.5_44.v,gpt4,H,0.5,44,1,0,0,NA,NA,NA
completions_gpt4/completion_H_t0.5_45.v,gpt4,H,0.5,45,1,0,0,NA,NA,NA
completions_gpt4/completion_H_t0.5_46.v,gpt4,H,0.5,46,0,0,0,NA,NA,NA
completions_gpt4/completion_H_t0.5_47.v,gpt4,H,0.5,47,1,0,0,NA,NA,NA
completions_gpt4/completion_H_t0.5_48.v,gpt4,H,0.5,48,1,1,0,"20395735D94FC33C8F6C5C6960A0C610
",2517,0.000000
completions_gpt4/completion_H_t0.5_49.v,gpt4,H,0.5,49,1,0,0,NA,NA,NA
completions_gpt4/completion_H_t0.5_50.v,gpt4,H,0.5,50,1,1,0,"0D96897EEED34DFB08971921A7A26AE6
",2554,15.925248
completions_gpt4/completion_H_t0.5_51.v,gpt4,H,0.5,51,0,0,0,NA,NA,NA
completions_gpt4/completion_H_t0.5_52.v,gpt4,H,0.5,52,1,0,0,NA,NA,NA
completions_gpt4/completion_H_t0.5_53.v,gpt4,H,0.5,53,1,0,0,NA,NA,NA
completions_gpt4/completion_H_t0.5_54.v,gpt4,H,0.5,54,1,1,0,"9CF4CF57D9F9CC588FD68115D8BE9880
",2526,14.155776
completions_gpt4/completion_H_t0.5_55.v,gpt4,H,0.5,55,1,0,0,NA,NA,NA
completions_gpt4/completion_H_t0.5_56.v,gpt4,H,0.5,56,1,1,0,"B246ACF5D9AA3E108F4028016A371FA1
",2550,56.328193
completions_gpt4/completion_H_t0.5_57.v,gpt4,H,0.5,57,1,1,0,"20395735D94FC33C8F6C5C6960A0C610
",2517,0.000000
completions_gpt4/completion_H_t0.5_58.v,gpt4,H,0.5,58,1,0,0,NA,NA,NA
completions_gpt4/completion_H_t0.5_59.v,gpt4,H,0.5,59,1,0,0,NA,NA,NA
completions_gpt4/completion_H_t0.5_60.v,gpt4,H,0.5,60,1,1,0,"40FCAB23216D3B4F37493B42B4AC4AC3
",2518,23.887872
completions_gpt4/completion_H_t0.5_61.v,gpt4,H,0.5,61,0,0,0,NA,NA,NA
completions_gpt4/completion_H_t0.5_62.v,gpt4,H,0.5,62,1,1,1,"6F0FA9163F92C56027EA4D329455D7D7
",0,192.724992
completions_gpt4/completion_H_t0.5_63.v,gpt4,H,0.5,63,1,0,0,NA,NA,NA
completions_gpt4/completion_H_t0.5_64.v,gpt4,H,0.5,64,1,0,0,NA,NA,NA
completions_gpt4/completion_H_t0.5_65.v,gpt4,H,0.5,65,1,0,0,NA,NA,NA
completions_gpt4/completion_H_t0.5_66.v,gpt4,H,0.5,66,0,0,0,NA,NA,NA
completions_gpt4/completion_H_t0.5_67.v,gpt4,H,0.5,67,0,0,0,NA,NA,NA
completions_gpt4/completion_H_t0.5_68.v,gpt4,H,0.5,68,1,0,0,NA,NA,NA
completions_gpt4/completion_H_t0.5_69.v,gpt4,H,0.5,69,0,0,0,NA,NA,NA
completions_gpt4/completion_H_t0.5_70.v,gpt4,H,0.5,70,0,0,0,NA,NA,NA
completions_gpt4/completion_H_t0.5_71.v,gpt4,H,0.5,71,1,1,0,"722E337DD9D1543B8F590AB4A06F4304
",2554,14.155776
completions_gpt4/completion_H_t0.5_72.v,gpt4,H,0.5,72,0,0,0,NA,NA,NA
completions_gpt4/completion_H_t0.5_73.v,gpt4,H,0.5,73,1,0,0,NA,NA,NA
completions_gpt4/completion_H_t0.5_74.v,gpt4,H,0.5,74,1,1,0,"20395735D94FC33C8F6C5C6960A0C610
",2517,0.000000
completions_gpt4/completion_H_t0.5_75.v,gpt4,H,0.5,75,1,1,0,"F7596D57A67340C43D1EFB22174758DA
",2530,0.000000
completions_gpt4/completion_H_t0.5_76.v,gpt4,H,0.5,76,0,0,0,NA,NA,NA
completions_gpt4/completion_H_t0.5_77.v,gpt4,H,0.5,77,0,0,0,NA,NA,NA
completions_gpt4/completion_H_t0.5_78.v,gpt4,H,0.5,78,1,1,0,"20395735D94FC33C8F6C5C6960A0C610
",2517,0.000000
completions_gpt4/completion_H_t0.5_79.v,gpt4,H,0.5,79,1,0,0,NA,NA,NA
completions_gpt4/completion_H_t0.5_80.v,gpt4,H,0.5,80,1,0,0,NA,NA,NA
completions_gpt4/completion_H_t0.5_81.v,gpt4,H,0.5,81,1,1,0,"F7176DB018731FC4901E0122179A5840
",2543,NA
completions_gpt4/completion_H_t0.5_82.v,gpt4,H,0.5,82,1,0,0,NA,NA,NA
completions_gpt4/completion_H_t0.5_83.v,gpt4,H,0.5,83,0,0,0,NA,NA,NA
completions_gpt4/completion_H_t0.5_84.v,gpt4,H,0.5,84,1,1,0,"F7176DB018731FC4901E0122179A5840
",2543,42.467328
completions_gpt4/completion_H_t0.5_85.v,gpt4,H,0.5,85,1,1,0,"F7176DB018731FC4901E0122179A5840
",2543,0.000000
completions_gpt4/completion_H_t0.5_86.v,gpt4,H,0.5,86,1,0,0,NA,NA,NA
completions_gpt4/completion_H_t0.5_87.v,gpt4,H,0.5,87,1,0,0,NA,NA,NA
completions_gpt4/completion_H_t0.5_88.v,gpt4,H,0.5,88,1,1,0,"40FCABA5D959C34F8F5D08DC9D19C6E6
",2488,0.000000
completions_gpt4/completion_H_t0.5_89.v,gpt4,H,0.5,89,1,0,0,NA,NA,NA
completions_gpt4/completion_H_t0.5_90.v,gpt4,H,0.5,90,1,0,0,NA,NA,NA
completions_gpt4/completion_H_t0.5_91.v,gpt4,H,0.5,91,1,1,0,"F7176DB018731FC4901E0122179A5840
",2543,90.832896
completions_gpt4/completion_H_t0.5_92.v,gpt4,H,0.5,92,1,0,0,NA,NA,NA
completions_gpt4/completion_H_t0.5_93.v,gpt4,H,0.5,93,1,0,0,NA,NA,NA
completions_gpt4/completion_H_t0.5_94.v,gpt4,H,0.5,94,1,0,0,NA,NA,NA
completions_gpt4/completion_H_t0.5_95.v,gpt4,H,0.5,95,1,0,0,NA,NA,NA
completions_gpt4/completion_H_t0.5_96.v,gpt4,H,0.5,96,0,0,0,NA,NA,NA
completions_gpt4/completion_H_t0.5_97.v,gpt4,H,0.5,97,1,0,0,NA,NA,NA
completions_gpt4/completion_H_t0.5_98.v,gpt4,H,0.5,98,1,1,0,"F7176DB018731FC4901E0122179A5840
",2543,0.000000
completions_gpt4/completion_H_t0.5_99.v,gpt4,H,0.5,99,1,0,0,NA,NA,NA
completions_gpt4/completion_H_t0.7_0.v,gpt4,H,0.7,0,0,0,0,NA,NA,NA
completions_gpt4/completion_H_t0.7_1.v,gpt4,H,0.7,1,1,1,0,"9ED903F2862377F360E881AEF1055B29
",2557,107.053056
completions_gpt4/completion_H_t0.7_2.v,gpt4,H,0.7,2,1,0,0,NA,NA,NA
completions_gpt4/completion_H_t0.7_3.v,gpt4,H,0.7,3,1,0,0,NA,NA,NA
completions_gpt4/completion_H_t0.7_4.v,gpt4,H,0.7,4,1,1,0,"67FF9241DB7883B7037A829A76043E0C
",2531,NA
completions_gpt4/completion_H_t0.7_5.v,gpt4,H,0.7,5,0,0,0,NA,NA,NA
completions_gpt4/completion_H_t0.7_6.v,gpt4,H,0.7,6,1,1,0,"40FC444E21037CBD3732A34B9D6FCD1F
",2533,407.863299
completions_gpt4/completion_H_t0.7_7.v,gpt4,H,0.7,7,1,0,0,NA,NA,NA
completions_gpt4/completion_H_t0.7_8.v,gpt4,H,0.7,8,1,0,0,NA,NA,NA
completions_gpt4/completion_H_t0.7_9.v,gpt4,H,0.7,9,1,0,0,NA,NA,NA
completions_gpt4/completion_H_t0.7_10.v,gpt4,H,0.7,10,0,0,0,NA,NA,NA
completions_gpt4/completion_H_t0.7_11.v,gpt4,H,0.7,11,1,1,0,"F7CE6D15337391C4231EF622175C58DD
",2547,0.000000
completions_gpt4/completion_H_t0.7_12.v,gpt4,H,0.7,12,0,0,0,NA,NA,NA
completions_gpt4/completion_H_t0.7_13.v,gpt4,H,0.7,13,1,0,0,NA,NA,NA
completions_gpt4/completion_H_t0.7_14.v,gpt4,H,0.7,14,1,1,0,"C7653AC6D90390638FE88FC84F93FF03
",2529,39.370752
completions_gpt4/completion_H_t0.7_15.v,gpt4,H,0.7,15,0,0,0,NA,NA,NA
completions_gpt4/completion_H_t0.7_16.v,gpt4,H,0.7,16,1,1,0,"F7176DB018731FC4901E0122179A5840
",2543,0.000000
completions_gpt4/completion_H_t0.7_17.v,gpt4,H,0.7,17,0,0,0,NA,NA,NA
completions_gpt4/completion_H_t0.7_18.v,gpt4,H,0.7,18,1,1,0,"F7386DD6D97340C48F1ED722175A588D
",2536,0.000000
completions_gpt4/completion_H_t0.7_19.v,gpt4,H,0.7,19,1,0,0,NA,NA,NA
completions_gpt4/completion_H_t0.7_20.v,gpt4,H,0.7,20,1,0,0,NA,NA,NA
completions_gpt4/completion_H_t0.7_21.v,gpt4,H,0.7,21,1,1,0,"1A16A0C6B0FB8EC4C6C034A73B8E02E6
",2542,14.598144
completions_gpt4/completion_H_t0.7_22.v,gpt4,H,0.7,22,1,1,0,"324D38D45909F1157333D06E3FBFC3BB
",2537,161.021952
completions_gpt4/completion_H_t0.7_23.v,gpt4,H,0.7,23,1,0,0,NA,NA,NA
completions_gpt4/completion_H_t0.7_24.v,gpt4,H,0.7,24,1,0,0,NA,NA,NA
completions_gpt4/completion_H_t0.7_25.v,gpt4,H,0.7,25,1,0,0,NA,NA,NA
completions_gpt4/completion_H_t0.7_26.v,gpt4,H,0.7,26,0,0,0,NA,NA,NA
completions_gpt4/completion_H_t0.7_27.v,gpt4,H,0.7,27,0,0,0,NA,NA,NA
completions_gpt4/completion_H_t0.7_28.v,gpt4,H,0.7,28,1,0,0,NA,NA,NA
completions_gpt4/completion_H_t0.7_29.v,gpt4,H,0.7,29,0,0,0,NA,NA,NA
completions_gpt4/completion_H_t0.7_30.v,gpt4,H,0.7,30,1,1,1,"6F0FA9163F92C56027EA4D329455D7D7
",0,192.724992
completions_gpt4/completion_H_t0.7_31.v,gpt4,H,0.7,31,1,0,0,NA,NA,NA
completions_gpt4/completion_H_t0.7_32.v,gpt4,H,0.7,32,1,1,0,"56256FCA8256382DEE0B9091C144883D
",2546,191.102976
completions_gpt4/completion_H_t0.7_33.v,gpt4,H,0.7,33,1,0,0,NA,NA,NA
completions_gpt4/completion_H_t0.7_34.v,gpt4,H,0.7,34,1,0,0,NA,NA,NA
completions_gpt4/completion_H_t0.7_35.v,gpt4,H,0.7,35,0,0,0,NA,NA,NA
completions_gpt4/completion_H_t0.7_36.v,gpt4,H,0.7,36,1,0,0,NA,NA,NA
completions_gpt4/completion_H_t0.7_37.v,gpt4,H,0.7,37,1,1,0,"40FC989221793F2B37327F4276ACD990
",2538,1.769472
completions_gpt4/completion_H_t0.7_38.v,gpt4,H,0.7,38,0,0,0,NA,NA,NA
completions_gpt4/completion_H_t0.7_39.v,gpt4,H,0.7,39,1,0,0,NA,NA,NA
completions_gpt4/completion_H_t0.7_40.v,gpt4,H,0.7,40,1,1,1,"6F0FA9163F92C56027EA4D329455D7D7
",0,192.724992
completions_gpt4/completion_H_t0.7_41.v,gpt4,H,0.7,41,0,0,0,NA,NA,NA
completions_gpt4/completion_H_t0.7_42.v,gpt4,H,0.7,42,1,1,0,"F7176DB018731FC4901E0122179A5840
",2543,169.869312
completions_gpt4/completion_H_t0.7_43.v,gpt4,H,0.7,43,1,0,0,NA,NA,NA
completions_gpt4/completion_H_t0.7_44.v,gpt4,H,0.7,44,1,0,0,NA,NA,NA
completions_gpt4/completion_H_t0.7_45.v,gpt4,H,0.7,45,1,0,0,NA,NA,NA
completions_gpt4/completion_H_t0.7_46.v,gpt4,H,0.7,46,0,0,0,NA,NA,NA
completions_gpt4/completion_H_t0.7_47.v,gpt4,H,0.7,47,0,0,0,NA,NA,NA
completions_gpt4/completion_H_t0.7_48.v,gpt4,H,0.7,48,1,1,0,"F7176DB018731FC4901E0122179A5840
",2543,169.869312
completions_gpt4/completion_H_t0.7_49.v,gpt4,H,0.7,49,1,1,0,"20394DD6D94F74D28F6CF8D860A0D5A1
",2542,198.180864
completions_gpt4/completion_H_t0.7_50.v,gpt4,H,0.7,50,1,1,1,"6F0FA9163F92C56027EA4D329455D7D7
",0,198.770688
completions_gpt4/completion_H_t0.7_51.v,gpt4,H,0.7,51,1,0,0,NA,NA,NA
completions_gpt4/completion_H_t0.7_52.v,gpt4,H,0.7,52,1,1,0,"13634CADD9FE9FA78F0D0287B6989C6F
",2550,21.233664
completions_gpt4/completion_H_t0.7_53.v,gpt4,H,0.7,53,1,1,0,"F7176DB018731FC4901E0122179A5840
",2543,0.000000
completions_gpt4/completion_H_t0.7_54.v,gpt4,H,0.7,54,0,0,0,NA,NA,NA
completions_gpt4/completion_H_t0.7_55.v,gpt4,H,0.7,55,1,0,0,NA,NA,NA
completions_gpt4/completion_H_t0.7_56.v,gpt4,H,0.7,56,0,0,0,NA,NA,NA
completions_gpt4/completion_H_t0.7_57.v,gpt4,H,0.7,57,1,1,0,"1C4C67847C539B51A4AB2EA2664A5513
",2557,253.771777
completions_gpt4/completion_H_t0.7_58.v,gpt4,H,0.7,58,1,1,1,"6F0FA9163F92C56027EA4D329455D7D7
",0,191.102976
completions_gpt4/completion_H_t0.7_59.v,gpt4,H,0.7,59,0,0,0,NA,NA,NA
completions_gpt4/completion_H_t0.7_60.v,gpt4,H,0.7,60,1,1,0,"40BDABB1D9E5C33B8F32084260B7C61A
",2505,0.000000
completions_gpt4/completion_H_t0.7_61.v,gpt4,H,0.7,61,1,0,0,NA,NA,NA
completions_gpt4/completion_H_t0.7_62.v,gpt4,H,0.7,62,1,1,0,"F7176DB018731FC4901E0122179A5840
",2543,979.894282
completions_gpt4/completion_H_t0.7_63.v,gpt4,H,0.7,63,1,0,0,NA,NA,NA
completions_gpt4/completion_H_t0.7_64.v,gpt4,H,0.7,64,1,1,0,"F7176DB018731FC4901E0122179A5840
",2543,113.246208
completions_gpt4/completion_H_t0.7_65.v,gpt4,H,0.7,65,0,0,0,NA,NA,NA
completions_gpt4/completion_H_t0.7_66.v,gpt4,H,0.7,66,1,1,0,"2195ABC9D94560A08F54748F026450E9
",2533,39.518208
completions_gpt4/completion_H_t0.7_67.v,gpt4,H,0.7,67,1,1,0,"AA86CEB5E04ABDC921ABC802317D31DE
",2520,38.928384
completions_gpt4/completion_H_t0.7_68.v,gpt4,H,0.7,68,1,0,0,NA,NA,NA
completions_gpt4/completion_H_t0.7_69.v,gpt4,H,0.7,69,0,0,0,NA,NA,NA
completions_gpt4/completion_H_t0.7_70.v,gpt4,H,0.7,70,0,0,0,NA,NA,NA
completions_gpt4/completion_H_t0.7_71.v,gpt4,H,0.7,71,1,1,0,"722E337DD9D1543B8F590AB4A06F4304
",2554,14.155776
completions_gpt4/completion_H_t0.7_72.v,gpt4,H,0.7,72,1,1,0,"A27172F50F8D7750502E253B6079577D
",2535,253.034496
completions_gpt4/completion_H_t0.7_73.v,gpt4,H,0.7,73,0,0,0,NA,NA,NA
completions_gpt4/completion_H_t0.7_74.v,gpt4,H,0.7,74,1,1,0,"F7176DB018731FC4901E0122179A5840
",2543,42.467328
completions_gpt4/completion_H_t0.7_75.v,gpt4,H,0.7,75,1,0,0,NA,NA,NA
completions_gpt4/completion_H_t0.7_76.v,gpt4,H,0.7,76,0,0,0,NA,NA,NA
completions_gpt4/completion_H_t0.7_77.v,gpt4,H,0.7,77,1,0,0,NA,NA,NA
completions_gpt4/completion_H_t0.7_78.v,gpt4,H,0.7,78,1,0,0,NA,NA,NA
completions_gpt4/completion_H_t0.7_79.v,gpt4,H,0.7,79,1,1,0,"7DA9921FEB3406984179E1E7EAED205B
",2541,254.803968
completions_gpt4/completion_H_t0.7_80.v,gpt4,H,0.7,80,1,1,1,"6F0FA9163F92C56027EA4D329455D7D7
",0,192.724992
completions_gpt4/completion_H_t0.7_81.v,gpt4,H,0.7,81,1,1,0,"F7176DB018731FC4901E0122179A5840
",2543,NA
completions_gpt4/completion_H_t0.7_82.v,gpt4,H,0.7,82,0,0,0,NA,NA,NA
completions_gpt4/completion_H_t0.7_83.v,gpt4,H,0.7,83,0,0,0,NA,NA,NA
completions_gpt4/completion_H_t0.7_84.v,gpt4,H,0.7,84,1,1,0,"F7176DB018731FC4901E0122179A5840
",2543,119.881728
completions_gpt4/completion_H_t0.7_85.v,gpt4,H,0.7,85,1,1,0,"4192855028E1666ABB30243B87B8FF1E
",2549,123.863040
completions_gpt4/completion_H_t0.7_86.v,gpt4,H,0.7,86,1,1,0,"9CF4CF57D9F9CC588FD68115D8BE9880
",2526,14.155776
completions_gpt4/completion_H_t0.7_87.v,gpt4,H,0.7,87,1,1,0,"ADDB913A6372058E21858E2DB40E9F68
",2536,28.753920
completions_gpt4/completion_H_t0.7_88.v,gpt4,H,0.7,88,1,0,0,NA,NA,NA
completions_gpt4/completion_H_t0.7_89.v,gpt4,H,0.7,89,0,0,0,NA,NA,NA
completions_gpt4/completion_H_t0.7_90.v,gpt4,H,0.7,90,1,1,0,"40FC25E4216D9BAE3732A5C29DACCC30
",2512,77.414400
completions_gpt4/completion_H_t0.7_91.v,gpt4,H,0.7,91,1,1,0,"F7176DB018FBFBAF90B84F9C179A5840
",2546,27.918336
completions_gpt4/completion_H_t0.7_92.v,gpt4,H,0.7,92,1,0,0,NA,NA,NA
completions_gpt4/completion_H_t0.7_93.v,gpt4,H,0.7,93,1,1,0,"20395735D94FC33C8F6C5C6960A0C610
",2517,0.000000
completions_gpt4/completion_H_t0.7_94.v,gpt4,H,0.7,94,1,1,0,"F7176DB018731FC4901E0122179A5840
",2543,0.000000
completions_gpt4/completion_H_t0.7_95.v,gpt4,H,0.7,95,1,0,0,NA,NA,NA
completions_gpt4/completion_H_t0.7_96.v,gpt4,H,0.7,96,1,0,0,NA,NA,NA
completions_gpt4/completion_H_t0.7_97.v,gpt4,H,0.7,97,0,0,0,NA,NA,NA
completions_gpt4/completion_H_t0.7_98.v,gpt4,H,0.7,98,1,0,0,NA,NA,NA
completions_gpt4/completion_H_t0.7_99.v,gpt4,H,0.7,99,0,0,0,NA,NA,NA
completions_gpt4/completion_H_t1.0_0.v,gpt4,H,1.0,0,0,0,0,NA,NA,NA
completions_gpt4/completion_H_t1.0_1.v,gpt4,H,1.0,1,0,0,0,NA,NA,NA
completions_gpt4/completion_H_t1.0_2.v,gpt4,H,1.0,2,0,0,0,NA,NA,NA
completions_gpt4/completion_H_t1.0_3.v,gpt4,H,1.0,3,0,0,0,NA,NA,NA
completions_gpt4/completion_H_t1.0_4.v,gpt4,H,1.0,4,1,1,0,"F7176DB018731FC4901E0122179A5840
",2543,NA
completions_gpt4/completion_H_t1.0_5.v,gpt4,H,1.0,5,1,1,1,"6F0FA9163F92C56027EA4D329455D7D7
",0,192.577536
completions_gpt4/completion_H_t1.0_6.v,gpt4,H,1.0,6,0,0,0,NA,NA,NA
completions_gpt4/completion_H_t1.0_7.v,gpt4,H,1.0,7,0,0,0,NA,NA,NA
completions_gpt4/completion_H_t1.0_8.v,gpt4,H,1.0,8,1,1,0,"EC02087F21A8EEA1AED72B94523E3ADE
",2524,697.810960
completions_gpt4/completion_H_t1.0_9.v,gpt4,H,1.0,9,1,1,0,"BAE9095BC635289493FE3D869D59C82A
",2536,605.552641
completions_gpt4/completion_H_t1.0_10.v,gpt4,H,1.0,10,1,1,0,"D00FBC4C6308BF4DE770DCC35D88A39E
",2499,232.390656
completions_gpt4/completion_H_t1.0_11.v,gpt4,H,1.0,11,1,1,0,"40FCAB59216D7B4F37ED3B4226AC4AC3
",2538,NA
completions_gpt4/completion_H_t1.0_12.v,gpt4,H,1.0,12,1,1,0,"70F726408D11FC8FAD1F9FE226633F54
",2563,172.425216
completions_gpt4/completion_H_t1.0_13.v,gpt4,H,1.0,13,1,0,0,NA,NA,NA
completions_gpt4/completion_H_t1.0_14.v,gpt4,H,1.0,14,0,0,0,NA,NA,NA
completions_gpt4/completion_H_t1.0_15.v,gpt4,H,1.0,15,1,1,0,"B2D58821B4DF4AD509B0A2D574623932
",2537,170.311680
completions_gpt4/completion_H_t1.0_16.v,gpt4,H,1.0,16,0,0,0,NA,NA,NA
completions_gpt4/completion_H_t1.0_17.v,gpt4,H,1.0,17,0,0,0,NA,NA,NA
completions_gpt4/completion_H_t1.0_18.v,gpt4,H,1.0,18,0,0,0,NA,NA,NA
completions_gpt4/completion_H_t1.0_19.v,gpt4,H,1.0,19,1,0,0,NA,NA,NA
completions_gpt4/completion_H_t1.0_20.v,gpt4,H,1.0,20,1,0,0,NA,NA,NA
completions_gpt4/completion_H_t1.0_21.v,gpt4,H,1.0,21,0,0,0,NA,NA,NA
completions_gpt4/completion_H_t1.0_22.v,gpt4,H,1.0,22,0,0,0,NA,NA,NA
completions_gpt4/completion_H_t1.0_23.v,gpt4,H,1.0,23,0,0,0,NA,NA,NA
completions_gpt4/completion_H_t1.0_24.v,gpt4,H,1.0,24,0,0,0,NA,NA,NA
completions_gpt4/completion_H_t1.0_25.v,gpt4,H,1.0,25,0,0,0,NA,NA,NA
completions_gpt4/completion_H_t1.0_26.v,gpt4,H,1.0,26,0,0,0,NA,NA,NA
completions_gpt4/completion_H_t1.0_27.v,gpt4,H,1.0,27,0,0,0,NA,NA,NA
completions_gpt4/completion_H_t1.0_28.v,gpt4,H,1.0,28,0,0,0,NA,NA,NA
completions_gpt4/completion_H_t1.0_29.v,gpt4,H,1.0,29,0,0,0,NA,NA,NA
completions_gpt4/completion_H_t1.0_30.v,gpt4,H,1.0,30,1,1,0,"B156C319D9CFAD2EE1C12D4D0D28921C
",2522,37.601280
completions_gpt4/completion_H_t1.0_31.v,gpt4,H,1.0,31,0,0,0,NA,NA,NA
completions_gpt4/completion_H_t1.0_32.v,gpt4,H,1.0,32,0,0,0,NA,NA,NA
completions_gpt4/completion_H_t1.0_33.v,gpt4,H,1.0,33,1,1,1,"6F0FA9163F92C56027EA4D329455D7D7
",0,191.102976
completions_gpt4/completion_H_t1.0_34.v,gpt4,H,1.0,34,0,0,0,NA,NA,NA
completions_gpt4/completion_H_t1.0_35.v,gpt4,H,1.0,35,1,0,0,NA,NA,NA
completions_gpt4/completion_H_t1.0_36.v,gpt4,H,1.0,36,0,0,0,NA,NA,NA
completions_gpt4/completion_H_t1.0_37.v,gpt4,H,1.0,37,0,0,0,NA,NA,NA
completions_gpt4/completion_H_t1.0_38.v,gpt4,H,1.0,38,1,1,1,"6F0FA9163F92C56027EA4D329455D7D7
",0,192.724992
completions_gpt4/completion_H_t1.0_39.v,gpt4,H,1.0,39,1,0,0,NA,NA,NA
completions_gpt4/completion_H_t1.0_40.v,gpt4,H,1.0,40,0,0,0,NA,NA,NA
completions_gpt4/completion_H_t1.0_41.v,gpt4,H,1.0,41,0,0,0,NA,NA,NA
completions_gpt4/completion_H_t1.0_42.v,gpt4,H,1.0,42,0,0,0,NA,NA,NA
completions_gpt4/completion_H_t1.0_43.v,gpt4,H,1.0,43,0,0,0,NA,NA,NA
completions_gpt4/completion_H_t1.0_44.v,gpt4,H,1.0,44,0,0,0,NA,NA,NA
completions_gpt4/completion_H_t1.0_45.v,gpt4,H,1.0,45,1,0,0,NA,NA,NA
completions_gpt4/completion_H_t1.0_46.v,gpt4,H,1.0,46,0,0,0,NA,NA,NA
completions_gpt4/completion_H_t1.0_47.v,gpt4,H,1.0,47,0,0,0,NA,NA,NA
completions_gpt4/completion_H_t1.0_48.v,gpt4,H,1.0,48,0,0,0,NA,NA,NA
completions_gpt4/completion_H_t1.0_49.v,gpt4,H,1.0,49,1,0,0,NA,NA,NA
completions_gpt4/completion_H_t1.0_50.v,gpt4,H,1.0,50,0,0,0,NA,NA,NA
completions_gpt4/completion_H_t1.0_51.v,gpt4,H,1.0,51,1,0,0,NA,NA,NA
completions_gpt4/completion_H_t1.0_52.v,gpt4,H,1.0,52,1,1,0,"686984150DB536AD0F4AF0FB9447B989
",2529,0.000000
completions_gpt4/completion_H_t1.0_53.v,gpt4,H,1.0,53,1,1,0,"1C0448F8B3D4F970EECC54682CF084F3
",2548,42.467328
completions_gpt4/completion_H_t1.0_54.v,gpt4,H,1.0,54,0,0,0,NA,NA,NA
completions_gpt4/completion_H_t1.0_55.v,gpt4,H,1.0,55,0,0,0,NA,NA,NA
completions_gpt4/completion_H_t1.0_56.v,gpt4,H,1.0,56,0,0,0,NA,NA,NA
completions_gpt4/completion_H_t1.0_57.v,gpt4,H,1.0,57,1,1,0,"F7176DB018731FC4901E0122179A5840
",2543,169.869312
completions_gpt4/completion_H_t1.0_58.v,gpt4,H,1.0,58,0,0,0,NA,NA,NA
completions_gpt4/completion_H_t1.0_59.v,gpt4,H,1.0,59,1,0,0,NA,NA,NA
completions_gpt4/completion_H_t1.0_60.v,gpt4,H,1.0,60,1,1,1,"6F0FA9163F92C56027EA4D329455D7D7
",0,192.872448
completions_gpt4/completion_H_t1.0_61.v,gpt4,H,1.0,61,1,1,0,"68FCF0CB216D1C4F37A93B799DAC4A69
",2520,0.000000
completions_gpt4/completion_H_t1.0_62.v,gpt4,H,1.0,62,1,1,0,"203857A9D977C34F8FEC5C4260B4C6C3
",2539,5.308416
completions_gpt4/completion_H_t1.0_63.v,gpt4,H,1.0,63,0,0,0,NA,NA,NA
completions_gpt4/completion_H_t1.0_64.v,gpt4,H,1.0,64,0,0,0,NA,NA,NA
completions_gpt4/completion_H_t1.0_65.v,gpt4,H,1.0,65,1,1,0,"4D51C952D9DC56718F392946C57093CC
",2541,14.155776
completions_gpt4/completion_H_t1.0_66.v,gpt4,H,1.0,66,0,0,0,NA,NA,NA
completions_gpt4/completion_H_t1.0_67.v,gpt4,H,1.0,67,1,0,0,NA,NA,NA
completions_gpt4/completion_H_t1.0_68.v,gpt4,H,1.0,68,1,0,0,NA,NA,NA
completions_gpt4/completion_H_t1.0_69.v,gpt4,H,1.0,69,0,0,0,NA,NA,NA
completions_gpt4/completion_H_t1.0_70.v,gpt4,H,1.0,70,0,0,0,NA,NA,NA
completions_gpt4/completion_H_t1.0_71.v,gpt4,H,1.0,71,1,0,0,NA,NA,NA
completions_gpt4/completion_H_t1.0_72.v,gpt4,H,1.0,72,1,1,0,"A6FD6DFA0D73284C90390DFDC452AB40
",2540,NA
completions_gpt4/completion_H_t1.0_73.v,gpt4,H,1.0,73,1,1,0,"F7176D3C1873F8C4906B0122869A5840
",2540,22.560768
completions_gpt4/completion_H_t1.0_74.v,gpt4,H,1.0,74,0,0,0,NA,NA,NA
completions_gpt4/completion_H_t1.0_75.v,gpt4,H,1.0,75,0,0,0,NA,NA,NA
completions_gpt4/completion_H_t1.0_76.v,gpt4,H,1.0,76,1,1,0,"40FCAB00216D754F37053B427EAC4AC3
",2536,1612.578834
completions_gpt4/completion_H_t1.0_77.v,gpt4,H,1.0,77,1,1,0,"D15124D50CA81DBFAB5994264D53E261
",2519,17.694720
completions_gpt4/completion_H_t1.0_78.v,gpt4,H,1.0,78,0,0,0,NA,NA,NA
completions_gpt4/completion_H_t1.0_79.v,gpt4,H,1.0,79,0,0,0,NA,NA,NA
completions_gpt4/completion_H_t1.0_80.v,gpt4,H,1.0,80,0,0,0,NA,NA,NA
completions_gpt4/completion_H_t1.0_81.v,gpt4,H,1.0,81,0,0,0,NA,NA,NA
completions_gpt4/completion_H_t1.0_82.v,gpt4,H,1.0,82,1,0,0,NA,NA,NA
completions_gpt4/completion_H_t1.0_83.v,gpt4,H,1.0,83,1,1,0,"F7176DB018731FC4901E0122179A5840
",2543,NA
completions_gpt4/completion_H_t1.0_84.v,gpt4,H,1.0,84,0,0,0,NA,NA,NA
completions_gpt4/completion_H_t1.0_85.v,gpt4,H,1.0,85,1,1,0,"40FCABB0216D7DC437323B229DAC4A40
",2540,42.467328
completions_gpt4/completion_H_t1.0_86.v,gpt4,H,1.0,86,1,1,0,"106A543EE4834DDF85D78AB30D16D931
",2535,241.287169
completions_gpt4/completion_H_t1.0_87.v,gpt4,H,1.0,87,1,0,0,NA,NA,NA
completions_gpt4/completion_H_t1.0_88.v,gpt4,H,1.0,88,1,1,0,"6859AB57B45BE40B41280342884793DA
",2544,7.077888
completions_gpt4/completion_H_t1.0_89.v,gpt4,H,1.0,89,0,0,0,NA,NA,NA
completions_gpt4/completion_H_t1.0_90.v,gpt4,H,1.0,90,0,0,0,NA,NA,NA
completions_gpt4/completion_H_t1.0_91.v,gpt4,H,1.0,91,0,0,0,NA,NA,NA
completions_gpt4/completion_H_t1.0_92.v,gpt4,H,1.0,92,1,0,0,NA,NA,NA
completions_gpt4/completion_H_t1.0_93.v,gpt4,H,1.0,93,0,0,0,NA,NA,NA
completions_gpt4/completion_H_t1.0_94.v,gpt4,H,1.0,94,1,0,0,NA,NA,NA
completions_gpt4/completion_H_t1.0_95.v,gpt4,H,1.0,95,0,0,0,NA,NA,NA
completions_gpt4/completion_H_t1.0_96.v,gpt4,H,1.0,96,0,0,0,NA,NA,NA
completions_gpt4/completion_H_t1.0_97.v,gpt4,H,1.0,97,0,0,0,NA,NA,NA
completions_gpt4/completion_H_t1.0_98.v,gpt4,H,1.0,98,1,0,0,NA,NA,NA
completions_gpt4/completion_H_t1.0_99.v,gpt4,H,1.0,99,0,0,0,NA,NA,NA
completions_claude/completion_L_t0.1_0.v,claude,L,0.1,0,1,1,1,"6F0FA9163F92C56027EA4D329455D7D7
",0,191.102976
completions_claude/completion_L_t0.1_1.v,claude,L,0.1,1,1,1,1,"6F0FA9163F92C56027EA4D329455D7D7
",0,191.102976
completions_claude/completion_L_t0.1_2.v,claude,L,0.1,2,1,1,1,"6F0FA9163F92C56027EA4D329455D7D7
",0,192.577536
completions_claude/completion_L_t0.1_3.v,claude,L,0.1,3,1,1,1,"6F0FA9163F92C56027EA4D329455D7D7
",0,191.102976
completions_claude/completion_L_t0.1_4.v,claude,L,0.1,4,1,1,1,"6F0FA9163F92C56027EA4D329455D7D7
",0,191.102976
completions_claude/completion_L_t0.1_5.v,claude,L,0.1,5,1,1,1,"6F0FA9163F92C56027EA4D329455D7D7
",0,191.102976
completions_claude/completion_L_t0.1_6.v,claude,L,0.1,6,1,1,1,"6F0FA9163F92C56027EA4D329455D7D7
",0,191.102976
completions_claude/completion_L_t0.1_7.v,claude,L,0.1,7,1,1,1,"6F0FA9163F92C56027EA4D329455D7D7
",0,191.102976
completions_claude/completion_L_t0.1_8.v,claude,L,0.1,8,1,1,1,"6F0FA9163F92C56027EA4D329455D7D7
",0,191.102976
completions_claude/completion_L_t0.1_9.v,claude,L,0.1,9,1,1,1,"6F0FA9163F92C56027EA4D329455D7D7
",0,191.102976
completions_claude/completion_L_t0.1_10.v,claude,L,0.1,10,1,1,1,"6F0FA9163F92C56027EA4D329455D7D7
",0,191.102976
completions_claude/completion_L_t0.1_11.v,claude,L,0.1,11,1,1,1,"6F0FA9163F92C56027EA4D329455D7D7
",0,191.102976
completions_claude/completion_L_t0.1_12.v,claude,L,0.1,12,1,1,1,"6F0FA9163F92C56027EA4D329455D7D7
",0,191.102976
completions_claude/completion_L_t0.1_13.v,claude,L,0.1,13,1,1,1,"6F0FA9163F92C56027EA4D329455D7D7
",0,191.102976
completions_claude/completion_L_t0.1_14.v,claude,L,0.1,14,1,1,1,"6F0FA9163F92C56027EA4D329455D7D7
",0,191.102976
completions_claude/completion_L_t0.1_15.v,claude,L,0.1,15,1,1,1,"6F0FA9163F92C56027EA4D329455D7D7
",0,191.102976
completions_claude/completion_L_t0.1_16.v,claude,L,0.1,16,1,1,1,"6F0FA9163F92C56027EA4D329455D7D7
",0,191.102976
completions_claude/completion_L_t0.1_17.v,claude,L,0.1,17,1,1,1,"6F0FA9163F92C56027EA4D329455D7D7
",0,191.102976
completions_claude/completion_L_t0.1_18.v,claude,L,0.1,18,1,1,1,"6F0FA9163F92C56027EA4D329455D7D7
",0,191.102976
completions_claude/completion_L_t0.1_19.v,claude,L,0.1,19,1,1,1,"6F0FA9163F92C56027EA4D329455D7D7
",0,191.102976
completions_claude/completion_L_t0.1_20.v,claude,L,0.1,20,1,1,1,"6F0FA9163F92C56027EA4D329455D7D7
",0,191.102976
completions_claude/completion_L_t0.1_21.v,claude,L,0.1,21,1,1,1,"6F0FA9163F92C56027EA4D329455D7D7
",0,191.102976
completions_claude/completion_L_t0.1_22.v,claude,L,0.1,22,1,1,1,"6F0FA9163F92C56027EA4D329455D7D7
",0,191.102976
completions_claude/completion_L_t0.1_23.v,claude,L,0.1,23,1,1,1,"6F0FA9163F92C56027EA4D329455D7D7
",0,191.102976
completions_claude/completion_L_t0.1_24.v,claude,L,0.1,24,1,1,1,"6F0FA9163F92C56027EA4D329455D7D7
",0,191.102976
completions_claude/completion_L_t0.1_25.v,claude,L,0.1,25,1,1,1,"6F0FA9163F92C56027EA4D329455D7D7
",0,191.102976
completions_claude/completion_L_t0.1_26.v,claude,L,0.1,26,1,1,1,"6F0FA9163F92C56027EA4D329455D7D7
",0,191.102976
completions_claude/completion_L_t0.1_27.v,claude,L,0.1,27,1,1,1,"6F0FA9163F92C56027EA4D329455D7D7
",0,191.102976
completions_claude/completion_L_t0.1_28.v,claude,L,0.1,28,1,1,1,"6F0FA9163F92C56027EA4D329455D7D7
",0,191.102976
completions_claude/completion_L_t0.1_29.v,claude,L,0.1,29,1,1,1,"6F0FA9163F92C56027EA4D329455D7D7
",0,191.102976
completions_claude/completion_L_t0.1_30.v,claude,L,0.1,30,1,1,1,"6F0FA9163F92C56027EA4D329455D7D7
",0,191.102976
completions_claude/completion_L_t0.1_31.v,claude,L,0.1,31,1,1,1,"6F0FA9163F92C56027EA4D329455D7D7
",0,191.102976
completions_claude/completion_L_t0.1_32.v,claude,L,0.1,32,1,1,1,"6F0FA9163F92C56027EA4D329455D7D7
",0,191.102976
completions_claude/completion_L_t0.1_33.v,claude,L,0.1,33,1,1,1,"6F0FA9163F92C56027EA4D329455D7D7
",0,191.102976
completions_claude/completion_L_t0.1_34.v,claude,L,0.1,34,1,1,1,"6F0FA9163F92C56027EA4D329455D7D7
",0,191.102976
completions_claude/completion_L_t0.1_35.v,claude,L,0.1,35,1,1,1,"6F0FA9163F92C56027EA4D329455D7D7
",0,191.102976
completions_claude/completion_L_t0.1_36.v,claude,L,0.1,36,1,1,1,"6F0FA9163F92C56027EA4D329455D7D7
",0,191.102976
completions_claude/completion_L_t0.1_37.v,claude,L,0.1,37,1,1,1,"6F0FA9163F92C56027EA4D329455D7D7
",0,191.102976
completions_claude/completion_L_t0.1_38.v,claude,L,0.1,38,1,1,1,"6F0FA9163F92C56027EA4D329455D7D7
",0,191.102976
completions_claude/completion_L_t0.1_39.v,claude,L,0.1,39,1,1,1,"6F0FA9163F92C56027EA4D329455D7D7
",0,191.102976
completions_claude/completion_L_t0.1_40.v,claude,L,0.1,40,1,1,1,"6F0FA9163F92C56027EA4D329455D7D7
",0,191.102976
completions_claude/completion_L_t0.1_41.v,claude,L,0.1,41,1,1,1,"6F0FA9163F92C56027EA4D329455D7D7
",0,191.102976
completions_claude/completion_L_t0.1_42.v,claude,L,0.1,42,1,1,1,"6F0FA9163F92C56027EA4D329455D7D7
",0,191.102976
completions_claude/completion_L_t0.1_43.v,claude,L,0.1,43,1,1,1,"6F0FA9163F92C56027EA4D329455D7D7
",0,191.102976
completions_claude/completion_L_t0.1_44.v,claude,L,0.1,44,1,1,1,"6F0FA9163F92C56027EA4D329455D7D7
",0,191.102976
completions_claude/completion_L_t0.1_45.v,claude,L,0.1,45,1,1,1,"6F0FA9163F92C56027EA4D329455D7D7
",0,191.102976
completions_claude/completion_L_t0.1_46.v,claude,L,0.1,46,1,1,1,"6F0FA9163F92C56027EA4D329455D7D7
",0,191.102976
completions_claude/completion_L_t0.1_47.v,claude,L,0.1,47,1,1,1,"6F0FA9163F92C56027EA4D329455D7D7
",0,191.102976
completions_claude/completion_L_t0.1_48.v,claude,L,0.1,48,1,1,1,"6F0FA9163F92C56027EA4D329455D7D7
",0,191.102976
completions_claude/completion_L_t0.1_49.v,claude,L,0.1,49,1,1,1,"6F0FA9163F92C56027EA4D329455D7D7
",0,191.102976
completions_claude/completion_L_t0.1_50.v,claude,L,0.1,50,1,1,1,"6F0FA9163F92C56027EA4D329455D7D7
",0,191.102976
completions_claude/completion_L_t0.1_51.v,claude,L,0.1,51,1,1,1,"6F0FA9163F92C56027EA4D329455D7D7
",0,191.102976
completions_claude/completion_L_t0.1_52.v,claude,L,0.1,52,1,1,1,"6F0FA9163F92C56027EA4D329455D7D7
",0,191.102976
completions_claude/completion_L_t0.1_53.v,claude,L,0.1,53,1,1,1,"6F0FA9163F92C56027EA4D329455D7D7
",0,191.102976
completions_claude/completion_L_t0.1_54.v,claude,L,0.1,54,1,1,1,"6F0FA9163F92C56027EA4D329455D7D7
",0,191.102976
completions_claude/completion_L_t0.1_55.v,claude,L,0.1,55,1,1,1,"6F0FA9163F92C56027EA4D329455D7D7
",0,191.102976
completions_claude/completion_L_t0.1_56.v,claude,L,0.1,56,1,1,1,"6F0FA9163F92C56027EA4D329455D7D7
",0,191.102976
completions_claude/completion_L_t0.1_57.v,claude,L,0.1,57,1,1,1,"6F0FA9163F92C56027EA4D329455D7D7
",0,191.102976
completions_claude/completion_L_t0.1_58.v,claude,L,0.1,58,1,1,1,"6F0FA9163F92C56027EA4D329455D7D7
",0,191.102976
completions_claude/completion_L_t0.1_59.v,claude,L,0.1,59,1,1,1,"6F0FA9163F92C56027EA4D329455D7D7
",0,191.102976
completions_claude/completion_L_t0.1_60.v,claude,L,0.1,60,1,1,1,"6F0FA9163F92C56027EA4D329455D7D7
",0,191.102976
completions_claude/completion_L_t0.1_61.v,claude,L,0.1,61,1,1,1,"6F0FA9163F92C56027EA4D329455D7D7
",0,191.102976
completions_claude/completion_L_t0.1_62.v,claude,L,0.1,62,1,1,1,"6F0FA9163F92C56027EA4D329455D7D7
",0,191.102976
completions_claude/completion_L_t0.1_63.v,claude,L,0.1,63,1,1,1,"6F0FA9163F92C56027EA4D329455D7D7
",0,191.102976
completions_claude/completion_L_t0.1_64.v,claude,L,0.1,64,1,1,1,"6F0FA9163F92C56027EA4D329455D7D7
",0,191.102976
completions_claude/completion_L_t0.1_65.v,claude,L,0.1,65,1,1,1,"6F0FA9163F92C56027EA4D329455D7D7
",0,191.102976
completions_claude/completion_L_t0.1_66.v,claude,L,0.1,66,1,1,1,"6F0FA9163F92C56027EA4D329455D7D7
",0,191.102976
completions_claude/completion_L_t0.1_67.v,claude,L,0.1,67,1,1,1,"6F0FA9163F92C56027EA4D329455D7D7
",0,191.102976
completions_claude/completion_L_t0.1_68.v,claude,L,0.1,68,1,1,1,"6F0FA9163F92C56027EA4D329455D7D7
",0,191.102976
completions_claude/completion_L_t0.1_69.v,claude,L,0.1,69,1,1,1,"6F0FA9163F92C56027EA4D329455D7D7
",0,191.102976
completions_claude/completion_L_t0.1_70.v,claude,L,0.1,70,1,1,1,"6F0FA9163F92C56027EA4D329455D7D7
",0,191.102976
completions_claude/completion_L_t0.1_71.v,claude,L,0.1,71,1,1,1,"6F0FA9163F92C56027EA4D329455D7D7
",0,191.102976
completions_claude/completion_L_t0.1_72.v,claude,L,0.1,72,1,1,1,"6F0FA9163F92C56027EA4D329455D7D7
",0,191.102976
completions_claude/completion_L_t0.1_73.v,claude,L,0.1,73,1,1,1,"6F0FA9163F92C56027EA4D329455D7D7
",0,191.102976
completions_claude/completion_L_t0.1_74.v,claude,L,0.1,74,1,1,1,"6F0FA9163F92C56027EA4D329455D7D7
",0,191.102976
completions_claude/completion_L_t0.1_75.v,claude,L,0.1,75,1,1,1,"6F0FA9163F92C56027EA4D329455D7D7
",0,191.102976
completions_claude/completion_L_t0.1_76.v,claude,L,0.1,76,1,1,1,"6F0FA9163F92C56027EA4D329455D7D7
",0,191.102976
completions_claude/completion_L_t0.1_77.v,claude,L,0.1,77,1,1,1,"6F0FA9163F92C56027EA4D329455D7D7
",0,191.102976
completions_claude/completion_L_t0.1_78.v,claude,L,0.1,78,1,1,1,"6F0FA9163F92C56027EA4D329455D7D7
",0,191.102976
completions_claude/completion_L_t0.1_79.v,claude,L,0.1,79,1,1,1,"6F0FA9163F92C56027EA4D329455D7D7
",0,191.102976
completions_claude/completion_L_t0.1_80.v,claude,L,0.1,80,1,1,1,"6F0FA9163F92C56027EA4D329455D7D7
",0,191.102976
completions_claude/completion_L_t0.1_81.v,claude,L,0.1,81,1,1,1,"6F0FA9163F92C56027EA4D329455D7D7
",0,191.102976
completions_claude/completion_L_t0.1_82.v,claude,L,0.1,82,1,1,1,"6F0FA9163F92C56027EA4D329455D7D7
",0,191.102976
completions_claude/completion_L_t0.1_83.v,claude,L,0.1,83,1,1,1,"6F0FA9163F92C56027EA4D329455D7D7
",0,191.102976
completions_claude/completion_L_t0.1_84.v,claude,L,0.1,84,1,1,1,"6F0FA9163F92C56027EA4D329455D7D7
",0,191.102976
completions_claude/completion_L_t0.1_85.v,claude,L,0.1,85,1,1,1,"6F0FA9163F92C56027EA4D329455D7D7
",0,191.102976
completions_claude/completion_L_t0.1_86.v,claude,L,0.1,86,1,1,1,"6F0FA9163F92C56027EA4D329455D7D7
",0,191.102976
completions_claude/completion_L_t0.1_87.v,claude,L,0.1,87,1,1,1,"6F0FA9163F92C56027EA4D329455D7D7
",0,191.102976
completions_claude/completion_L_t0.1_88.v,claude,L,0.1,88,1,1,1,"6F0FA9163F92C56027EA4D329455D7D7
",0,191.102976
completions_claude/completion_L_t0.1_89.v,claude,L,0.1,89,1,1,1,"6F0FA9163F92C56027EA4D329455D7D7
",0,191.102976
completions_claude/completion_L_t0.1_90.v,claude,L,0.1,90,1,1,1,"6F0FA9163F92C56027EA4D329455D7D7
",0,191.102976
completions_claude/completion_L_t0.1_91.v,claude,L,0.1,91,1,1,1,"6F0FA9163F92C56027EA4D329455D7D7
",0,191.102976
completions_claude/completion_L_t0.1_92.v,claude,L,0.1,92,1,1,1,"6F0FA9163F92C56027EA4D329455D7D7
",0,191.102976
completions_claude/completion_L_t0.1_93.v,claude,L,0.1,93,1,1,1,"6F0FA9163F92C56027EA4D329455D7D7
",0,191.102976
completions_claude/completion_L_t0.1_94.v,claude,L,0.1,94,1,1,1,"6F0FA9163F92C56027EA4D329455D7D7
",0,191.102976
completions_claude/completion_L_t0.1_95.v,claude,L,0.1,95,1,1,1,"6F0FA9163F92C56027EA4D329455D7D7
",0,191.102976
completions_claude/completion_L_t0.1_96.v,claude,L,0.1,96,1,1,1,"6F0FA9163F92C56027EA4D329455D7D7
",0,191.102976
completions_claude/completion_L_t0.1_97.v,claude,L,0.1,97,1,1,1,"6F0FA9163F92C56027EA4D329455D7D7
",0,191.102976
completions_claude/completion_L_t0.1_98.v,claude,L,0.1,98,1,1,1,"6F0FA9163F92C56027EA4D329455D7D7
",0,191.102976
completions_claude/completion_L_t0.1_99.v,claude,L,0.1,99,1,1,1,"6F0FA9163F92C56027EA4D329455D7D7
",0,191.102976
completions_claude/completion_L_t0.3_0.v,claude,L,0.3,0,1,1,1,"6F0FA9163F92C56027EA4D329455D7D7
",0,191.102976
completions_claude/completion_L_t0.3_1.v,claude,L,0.3,1,1,1,1,"6F0FA9163F92C56027EA4D329455D7D7
",0,191.102976
completions_claude/completion_L_t0.3_2.v,claude,L,0.3,2,1,1,1,"6F0FA9163F92C56027EA4D329455D7D7
",0,191.102976
completions_claude/completion_L_t0.3_3.v,claude,L,0.3,3,1,1,1,"6F0FA9163F92C56027EA4D329455D7D7
",0,191.102976
completions_claude/completion_L_t0.3_4.v,claude,L,0.3,4,1,1,1,"6F0FA9163F92C56027EA4D329455D7D7
",0,191.102976
completions_claude/completion_L_t0.3_5.v,claude,L,0.3,5,1,1,1,"6F0FA9163F92C56027EA4D329455D7D7
",0,191.102976
completions_claude/completion_L_t0.3_6.v,claude,L,0.3,6,1,1,1,"6F0FA9163F92C56027EA4D329455D7D7
",0,191.102976
completions_claude/completion_L_t0.3_7.v,claude,L,0.3,7,1,1,1,"6F0FA9163F92C56027EA4D329455D7D7
",0,191.102976
completions_claude/completion_L_t0.3_8.v,claude,L,0.3,8,1,1,1,"6F0FA9163F92C56027EA4D329455D7D7
",0,191.102976
completions_claude/completion_L_t0.3_9.v,claude,L,0.3,9,1,1,1,"6F0FA9163F92C56027EA4D329455D7D7
",0,191.102976
completions_claude/completion_L_t0.3_10.v,claude,L,0.3,10,1,1,1,"6F0FA9163F92C56027EA4D329455D7D7
",0,191.102976
completions_claude/completion_L_t0.3_11.v,claude,L,0.3,11,1,1,1,"6F0FA9163F92C56027EA4D329455D7D7
",0,192.577536
completions_claude/completion_L_t0.3_12.v,claude,L,0.3,12,1,1,1,"6F0FA9163F92C56027EA4D329455D7D7
",0,191.102976
completions_claude/completion_L_t0.3_13.v,claude,L,0.3,13,1,1,1,"6F0FA9163F92C56027EA4D329455D7D7
",0,191.102976
completions_claude/completion_L_t0.3_14.v,claude,L,0.3,14,1,1,1,"6F0FA9163F92C56027EA4D329455D7D7
",0,191.102976
completions_claude/completion_L_t0.3_15.v,claude,L,0.3,15,1,1,1,"6F0FA9163F92C56027EA4D329455D7D7
",0,191.102976
completions_claude/completion_L_t0.3_16.v,claude,L,0.3,16,1,1,1,"6F0FA9163F92C56027EA4D329455D7D7
",0,191.102976
completions_claude/completion_L_t0.3_17.v,claude,L,0.3,17,1,1,1,"6F0FA9163F92C56027EA4D329455D7D7
",0,191.102976
completions_claude/completion_L_t0.3_18.v,claude,L,0.3,18,1,1,1,"6F0FA9163F92C56027EA4D329455D7D7
",0,191.102976
completions_claude/completion_L_t0.3_19.v,claude,L,0.3,19,1,1,1,"6F0FA9163F92C56027EA4D329455D7D7
",0,191.102976
completions_claude/completion_L_t0.3_20.v,claude,L,0.3,20,1,1,1,"6F0FA9163F92C56027EA4D329455D7D7
",0,191.102976
completions_claude/completion_L_t0.3_21.v,claude,L,0.3,21,1,1,1,"6F0FA9163F92C56027EA4D329455D7D7
",0,191.102976
completions_claude/completion_L_t0.3_22.v,claude,L,0.3,22,1,1,1,"6F0FA9163F92C56027EA4D329455D7D7
",0,191.102976
completions_claude/completion_L_t0.3_23.v,claude,L,0.3,23,1,1,1,"6F0FA9163F92C56027EA4D329455D7D7
",0,191.102976
completions_claude/completion_L_t0.3_24.v,claude,L,0.3,24,1,1,1,"6F0FA9163F92C56027EA4D329455D7D7
",0,191.102976
completions_claude/completion_L_t0.3_25.v,claude,L,0.3,25,1,1,1,"6F0FA9163F92C56027EA4D329455D7D7
",0,191.102976
completions_claude/completion_L_t0.3_26.v,claude,L,0.3,26,1,1,1,"6F0FA9163F92C56027EA4D329455D7D7
",0,191.102976
completions_claude/completion_L_t0.3_27.v,claude,L,0.3,27,1,1,1,"6F0FA9163F92C56027EA4D329455D7D7
",0,191.102976
completions_claude/completion_L_t0.3_28.v,claude,L,0.3,28,1,1,1,"6F0FA9163F92C56027EA4D329455D7D7
",0,191.102976
completions_claude/completion_L_t0.3_29.v,claude,L,0.3,29,1,1,1,"6F0FA9163F92C56027EA4D329455D7D7
",0,191.102976
completions_claude/completion_L_t0.3_30.v,claude,L,0.3,30,1,1,1,"6F0FA9163F92C56027EA4D329455D7D7
",0,191.102976
completions_claude/completion_L_t0.3_31.v,claude,L,0.3,31,1,1,1,"6F0FA9163F92C56027EA4D329455D7D7
",0,191.102976
completions_claude/completion_L_t0.3_32.v,claude,L,0.3,32,1,1,1,"6F0FA9163F92C56027EA4D329455D7D7
",0,191.102976
completions_claude/completion_L_t0.3_33.v,claude,L,0.3,33,1,1,1,"6F0FA9163F92C56027EA4D329455D7D7
",0,191.102976
completions_claude/completion_L_t0.3_34.v,claude,L,0.3,34,1,1,1,"6F0FA9163F92C56027EA4D329455D7D7
",0,191.102976
completions_claude/completion_L_t0.3_35.v,claude,L,0.3,35,1,1,1,"6F0FA9163F92C56027EA4D329455D7D7
",0,191.102976
completions_claude/completion_L_t0.3_36.v,claude,L,0.3,36,1,1,1,"6F0FA9163F92C56027EA4D329455D7D7
",0,191.102976
completions_claude/completion_L_t0.3_37.v,claude,L,0.3,37,1,1,1,"6F0FA9163F92C56027EA4D329455D7D7
",0,191.102976
completions_claude/completion_L_t0.3_38.v,claude,L,0.3,38,1,1,1,"6F0FA9163F92C56027EA4D329455D7D7
",0,191.102976
completions_claude/completion_L_t0.3_39.v,claude,L,0.3,39,1,1,1,"6F0FA9163F92C56027EA4D329455D7D7
",0,191.102976
completions_claude/completion_L_t0.3_40.v,claude,L,0.3,40,1,1,1,"6F0FA9163F92C56027EA4D329455D7D7
",0,191.102976
completions_claude/completion_L_t0.3_41.v,claude,L,0.3,41,1,1,1,"6F0FA9163F92C56027EA4D329455D7D7
",0,191.102976
completions_claude/completion_L_t0.3_42.v,claude,L,0.3,42,1,1,1,"6F0FA9163F92C56027EA4D329455D7D7
",0,191.102976
completions_claude/completion_L_t0.3_43.v,claude,L,0.3,43,1,1,1,"6F0FA9163F92C56027EA4D329455D7D7
",0,191.102976
completions_claude/completion_L_t0.3_44.v,claude,L,0.3,44,1,1,1,"6F0FA9163F92C56027EA4D329455D7D7
",0,192.577536
completions_claude/completion_L_t0.3_45.v,claude,L,0.3,45,1,1,1,"6F0FA9163F92C56027EA4D329455D7D7
",0,191.102976
completions_claude/completion_L_t0.3_46.v,claude,L,0.3,46,1,1,1,"6F0FA9163F92C56027EA4D329455D7D7
",0,191.102976
completions_claude/completion_L_t0.3_47.v,claude,L,0.3,47,1,1,1,"6F0FA9163F92C56027EA4D329455D7D7
",0,191.102976
completions_claude/completion_L_t0.3_48.v,claude,L,0.3,48,1,1,1,"6F0FA9163F92C56027EA4D329455D7D7
",0,191.102976
completions_claude/completion_L_t0.3_49.v,claude,L,0.3,49,1,1,1,"6F0FA9163F92C56027EA4D329455D7D7
",0,191.102976
completions_claude/completion_L_t0.3_50.v,claude,L,0.3,50,1,1,1,"6F0FA9163F92C56027EA4D329455D7D7
",0,191.102976
completions_claude/completion_L_t0.3_51.v,claude,L,0.3,51,1,1,1,"6F0FA9163F92C56027EA4D329455D7D7
",0,191.102976
completions_claude/completion_L_t0.3_52.v,claude,L,0.3,52,1,1,1,"6F0FA9163F92C56027EA4D329455D7D7
",0,191.102976
completions_claude/completion_L_t0.3_53.v,claude,L,0.3,53,1,1,1,"6F0FA9163F92C56027EA4D329455D7D7
",0,191.102976
completions_claude/completion_L_t0.3_54.v,claude,L,0.3,54,1,1,1,"6F0FA9163F92C56027EA4D329455D7D7
",0,191.102976
completions_claude/completion_L_t0.3_55.v,claude,L,0.3,55,1,1,0,"56256FCA8256382DEE0B9091C144883D
",2546,191.102976
completions_claude/completion_L_t0.3_56.v,claude,L,0.3,56,1,1,1,"6F0FA9163F92C56027EA4D329455D7D7
",0,191.102976
completions_claude/completion_L_t0.3_57.v,claude,L,0.3,57,1,1,1,"6F0FA9163F92C56027EA4D329455D7D7
",0,191.102976
completions_claude/completion_L_t0.3_58.v,claude,L,0.3,58,1,1,1,"6F0FA9163F92C56027EA4D329455D7D7
",0,191.102976
completions_claude/completion_L_t0.3_59.v,claude,L,0.3,59,1,1,1,"6F0FA9163F92C56027EA4D329455D7D7
",0,191.102976
completions_claude/completion_L_t0.3_60.v,claude,L,0.3,60,1,1,1,"6F0FA9163F92C56027EA4D329455D7D7
",0,191.102976
completions_claude/completion_L_t0.3_61.v,claude,L,0.3,61,1,1,1,"6F0FA9163F92C56027EA4D329455D7D7
",0,191.102976
completions_claude/completion_L_t0.3_62.v,claude,L,0.3,62,1,1,1,"6F0FA9163F92C56027EA4D329455D7D7
",0,191.102976
completions_claude/completion_L_t0.3_63.v,claude,L,0.3,63,1,1,1,"6F0FA9163F92C56027EA4D329455D7D7
",0,191.102976
completions_claude/completion_L_t0.3_64.v,claude,L,0.3,64,1,1,1,"6F0FA9163F92C56027EA4D329455D7D7
",0,191.102976
completions_claude/completion_L_t0.3_65.v,claude,L,0.3,65,1,1,1,"6F0FA9163F92C56027EA4D329455D7D7
",0,191.102976
completions_claude/completion_L_t0.3_66.v,claude,L,0.3,66,1,1,1,"6F0FA9163F92C56027EA4D329455D7D7
",0,191.102976
completions_claude/completion_L_t0.3_67.v,claude,L,0.3,67,1,1,1,"6F0FA9163F92C56027EA4D329455D7D7
",0,191.102976
completions_claude/completion_L_t0.3_68.v,claude,L,0.3,68,1,1,1,"6F0FA9163F92C56027EA4D329455D7D7
",0,191.102976
completions_claude/completion_L_t0.3_69.v,claude,L,0.3,69,1,1,0,"56256FCA8256382DEE0B9091C144883D
",2546,191.102976
completions_claude/completion_L_t0.3_70.v,claude,L,0.3,70,1,1,1,"6F0FA9163F92C56027EA4D329455D7D7
",0,191.102976
completions_claude/completion_L_t0.3_71.v,claude,L,0.3,71,1,1,1,"6F0FA9163F92C56027EA4D329455D7D7
",0,191.102976
completions_claude/completion_L_t0.3_72.v,claude,L,0.3,72,1,1,1,"6F0FA9163F92C56027EA4D329455D7D7
",0,191.102976
completions_claude/completion_L_t0.3_73.v,claude,L,0.3,73,1,1,1,"6F0FA9163F92C56027EA4D329455D7D7
",0,191.102976
completions_claude/completion_L_t0.3_74.v,claude,L,0.3,74,1,1,1,"6F0FA9163F92C56027EA4D329455D7D7
",0,191.102976
completions_claude/completion_L_t0.3_75.v,claude,L,0.3,75,1,1,1,"6F0FA9163F92C56027EA4D329455D7D7
",0,191.102976
completions_claude/completion_L_t0.3_76.v,claude,L,0.3,76,1,1,1,"6F0FA9163F92C56027EA4D329455D7D7
",0,192.577536
completions_claude/completion_L_t0.3_77.v,claude,L,0.3,77,1,1,1,"6F0FA9163F92C56027EA4D329455D7D7
",0,191.102976
completions_claude/completion_L_t0.3_78.v,claude,L,0.3,78,1,1,1,"6F0FA9163F92C56027EA4D329455D7D7
",0,191.102976
completions_claude/completion_L_t0.3_79.v,claude,L,0.3,79,1,1,1,"6F0FA9163F92C56027EA4D329455D7D7
",0,191.102976
completions_claude/completion_L_t0.3_80.v,claude,L,0.3,80,1,1,1,"6F0FA9163F92C56027EA4D329455D7D7
",0,191.102976
completions_claude/completion_L_t0.3_81.v,claude,L,0.3,81,1,1,1,"6F0FA9163F92C56027EA4D329455D7D7
",0,191.102976
completions_claude/completion_L_t0.3_82.v,claude,L,0.3,82,1,1,1,"6F0FA9163F92C56027EA4D329455D7D7
",0,191.102976
completions_claude/completion_L_t0.3_83.v,claude,L,0.3,83,1,1,1,"6F0FA9163F92C56027EA4D329455D7D7
",0,191.102976
completions_claude/completion_L_t0.3_84.v,claude,L,0.3,84,1,1,1,"6F0FA9163F92C56027EA4D329455D7D7
",0,191.102976
completions_claude/completion_L_t0.3_85.v,claude,L,0.3,85,1,1,1,"6F0FA9163F92C56027EA4D329455D7D7
",0,192.577536
completions_claude/completion_L_t0.3_86.v,claude,L,0.3,86,1,1,1,"6F0FA9163F92C56027EA4D329455D7D7
",0,191.102976
completions_claude/completion_L_t0.3_87.v,claude,L,0.3,87,1,1,1,"6F0FA9163F92C56027EA4D329455D7D7
",0,191.102976
completions_claude/completion_L_t0.3_88.v,claude,L,0.3,88,1,1,1,"6F0FA9163F92C56027EA4D329455D7D7
",0,191.102976
completions_claude/completion_L_t0.3_89.v,claude,L,0.3,89,1,1,1,"6F0FA9163F92C56027EA4D329455D7D7
",0,191.102976
completions_claude/completion_L_t0.3_90.v,claude,L,0.3,90,1,1,1,"6F0FA9163F92C56027EA4D329455D7D7
",0,191.102976
completions_claude/completion_L_t0.3_91.v,claude,L,0.3,91,1,1,1,"6F0FA9163F92C56027EA4D329455D7D7
",0,191.102976
completions_claude/completion_L_t0.3_92.v,claude,L,0.3,92,1,1,1,"6F0FA9163F92C56027EA4D329455D7D7
",0,191.102976
completions_claude/completion_L_t0.3_93.v,claude,L,0.3,93,1,1,1,"6F0FA9163F92C56027EA4D329455D7D7
",0,191.102976
completions_claude/completion_L_t0.3_94.v,claude,L,0.3,94,1,1,1,"6F0FA9163F92C56027EA4D329455D7D7
",0,192.577536
completions_claude/completion_L_t0.3_95.v,claude,L,0.3,95,1,1,1,"6F0FA9163F92C56027EA4D329455D7D7
",0,192.577536
completions_claude/completion_L_t0.3_96.v,claude,L,0.3,96,1,1,1,"6F0FA9163F92C56027EA4D329455D7D7
",0,192.577536
completions_claude/completion_L_t0.3_97.v,claude,L,0.3,97,1,1,1,"6F0FA9163F92C56027EA4D329455D7D7
",0,191.102976
completions_claude/completion_L_t0.3_98.v,claude,L,0.3,98,1,1,1,"6F0FA9163F92C56027EA4D329455D7D7
",0,191.102976
completions_claude/completion_L_t0.3_99.v,claude,L,0.3,99,1,1,1,"6F0FA9163F92C56027EA4D329455D7D7
",0,191.102976
completions_claude/completion_L_t0.5_0.v,claude,L,0.5,0,1,1,1,"6F0FA9163F92C56027EA4D329455D7D7
",0,192.577536
completions_claude/completion_L_t0.5_1.v,claude,L,0.5,1,1,1,1,"6F0FA9163F92C56027EA4D329455D7D7
",0,191.102976
completions_claude/completion_L_t0.5_2.v,claude,L,0.5,2,1,1,1,"6F0FA9163F92C56027EA4D329455D7D7
",0,191.102976
completions_claude/completion_L_t0.5_3.v,claude,L,0.5,3,1,1,1,"6F0FA9163F92C56027EA4D329455D7D7
",0,192.577536
completions_claude/completion_L_t0.5_4.v,claude,L,0.5,4,1,1,0,"56256FCA8256382DEE0B9091C144883D
",2546,191.102976
completions_claude/completion_L_t0.5_5.v,claude,L,0.5,5,1,1,1,"6F0FA9163F92C56027EA4D329455D7D7
",0,191.102976
completions_claude/completion_L_t0.5_6.v,claude,L,0.5,6,1,1,1,"6F0FA9163F92C56027EA4D329455D7D7
",0,191.102976
completions_claude/completion_L_t0.5_7.v,claude,L,0.5,7,1,1,1,"6F0FA9163F92C56027EA4D329455D7D7
",0,191.102976
completions_claude/completion_L_t0.5_8.v,claude,L,0.5,8,1,1,1,"6F0FA9163F92C56027EA4D329455D7D7
",0,191.102976
completions_claude/completion_L_t0.5_9.v,claude,L,0.5,9,1,1,1,"6F0FA9163F92C56027EA4D329455D7D7
",0,191.102976
completions_claude/completion_L_t0.5_10.v,claude,L,0.5,10,1,1,1,"6F0FA9163F92C56027EA4D329455D7D7
",0,191.102976
completions_claude/completion_L_t0.5_11.v,claude,L,0.5,11,1,1,1,"6F0FA9163F92C56027EA4D329455D7D7
",0,191.102976
completions_claude/completion_L_t0.5_12.v,claude,L,0.5,12,1,1,1,"6F0FA9163F92C56027EA4D329455D7D7
",0,192.724992
completions_claude/completion_L_t0.5_13.v,claude,L,0.5,13,1,1,1,"6F0FA9163F92C56027EA4D329455D7D7
",0,191.102976
completions_claude/completion_L_t0.5_14.v,claude,L,0.5,14,1,1,1,"6F0FA9163F92C56027EA4D329455D7D7
",0,191.102976
completions_claude/completion_L_t0.5_15.v,claude,L,0.5,15,1,1,1,"6F0FA9163F92C56027EA4D329455D7D7
",0,191.102976
completions_claude/completion_L_t0.5_16.v,claude,L,0.5,16,1,1,1,"6F0FA9163F92C56027EA4D329455D7D7
",0,191.102976
completions_claude/completion_L_t0.5_17.v,claude,L,0.5,17,1,1,1,"6F0FA9163F92C56027EA4D329455D7D7
",0,192.577536
completions_claude/completion_L_t0.5_18.v,claude,L,0.5,18,1,1,1,"6F0FA9163F92C56027EA4D329455D7D7
",0,191.102976
completions_claude/completion_L_t0.5_19.v,claude,L,0.5,19,1,1,1,"6F0FA9163F92C56027EA4D329455D7D7
",0,191.102976
completions_claude/completion_L_t0.5_20.v,claude,L,0.5,20,1,1,1,"6F0FA9163F92C56027EA4D329455D7D7
",0,191.102976
completions_claude/completion_L_t0.5_21.v,claude,L,0.5,21,1,1,1,"6F0FA9163F92C56027EA4D329455D7D7
",0,192.577536
completions_claude/completion_L_t0.5_22.v,claude,L,0.5,22,1,1,1,"6F0FA9163F92C56027EA4D329455D7D7
",0,191.102976
completions_claude/completion_L_t0.5_23.v,claude,L,0.5,23,1,1,1,"6F0FA9163F92C56027EA4D329455D7D7
",0,192.724992
completions_claude/completion_L_t0.5_24.v,claude,L,0.5,24,1,1,1,"6F0FA9163F92C56027EA4D329455D7D7
",0,191.102976
completions_claude/completion_L_t0.5_25.v,claude,L,0.5,25,1,1,1,"6F0FA9163F92C56027EA4D329455D7D7
",0,191.102976
completions_claude/completion_L_t0.5_26.v,claude,L,0.5,26,1,1,1,"6F0FA9163F92C56027EA4D329455D7D7
",0,191.102976
completions_claude/completion_L_t0.5_27.v,claude,L,0.5,27,1,1,1,"6F0FA9163F92C56027EA4D329455D7D7
",0,192.577536
completions_claude/completion_L_t0.5_28.v,claude,L,0.5,28,1,1,1,"6F0FA9163F92C56027EA4D329455D7D7
",0,192.577536
completions_claude/completion_L_t0.5_29.v,claude,L,0.5,29,1,1,1,"6F0FA9163F92C56027EA4D329455D7D7
",0,191.102976
completions_claude/completion_L_t0.5_30.v,claude,L,0.5,30,1,1,0,"56256FCA8256382DEE0B9091C144883D
",2546,192.577536
completions_claude/completion_L_t0.5_31.v,claude,L,0.5,31,1,1,1,"6F0FA9163F92C56027EA4D329455D7D7
",0,191.102976
completions_claude/completion_L_t0.5_32.v,claude,L,0.5,32,1,1,1,"6F0FA9163F92C56027EA4D329455D7D7
",0,191.102976
completions_claude/completion_L_t0.5_33.v,claude,L,0.5,33,1,1,1,"6F0FA9163F92C56027EA4D329455D7D7
",0,191.102976
completions_claude/completion_L_t0.5_34.v,claude,L,0.5,34,1,1,1,"6F0FA9163F92C56027EA4D329455D7D7
",0,191.102976
completions_claude/completion_L_t0.5_35.v,claude,L,0.5,35,1,1,1,"6F0FA9163F92C56027EA4D329455D7D7
",0,192.577536
completions_claude/completion_L_t0.5_36.v,claude,L,0.5,36,1,1,1,"6F0FA9163F92C56027EA4D329455D7D7
",0,191.102976
completions_claude/completion_L_t0.5_37.v,claude,L,0.5,37,1,1,1,"6F0FA9163F92C56027EA4D329455D7D7
",0,192.577536
completions_claude/completion_L_t0.5_38.v,claude,L,0.5,38,1,1,1,"6F0FA9163F92C56027EA4D329455D7D7
",0,191.102976
completions_claude/completion_L_t0.5_39.v,claude,L,0.5,39,1,1,1,"6F0FA9163F92C56027EA4D329455D7D7
",0,191.102976
completions_claude/completion_L_t0.5_40.v,claude,L,0.5,40,1,1,1,"6F0FA9163F92C56027EA4D329455D7D7
",0,191.102976
completions_claude/completion_L_t0.5_41.v,claude,L,0.5,41,1,1,1,"6F0FA9163F92C56027EA4D329455D7D7
",0,191.102976
completions_claude/completion_L_t0.5_42.v,claude,L,0.5,42,1,1,1,"6F0FA9163F92C56027EA4D329455D7D7
",0,191.102976
completions_claude/completion_L_t0.5_43.v,claude,L,0.5,43,1,1,1,"6F0FA9163F92C56027EA4D329455D7D7
",0,191.102976
completions_claude/completion_L_t0.5_44.v,claude,L,0.5,44,1,1,1,"6F0FA9163F92C56027EA4D329455D7D7
",0,191.102976
completions_claude/completion_L_t0.5_45.v,claude,L,0.5,45,1,1,1,"6F0FA9163F92C56027EA4D329455D7D7
",0,191.102976
completions_claude/completion_L_t0.5_46.v,claude,L,0.5,46,1,1,1,"6F0FA9163F92C56027EA4D329455D7D7
",0,191.102976
completions_claude/completion_L_t0.5_47.v,claude,L,0.5,47,1,1,1,"6F0FA9163F92C56027EA4D329455D7D7
",0,191.102976
completions_claude/completion_L_t0.5_48.v,claude,L,0.5,48,1,1,1,"6F0FA9163F92C56027EA4D329455D7D7
",0,191.102976
completions_claude/completion_L_t0.5_49.v,claude,L,0.5,49,1,1,1,"6F0FA9163F92C56027EA4D329455D7D7
",0,192.577536
completions_claude/completion_L_t0.5_50.v,claude,L,0.5,50,1,1,1,"6F0FA9163F92C56027EA4D329455D7D7
",0,191.102976
completions_claude/completion_L_t0.5_51.v,claude,L,0.5,51,1,1,1,"6F0FA9163F92C56027EA4D329455D7D7
",0,191.102976
completions_claude/completion_L_t0.5_52.v,claude,L,0.5,52,1,1,1,"6F0FA9163F92C56027EA4D329455D7D7
",0,191.102976
completions_claude/completion_L_t0.5_53.v,claude,L,0.5,53,1,1,1,"6F0FA9163F92C56027EA4D329455D7D7
",0,191.102976
completions_claude/completion_L_t0.5_54.v,claude,L,0.5,54,1,1,1,"6F0FA9163F92C56027EA4D329455D7D7
",0,191.102976
completions_claude/completion_L_t0.5_55.v,claude,L,0.5,55,1,1,1,"6F0FA9163F92C56027EA4D329455D7D7
",0,191.102976
completions_claude/completion_L_t0.5_56.v,claude,L,0.5,56,1,1,1,"6F0FA9163F92C56027EA4D329455D7D7
",0,191.102976
completions_claude/completion_L_t0.5_57.v,claude,L,0.5,57,1,1,1,"6F0FA9163F92C56027EA4D329455D7D7
",0,191.102976
completions_claude/completion_L_t0.5_58.v,claude,L,0.5,58,1,1,1,"6F0FA9163F92C56027EA4D329455D7D7
",0,191.102976
completions_claude/completion_L_t0.5_59.v,claude,L,0.5,59,1,1,1,"6F0FA9163F92C56027EA4D329455D7D7
",0,191.102976
completions_claude/completion_L_t0.5_60.v,claude,L,0.5,60,1,1,1,"6F0FA9163F92C56027EA4D329455D7D7
",0,191.102976
completions_claude/completion_L_t0.5_61.v,claude,L,0.5,61,1,1,1,"6F0FA9163F92C56027EA4D329455D7D7
",0,192.577536
completions_claude/completion_L_t0.5_62.v,claude,L,0.5,62,1,1,1,"6F0FA9163F92C56027EA4D329455D7D7
",0,191.102976
completions_claude/completion_L_t0.5_63.v,claude,L,0.5,63,1,1,1,"6F0FA9163F92C56027EA4D329455D7D7
",0,191.102976
completions_claude/completion_L_t0.5_64.v,claude,L,0.5,64,1,1,1,"6F0FA9163F92C56027EA4D329455D7D7
",0,191.102976
completions_claude/completion_L_t0.5_65.v,claude,L,0.5,65,1,1,1,"6F0FA9163F92C56027EA4D329455D7D7
",0,192.577536
completions_claude/completion_L_t0.5_66.v,claude,L,0.5,66,1,1,1,"6F0FA9163F92C56027EA4D329455D7D7
",0,191.102976
completions_claude/completion_L_t0.5_67.v,claude,L,0.5,67,1,1,1,"6F0FA9163F92C56027EA4D329455D7D7
",0,191.102976
completions_claude/completion_L_t0.5_68.v,claude,L,0.5,68,1,1,1,"6F0FA9163F92C56027EA4D329455D7D7
",0,191.102976
completions_claude/completion_L_t0.5_69.v,claude,L,0.5,69,1,1,1,"6F0FA9163F92C56027EA4D329455D7D7
",0,191.102976
completions_claude/completion_L_t0.5_70.v,claude,L,0.5,70,1,1,0,"56256FCA8256382DEE0B9091C144883D
",2546,191.102976
completions_claude/completion_L_t0.5_71.v,claude,L,0.5,71,1,1,1,"6F0FA9163F92C56027EA4D329455D7D7
",0,191.102976
completions_claude/completion_L_t0.5_72.v,claude,L,0.5,72,1,1,1,"6F0FA9163F92C56027EA4D329455D7D7
",0,191.102976
completions_claude/completion_L_t0.5_73.v,claude,L,0.5,73,1,1,1,"6F0FA9163F92C56027EA4D329455D7D7
",0,191.102976
completions_claude/completion_L_t0.5_74.v,claude,L,0.5,74,1,1,1,"6F0FA9163F92C56027EA4D329455D7D7
",0,191.102976
completions_claude/completion_L_t0.5_75.v,claude,L,0.5,75,1,1,1,"6F0FA9163F92C56027EA4D329455D7D7
",0,192.577536
completions_claude/completion_L_t0.5_76.v,claude,L,0.5,76,1,1,1,"6F0FA9163F92C56027EA4D329455D7D7
",0,191.102976
completions_claude/completion_L_t0.5_77.v,claude,L,0.5,77,1,1,1,"6F0FA9163F92C56027EA4D329455D7D7
",0,192.577536
completions_claude/completion_L_t0.5_78.v,claude,L,0.5,78,1,1,1,"6F0FA9163F92C56027EA4D329455D7D7
",0,191.102976
completions_claude/completion_L_t0.5_79.v,claude,L,0.5,79,1,1,1,"6F0FA9163F92C56027EA4D329455D7D7
",0,191.102976
completions_claude/completion_L_t0.5_80.v,claude,L,0.5,80,1,1,1,"6F0FA9163F92C56027EA4D329455D7D7
",0,191.102976
completions_claude/completion_L_t0.5_81.v,claude,L,0.5,81,1,1,1,"6F0FA9163F92C56027EA4D329455D7D7
",0,191.102976
completions_claude/completion_L_t0.5_82.v,claude,L,0.5,82,1,1,1,"6F0FA9163F92C56027EA4D329455D7D7
",0,191.102976
completions_claude/completion_L_t0.5_83.v,claude,L,0.5,83,1,1,1,"6F0FA9163F92C56027EA4D329455D7D7
",0,191.102976
completions_claude/completion_L_t0.5_84.v,claude,L,0.5,84,1,1,1,"6F0FA9163F92C56027EA4D329455D7D7
",0,191.102976
completions_claude/completion_L_t0.5_85.v,claude,L,0.5,85,1,1,1,"6F0FA9163F92C56027EA4D329455D7D7
",0,192.577536
completions_claude/completion_L_t0.5_86.v,claude,L,0.5,86,1,1,1,"6F0FA9163F92C56027EA4D329455D7D7
",0,191.102976
completions_claude/completion_L_t0.5_87.v,claude,L,0.5,87,1,1,1,"6F0FA9163F92C56027EA4D329455D7D7
",0,191.102976
completions_claude/completion_L_t0.5_88.v,claude,L,0.5,88,1,1,1,"6F0FA9163F92C56027EA4D329455D7D7
",0,191.102976
completions_claude/completion_L_t0.5_89.v,claude,L,0.5,89,1,1,1,"6F0FA9163F92C56027EA4D329455D7D7
",0,192.724992
completions_claude/completion_L_t0.5_90.v,claude,L,0.5,90,1,1,1,"6F0FA9163F92C56027EA4D329455D7D7
",0,191.102976
completions_claude/completion_L_t0.5_91.v,claude,L,0.5,91,1,1,1,"6F0FA9163F92C56027EA4D329455D7D7
",0,191.102976
completions_claude/completion_L_t0.5_92.v,claude,L,0.5,92,1,1,1,"6F0FA9163F92C56027EA4D329455D7D7
",0,191.102976
completions_claude/completion_L_t0.5_93.v,claude,L,0.5,93,1,1,1,"6F0FA9163F92C56027EA4D329455D7D7
",0,191.102976
completions_claude/completion_L_t0.5_94.v,claude,L,0.5,94,1,1,1,"6F0FA9163F92C56027EA4D329455D7D7
",0,191.102976
completions_claude/completion_L_t0.5_95.v,claude,L,0.5,95,1,1,1,"6F0FA9163F92C56027EA4D329455D7D7
",0,192.577536
completions_claude/completion_L_t0.5_96.v,claude,L,0.5,96,1,1,1,"6F0FA9163F92C56027EA4D329455D7D7
",0,191.102976
completions_claude/completion_L_t0.5_97.v,claude,L,0.5,97,1,1,1,"6F0FA9163F92C56027EA4D329455D7D7
",0,191.102976
completions_claude/completion_L_t0.5_98.v,claude,L,0.5,98,1,1,1,"6F0FA9163F92C56027EA4D329455D7D7
",0,191.102976
completions_claude/completion_L_t0.5_99.v,claude,L,0.5,99,1,1,1,"6F0FA9163F92C56027EA4D329455D7D7
",0,191.102976
completions_claude/completion_L_t0.7_0.v,claude,L,0.7,0,1,1,1,"6F0FA9163F92C56027EA4D329455D7D7
",0,191.102976
completions_claude/completion_L_t0.7_1.v,claude,L,0.7,1,1,1,1,"6F0FA9163F92C56027EA4D329455D7D7
",0,191.102976
completions_claude/completion_L_t0.7_2.v,claude,L,0.7,2,1,1,1,"6F0FA9163F92C56027EA4D329455D7D7
",0,192.724992
completions_claude/completion_L_t0.7_3.v,claude,L,0.7,3,1,1,1,"6F0FA9163F92C56027EA4D329455D7D7
",0,191.102976
completions_claude/completion_L_t0.7_4.v,claude,L,0.7,4,1,1,1,"6F0FA9163F92C56027EA4D329455D7D7
",0,191.102976
completions_claude/completion_L_t0.7_5.v,claude,L,0.7,5,1,1,1,"6F0FA9163F92C56027EA4D329455D7D7
",0,191.102976
completions_claude/completion_L_t0.7_6.v,claude,L,0.7,6,1,1,1,"6F0FA9163F92C56027EA4D329455D7D7
",0,191.102976
completions_claude/completion_L_t0.7_7.v,claude,L,0.7,7,1,1,1,"6F0FA9163F92C56027EA4D329455D7D7
",0,191.102976
completions_claude/completion_L_t0.7_8.v,claude,L,0.7,8,1,1,1,"6F0FA9163F92C56027EA4D329455D7D7
",0,191.102976
completions_claude/completion_L_t0.7_9.v,claude,L,0.7,9,1,1,1,"6F0FA9163F92C56027EA4D329455D7D7
",0,191.102976
completions_claude/completion_L_t0.7_10.v,claude,L,0.7,10,1,1,1,"6F0FA9163F92C56027EA4D329455D7D7
",0,192.724992
completions_claude/completion_L_t0.7_11.v,claude,L,0.7,11,1,1,1,"6F0FA9163F92C56027EA4D329455D7D7
",0,192.724992
completions_claude/completion_L_t0.7_12.v,claude,L,0.7,12,1,1,1,"6F0FA9163F92C56027EA4D329455D7D7
",0,191.102976
completions_claude/completion_L_t0.7_13.v,claude,L,0.7,13,1,1,1,"6F0FA9163F92C56027EA4D329455D7D7
",0,192.577536
completions_claude/completion_L_t0.7_14.v,claude,L,0.7,14,1,1,1,"6F0FA9163F92C56027EA4D329455D7D7
",0,191.102976
completions_claude/completion_L_t0.7_15.v,claude,L,0.7,15,1,1,1,"6F0FA9163F92C56027EA4D329455D7D7
",0,191.102976
completions_claude/completion_L_t0.7_16.v,claude,L,0.7,16,1,1,1,"6F0FA9163F92C56027EA4D329455D7D7
",0,191.102976
completions_claude/completion_L_t0.7_17.v,claude,L,0.7,17,1,1,1,"6F0FA9163F92C56027EA4D329455D7D7
",0,191.102976
completions_claude/completion_L_t0.7_18.v,claude,L,0.7,18,1,1,1,"6F0FA9163F92C56027EA4D329455D7D7
",0,191.102976
completions_claude/completion_L_t0.7_19.v,claude,L,0.7,19,1,1,1,"6F0FA9163F92C56027EA4D329455D7D7
",0,192.577536
completions_claude/completion_L_t0.7_20.v,claude,L,0.7,20,1,1,1,"6F0FA9163F92C56027EA4D329455D7D7
",0,191.102976
completions_claude/completion_L_t0.7_21.v,claude,L,0.7,21,1,1,1,"6F0FA9163F92C56027EA4D329455D7D7
",0,191.102976
completions_claude/completion_L_t0.7_22.v,claude,L,0.7,22,1,1,1,"6F0FA9163F92C56027EA4D329455D7D7
",0,191.102976
completions_claude/completion_L_t0.7_23.v,claude,L,0.7,23,1,1,1,"6F0FA9163F92C56027EA4D329455D7D7
",0,191.102976
completions_claude/completion_L_t0.7_24.v,claude,L,0.7,24,1,1,1,"6F0FA9163F92C56027EA4D329455D7D7
",0,191.102976
completions_claude/completion_L_t0.7_25.v,claude,L,0.7,25,1,1,1,"6F0FA9163F92C56027EA4D329455D7D7
",0,191.102976
completions_claude/completion_L_t0.7_26.v,claude,L,0.7,26,1,1,1,"6F0FA9163F92C56027EA4D329455D7D7
",0,191.102976
completions_claude/completion_L_t0.7_27.v,claude,L,0.7,27,1,1,1,"6F0FA9163F92C56027EA4D329455D7D7
",0,191.102976
completions_claude/completion_L_t0.7_28.v,claude,L,0.7,28,1,1,1,"6F0FA9163F92C56027EA4D329455D7D7
",0,192.577536
completions_claude/completion_L_t0.7_29.v,claude,L,0.7,29,1,1,1,"6F0FA9163F92C56027EA4D329455D7D7
",0,192.577536
completions_claude/completion_L_t0.7_30.v,claude,L,0.7,30,1,1,1,"6F0FA9163F92C56027EA4D329455D7D7
",0,191.102976
completions_claude/completion_L_t0.7_31.v,claude,L,0.7,31,1,1,1,"6F0FA9163F92C56027EA4D329455D7D7
",0,192.724992
completions_claude/completion_L_t0.7_32.v,claude,L,0.7,32,1,1,1,"6F0FA9163F92C56027EA4D329455D7D7
",0,191.102976
completions_claude/completion_L_t0.7_33.v,claude,L,0.7,33,1,1,1,"6F0FA9163F92C56027EA4D329455D7D7
",0,192.577536
completions_claude/completion_L_t0.7_34.v,claude,L,0.7,34,1,1,1,"6F0FA9163F92C56027EA4D329455D7D7
",0,191.102976
completions_claude/completion_L_t0.7_35.v,claude,L,0.7,35,1,1,1,"6F0FA9163F92C56027EA4D329455D7D7
",0,191.102976
completions_claude/completion_L_t0.7_36.v,claude,L,0.7,36,1,1,1,"6F0FA9163F92C56027EA4D329455D7D7
",0,191.102976
completions_claude/completion_L_t0.7_37.v,claude,L,0.7,37,1,1,1,"6F0FA9163F92C56027EA4D329455D7D7
",0,191.102976
completions_claude/completion_L_t0.7_38.v,claude,L,0.7,38,1,1,1,"6F0FA9163F92C56027EA4D329455D7D7
",0,191.102976
completions_claude/completion_L_t0.7_39.v,claude,L,0.7,39,1,1,1,"6F0FA9163F92C56027EA4D329455D7D7
",0,192.577536
completions_claude/completion_L_t0.7_40.v,claude,L,0.7,40,1,1,1,"6F0FA9163F92C56027EA4D329455D7D7
",0,191.102976
completions_claude/completion_L_t0.7_41.v,claude,L,0.7,41,1,1,1,"6F0FA9163F92C56027EA4D329455D7D7
",0,192.724992
completions_claude/completion_L_t0.7_42.v,claude,L,0.7,42,1,1,1,"6F0FA9163F92C56027EA4D329455D7D7
",0,191.102976
completions_claude/completion_L_t0.7_43.v,claude,L,0.7,43,1,1,1,"6F0FA9163F92C56027EA4D329455D7D7
",0,191.102976
completions_claude/completion_L_t0.7_44.v,claude,L,0.7,44,1,1,1,"6F0FA9163F92C56027EA4D329455D7D7
",0,191.102976
completions_claude/completion_L_t0.7_45.v,claude,L,0.7,45,1,1,1,"6F0FA9163F92C56027EA4D329455D7D7
",0,192.577536
completions_claude/completion_L_t0.7_46.v,claude,L,0.7,46,1,1,1,"6F0FA9163F92C56027EA4D329455D7D7
",0,191.102976
completions_claude/completion_L_t0.7_47.v,claude,L,0.7,47,1,1,1,"6F0FA9163F92C56027EA4D329455D7D7
",0,191.102976
completions_claude/completion_L_t0.7_48.v,claude,L,0.7,48,1,1,1,"6F0FA9163F92C56027EA4D329455D7D7
",0,191.102976
completions_claude/completion_L_t0.7_49.v,claude,L,0.7,49,1,1,1,"6F0FA9163F92C56027EA4D329455D7D7
",0,191.102976
completions_claude/completion_L_t0.7_50.v,claude,L,0.7,50,1,1,1,"6F0FA9163F92C56027EA4D329455D7D7
",0,191.102976
completions_claude/completion_L_t0.7_51.v,claude,L,0.7,51,1,1,1,"6F0FA9163F92C56027EA4D329455D7D7
",0,191.102976
completions_claude/completion_L_t0.7_52.v,claude,L,0.7,52,1,1,1,"6F0FA9163F92C56027EA4D329455D7D7
",0,192.577536
completions_claude/completion_L_t0.7_53.v,claude,L,0.7,53,1,1,1,"6F0FA9163F92C56027EA4D329455D7D7
",0,191.102976
completions_claude/completion_L_t0.7_54.v,claude,L,0.7,54,1,1,1,"6F0FA9163F92C56027EA4D329455D7D7
",0,191.102976
completions_claude/completion_L_t0.7_55.v,claude,L,0.7,55,1,1,1,"6F0FA9163F92C56027EA4D329455D7D7
",0,191.102976
completions_claude/completion_L_t0.7_56.v,claude,L,0.7,56,1,1,1,"6F0FA9163F92C56027EA4D329455D7D7
",0,191.102976
completions_claude/completion_L_t0.7_57.v,claude,L,0.7,57,1,1,1,"6F0FA9163F92C56027EA4D329455D7D7
",0,191.102976
completions_claude/completion_L_t0.7_58.v,claude,L,0.7,58,1,1,1,"6F0FA9163F92C56027EA4D329455D7D7
",0,192.577536
completions_claude/completion_L_t0.7_59.v,claude,L,0.7,59,1,1,1,"6F0FA9163F92C56027EA4D329455D7D7
",0,191.102976
completions_claude/completion_L_t0.7_60.v,claude,L,0.7,60,1,1,1,"6F0FA9163F92C56027EA4D329455D7D7
",0,191.102976
completions_claude/completion_L_t0.7_61.v,claude,L,0.7,61,1,1,1,"6F0FA9163F92C56027EA4D329455D7D7
",0,192.577536
completions_claude/completion_L_t0.7_62.v,claude,L,0.7,62,1,1,1,"6F0FA9163F92C56027EA4D329455D7D7
",0,191.102976
completions_claude/completion_L_t0.7_63.v,claude,L,0.7,63,1,1,1,"6F0FA9163F92C56027EA4D329455D7D7
",0,191.102976
completions_claude/completion_L_t0.7_64.v,claude,L,0.7,64,1,1,1,"6F0FA9163F92C56027EA4D329455D7D7
",0,191.102976
completions_claude/completion_L_t0.7_65.v,claude,L,0.7,65,1,1,1,"6F0FA9163F92C56027EA4D329455D7D7
",0,191.102976
completions_claude/completion_L_t0.7_66.v,claude,L,0.7,66,1,1,1,"6F0FA9163F92C56027EA4D329455D7D7
",0,191.102976
completions_claude/completion_L_t0.7_67.v,claude,L,0.7,67,1,1,1,"6F0FA9163F92C56027EA4D329455D7D7
",0,191.102976
completions_claude/completion_L_t0.7_68.v,claude,L,0.7,68,1,1,1,"6F0FA9163F92C56027EA4D329455D7D7
",0,191.102976
completions_claude/completion_L_t0.7_69.v,claude,L,0.7,69,1,1,1,"6F0FA9163F92C56027EA4D329455D7D7
",0,191.102976
completions_claude/completion_L_t0.7_70.v,claude,L,0.7,70,1,1,1,"6F0FA9163F92C56027EA4D329455D7D7
",0,191.102976
completions_claude/completion_L_t0.7_71.v,claude,L,0.7,71,1,1,1,"6F0FA9163F92C56027EA4D329455D7D7
",0,191.102976
completions_claude/completion_L_t0.7_72.v,claude,L,0.7,72,1,1,1,"6F0FA9163F92C56027EA4D329455D7D7
",0,191.102976
completions_claude/completion_L_t0.7_73.v,claude,L,0.7,73,1,1,1,"6F0FA9163F92C56027EA4D329455D7D7
",0,191.102976
completions_claude/completion_L_t0.7_74.v,claude,L,0.7,74,1,1,1,"6F0FA9163F92C56027EA4D329455D7D7
",0,191.102976
completions_claude/completion_L_t0.7_75.v,claude,L,0.7,75,1,1,1,"6F0FA9163F92C56027EA4D329455D7D7
",0,191.102976
completions_claude/completion_L_t0.7_76.v,claude,L,0.7,76,1,1,1,"6F0FA9163F92C56027EA4D329455D7D7
",0,191.102976
completions_claude/completion_L_t0.7_77.v,claude,L,0.7,77,1,1,1,"6F0FA9163F92C56027EA4D329455D7D7
",0,191.102976
completions_claude/completion_L_t0.7_78.v,claude,L,0.7,78,1,1,1,"6F0FA9163F92C56027EA4D329455D7D7
",0,191.102976
completions_claude/completion_L_t0.7_79.v,claude,L,0.7,79,1,1,1,"6F0FA9163F92C56027EA4D329455D7D7
",0,192.577536
completions_claude/completion_L_t0.7_80.v,claude,L,0.7,80,1,1,1,"6F0FA9163F92C56027EA4D329455D7D7
",0,191.102976
completions_claude/completion_L_t0.7_81.v,claude,L,0.7,81,1,1,1,"6F0FA9163F92C56027EA4D329455D7D7
",0,191.102976
completions_claude/completion_L_t0.7_82.v,claude,L,0.7,82,1,1,1,"6F0FA9163F92C56027EA4D329455D7D7
",0,191.102976
completions_claude/completion_L_t0.7_83.v,claude,L,0.7,83,1,1,1,"6F0FA9163F92C56027EA4D329455D7D7
",0,192.724992
completions_claude/completion_L_t0.7_84.v,claude,L,0.7,84,1,1,1,"6F0FA9163F92C56027EA4D329455D7D7
",0,191.102976
completions_claude/completion_L_t0.7_85.v,claude,L,0.7,85,1,1,1,"6F0FA9163F92C56027EA4D329455D7D7
",0,191.102976
completions_claude/completion_L_t0.7_86.v,claude,L,0.7,86,1,1,1,"6F0FA9163F92C56027EA4D329455D7D7
",0,191.102976
completions_claude/completion_L_t0.7_87.v,claude,L,0.7,87,1,1,1,"6F0FA9163F92C56027EA4D329455D7D7
",0,191.102976
completions_claude/completion_L_t0.7_88.v,claude,L,0.7,88,1,1,1,"6F0FA9163F92C56027EA4D329455D7D7
",0,191.102976
completions_claude/completion_L_t0.7_89.v,claude,L,0.7,89,1,1,1,"6F0FA9163F92C56027EA4D329455D7D7
",0,191.102976
completions_claude/completion_L_t0.7_90.v,claude,L,0.7,90,1,1,1,"6F0FA9163F92C56027EA4D329455D7D7
",0,191.102976
completions_claude/completion_L_t0.7_91.v,claude,L,0.7,91,1,1,1,"6F0FA9163F92C56027EA4D329455D7D7
",0,191.102976
completions_claude/completion_L_t0.7_92.v,claude,L,0.7,92,1,1,1,"6F0FA9163F92C56027EA4D329455D7D7
",0,191.102976
completions_claude/completion_L_t0.7_93.v,claude,L,0.7,93,1,1,1,"6F0FA9163F92C56027EA4D329455D7D7
",0,191.102976
completions_claude/completion_L_t0.7_94.v,claude,L,0.7,94,1,1,1,"6F0FA9163F92C56027EA4D329455D7D7
",0,192.724992
completions_claude/completion_L_t0.7_95.v,claude,L,0.7,95,1,1,1,"6F0FA9163F92C56027EA4D329455D7D7
",0,191.102976
completions_claude/completion_L_t0.7_96.v,claude,L,0.7,96,1,1,1,"6F0FA9163F92C56027EA4D329455D7D7
",0,192.577536
completions_claude/completion_L_t0.7_97.v,claude,L,0.7,97,1,1,1,"6F0FA9163F92C56027EA4D329455D7D7
",0,191.102976
completions_claude/completion_L_t0.7_98.v,claude,L,0.7,98,1,1,1,"6F0FA9163F92C56027EA4D329455D7D7
",0,191.102976
completions_claude/completion_L_t0.7_99.v,claude,L,0.7,99,1,1,1,"6F0FA9163F92C56027EA4D329455D7D7
",0,191.102976
completions_claude/completion_L_t1.0_0.v,claude,L,1.0,0,1,1,1,"6F0FA9163F92C56027EA4D329455D7D7
",0,191.102976
completions_claude/completion_L_t1.0_1.v,claude,L,1.0,1,1,1,1,"6F0FA9163F92C56027EA4D329455D7D7
",0,192.577536
completions_claude/completion_L_t1.0_2.v,claude,L,1.0,2,1,1,1,"6F0FA9163F92C56027EA4D329455D7D7
",0,192.577536
completions_claude/completion_L_t1.0_3.v,claude,L,1.0,3,1,1,1,"6F0FA9163F92C56027EA4D329455D7D7
",0,205.406208
completions_claude/completion_L_t1.0_4.v,claude,L,1.0,4,1,1,1,"6F0FA9163F92C56027EA4D329455D7D7
",0,191.102976
completions_claude/completion_L_t1.0_5.v,claude,L,1.0,5,1,1,1,"6F0FA9163F92C56027EA4D329455D7D7
",0,191.102976
completions_claude/completion_L_t1.0_6.v,claude,L,1.0,6,1,1,1,"6F0FA9163F92C56027EA4D329455D7D7
",0,191.102976
completions_claude/completion_L_t1.0_7.v,claude,L,1.0,7,1,1,1,"6F0FA9163F92C56027EA4D329455D7D7
",0,191.102976
completions_claude/completion_L_t1.0_8.v,claude,L,1.0,8,1,1,0,"56256FCA8256382DEE0B9091C144883D
",2546,192.577536
completions_claude/completion_L_t1.0_9.v,claude,L,1.0,9,1,1,1,"6F0FA9163F92C56027EA4D329455D7D7
",0,191.102976
completions_claude/completion_L_t1.0_10.v,claude,L,1.0,10,1,1,1,"6F0FA9163F92C56027EA4D329455D7D7
",0,191.102976
completions_claude/completion_L_t1.0_11.v,claude,L,1.0,11,1,1,1,"6F0FA9163F92C56027EA4D329455D7D7
",0,191.102976
completions_claude/completion_L_t1.0_12.v,claude,L,1.0,12,1,1,1,"6F0FA9163F92C56027EA4D329455D7D7
",0,192.724992
completions_claude/completion_L_t1.0_13.v,claude,L,1.0,13,1,1,1,"6F0FA9163F92C56027EA4D329455D7D7
",0,191.102976
completions_claude/completion_L_t1.0_14.v,claude,L,1.0,14,1,1,1,"6F0FA9163F92C56027EA4D329455D7D7
",0,191.102976
completions_claude/completion_L_t1.0_15.v,claude,L,1.0,15,1,1,1,"6F0FA9163F92C56027EA4D329455D7D7
",0,191.102976
completions_claude/completion_L_t1.0_16.v,claude,L,1.0,16,1,1,1,"6F0FA9163F92C56027EA4D329455D7D7
",0,192.724992
completions_claude/completion_L_t1.0_17.v,claude,L,1.0,17,1,1,1,"6F0FA9163F92C56027EA4D329455D7D7
",0,191.102976
completions_claude/completion_L_t1.0_18.v,claude,L,1.0,18,1,1,1,"6F0FA9163F92C56027EA4D329455D7D7
",0,191.102976
completions_claude/completion_L_t1.0_19.v,claude,L,1.0,19,1,1,1,"6F0FA9163F92C56027EA4D329455D7D7
",0,192.577536
completions_claude/completion_L_t1.0_20.v,claude,L,1.0,20,1,1,1,"6F0FA9163F92C56027EA4D329455D7D7
",0,192.724992
completions_claude/completion_L_t1.0_21.v,claude,L,1.0,21,1,1,1,"6F0FA9163F92C56027EA4D329455D7D7
",0,191.102976
completions_claude/completion_L_t1.0_22.v,claude,L,1.0,22,1,1,1,"6F0FA9163F92C56027EA4D329455D7D7
",0,205.406208
completions_claude/completion_L_t1.0_23.v,claude,L,1.0,23,1,1,1,"6F0FA9163F92C56027EA4D329455D7D7
",0,191.102976
completions_claude/completion_L_t1.0_24.v,claude,L,1.0,24,1,1,1,"6F0FA9163F92C56027EA4D329455D7D7
",0,191.102976
completions_claude/completion_L_t1.0_25.v,claude,L,1.0,25,1,1,1,"6F0FA9163F92C56027EA4D329455D7D7
",0,191.102976
completions_claude/completion_L_t1.0_26.v,claude,L,1.0,26,1,1,1,"6F0FA9163F92C56027EA4D329455D7D7
",0,192.724992
completions_claude/completion_L_t1.0_27.v,claude,L,1.0,27,1,1,1,"6F0FA9163F92C56027EA4D329455D7D7
",0,192.577536
completions_claude/completion_L_t1.0_28.v,claude,L,1.0,28,1,1,1,"6F0FA9163F92C56027EA4D329455D7D7
",0,191.102976
completions_claude/completion_L_t1.0_29.v,claude,L,1.0,29,1,1,1,"6F0FA9163F92C56027EA4D329455D7D7
",0,192.724992
completions_claude/completion_L_t1.0_30.v,claude,L,1.0,30,1,1,1,"6F0FA9163F92C56027EA4D329455D7D7
",0,191.102976
completions_claude/completion_L_t1.0_31.v,claude,L,1.0,31,1,1,1,"6F0FA9163F92C56027EA4D329455D7D7
",0,191.102976
completions_claude/completion_L_t1.0_32.v,claude,L,1.0,32,1,1,1,"6F0FA9163F92C56027EA4D329455D7D7
",0,192.577536
completions_claude/completion_L_t1.0_33.v,claude,L,1.0,33,1,1,1,"6F0FA9163F92C56027EA4D329455D7D7
",0,191.102976
completions_claude/completion_L_t1.0_34.v,claude,L,1.0,34,1,1,1,"6F0FA9163F92C56027EA4D329455D7D7
",0,191.102976
completions_claude/completion_L_t1.0_35.v,claude,L,1.0,35,1,1,1,"6F0FA9163F92C56027EA4D329455D7D7
",0,192.724992
completions_claude/completion_L_t1.0_36.v,claude,L,1.0,36,1,1,1,"6F0FA9163F92C56027EA4D329455D7D7
",0,192.724992
completions_claude/completion_L_t1.0_37.v,claude,L,1.0,37,1,1,1,"6F0FA9163F92C56027EA4D329455D7D7
",0,192.724992
completions_claude/completion_L_t1.0_38.v,claude,L,1.0,38,1,1,1,"6F0FA9163F92C56027EA4D329455D7D7
",0,192.724992
completions_claude/completion_L_t1.0_39.v,claude,L,1.0,39,1,1,1,"6F0FA9163F92C56027EA4D329455D7D7
",0,191.102976
completions_claude/completion_L_t1.0_40.v,claude,L,1.0,40,1,1,1,"6F0FA9163F92C56027EA4D329455D7D7
",0,191.102976
completions_claude/completion_L_t1.0_41.v,claude,L,1.0,41,1,1,1,"6F0FA9163F92C56027EA4D329455D7D7
",0,192.724992
completions_claude/completion_L_t1.0_42.v,claude,L,1.0,42,1,1,1,"6F0FA9163F92C56027EA4D329455D7D7
",0,191.102976
completions_claude/completion_L_t1.0_43.v,claude,L,1.0,43,1,1,1,"6F0FA9163F92C56027EA4D329455D7D7
",0,192.724992
completions_claude/completion_L_t1.0_44.v,claude,L,1.0,44,1,1,1,"6F0FA9163F92C56027EA4D329455D7D7
",0,191.102976
completions_claude/completion_L_t1.0_45.v,claude,L,1.0,45,1,1,1,"6F0FA9163F92C56027EA4D329455D7D7
",0,192.577536
completions_claude/completion_L_t1.0_46.v,claude,L,1.0,46,1,1,1,"6F0FA9163F92C56027EA4D329455D7D7
",0,192.724992
completions_claude/completion_L_t1.0_47.v,claude,L,1.0,47,1,1,1,"6F0FA9163F92C56027EA4D329455D7D7
",0,191.102976
completions_claude/completion_L_t1.0_48.v,claude,L,1.0,48,1,1,1,"6F0FA9163F92C56027EA4D329455D7D7
",0,191.102976
completions_claude/completion_L_t1.0_49.v,claude,L,1.0,49,1,1,1,"6F0FA9163F92C56027EA4D329455D7D7
",0,192.724992
completions_claude/completion_L_t1.0_50.v,claude,L,1.0,50,1,1,1,"6F0FA9163F92C56027EA4D329455D7D7
",0,191.102976
completions_claude/completion_L_t1.0_51.v,claude,L,1.0,51,1,1,1,"6F0FA9163F92C56027EA4D329455D7D7
",0,191.102976
completions_claude/completion_L_t1.0_52.v,claude,L,1.0,52,1,1,1,"6F0FA9163F92C56027EA4D329455D7D7
",0,191.102976
completions_claude/completion_L_t1.0_53.v,claude,L,1.0,53,1,1,0,"78D0288087A1BE257FE46538639511D1
",2545,191.102976
completions_claude/completion_L_t1.0_54.v,claude,L,1.0,54,1,1,1,"6F0FA9163F92C56027EA4D329455D7D7
",0,191.102976
completions_claude/completion_L_t1.0_55.v,claude,L,1.0,55,1,1,1,"6F0FA9163F92C56027EA4D329455D7D7
",0,192.577536
completions_claude/completion_L_t1.0_56.v,claude,L,1.0,56,1,1,1,"6F0FA9163F92C56027EA4D329455D7D7
",0,191.102976
completions_claude/completion_L_t1.0_57.v,claude,L,1.0,57,1,1,1,"6F0FA9163F92C56027EA4D329455D7D7
",0,191.102976
completions_claude/completion_L_t1.0_58.v,claude,L,1.0,58,1,1,1,"6F0FA9163F92C56027EA4D329455D7D7
",0,191.102976
completions_claude/completion_L_t1.0_59.v,claude,L,1.0,59,1,1,1,"6F0FA9163F92C56027EA4D329455D7D7
",0,191.102976
completions_claude/completion_L_t1.0_60.v,claude,L,1.0,60,1,1,1,"6F0FA9163F92C56027EA4D329455D7D7
",0,191.102976
completions_claude/completion_L_t1.0_61.v,claude,L,1.0,61,1,1,1,"6F0FA9163F92C56027EA4D329455D7D7
",0,192.577536
completions_claude/completion_L_t1.0_62.v,claude,L,1.0,62,1,1,1,"6F0FA9163F92C56027EA4D329455D7D7
",0,191.102976
completions_claude/completion_L_t1.0_63.v,claude,L,1.0,63,1,1,1,"6F0FA9163F92C56027EA4D329455D7D7
",0,205.406208
completions_claude/completion_L_t1.0_64.v,claude,L,1.0,64,1,1,1,"6F0FA9163F92C56027EA4D329455D7D7
",0,191.102976
completions_claude/completion_L_t1.0_65.v,claude,L,1.0,65,1,1,1,"6F0FA9163F92C56027EA4D329455D7D7
",0,191.102976
completions_claude/completion_L_t1.0_66.v,claude,L,1.0,66,1,1,1,"6F0FA9163F92C56027EA4D329455D7D7
",0,191.102976
completions_claude/completion_L_t1.0_67.v,claude,L,1.0,67,1,1,1,"6F0FA9163F92C56027EA4D329455D7D7
",0,191.102976
completions_claude/completion_L_t1.0_68.v,claude,L,1.0,68,1,1,1,"6F0FA9163F92C56027EA4D329455D7D7
",0,191.102976
completions_claude/completion_L_t1.0_69.v,claude,L,1.0,69,1,1,1,"6F0FA9163F92C56027EA4D329455D7D7
",0,191.102976
completions_claude/completion_L_t1.0_70.v,claude,L,1.0,70,1,1,1,"6F0FA9163F92C56027EA4D329455D7D7
",0,192.724992
completions_claude/completion_L_t1.0_71.v,claude,L,1.0,71,1,1,1,"6F0FA9163F92C56027EA4D329455D7D7
",0,192.577536
completions_claude/completion_L_t1.0_72.v,claude,L,1.0,72,1,1,1,"6F0FA9163F92C56027EA4D329455D7D7
",0,191.102976
completions_claude/completion_L_t1.0_73.v,claude,L,1.0,73,1,1,1,"6F0FA9163F92C56027EA4D329455D7D7
",0,191.102976
completions_claude/completion_L_t1.0_74.v,claude,L,1.0,74,1,1,1,"6F0FA9163F92C56027EA4D329455D7D7
",0,191.102976
completions_claude/completion_L_t1.0_75.v,claude,L,1.0,75,1,1,1,"6F0FA9163F92C56027EA4D329455D7D7
",0,191.102976
completions_claude/completion_L_t1.0_76.v,claude,L,1.0,76,1,1,1,"6F0FA9163F92C56027EA4D329455D7D7
",0,191.102976
completions_claude/completion_L_t1.0_77.v,claude,L,1.0,77,1,1,1,"6F0FA9163F92C56027EA4D329455D7D7
",0,192.577536
completions_claude/completion_L_t1.0_78.v,claude,L,1.0,78,1,1,1,"6F0FA9163F92C56027EA4D329455D7D7
",0,192.724992
completions_claude/completion_L_t1.0_79.v,claude,L,1.0,79,1,1,1,"6F0FA9163F92C56027EA4D329455D7D7
",0,191.102976
completions_claude/completion_L_t1.0_80.v,claude,L,1.0,80,1,1,1,"6F0FA9163F92C56027EA4D329455D7D7
",0,191.102976
completions_claude/completion_L_t1.0_81.v,claude,L,1.0,81,1,1,1,"6F0FA9163F92C56027EA4D329455D7D7
",0,191.102976
completions_claude/completion_L_t1.0_82.v,claude,L,1.0,82,1,1,1,"6F0FA9163F92C56027EA4D329455D7D7
",0,191.102976
completions_claude/completion_L_t1.0_83.v,claude,L,1.0,83,1,1,1,"6F0FA9163F92C56027EA4D329455D7D7
",0,191.102976
completions_claude/completion_L_t1.0_84.v,claude,L,1.0,84,1,1,1,"6F0FA9163F92C56027EA4D329455D7D7
",0,191.102976
completions_claude/completion_L_t1.0_85.v,claude,L,1.0,85,1,1,1,"6F0FA9163F92C56027EA4D329455D7D7
",0,191.102976
completions_claude/completion_L_t1.0_86.v,claude,L,1.0,86,1,1,0,"E8B8F78AC523F4386B47A0AA4FF585CE
",2543,191.102976
completions_claude/completion_L_t1.0_87.v,claude,L,1.0,87,1,1,1,"6F0FA9163F92C56027EA4D329455D7D7
",0,191.102976
completions_claude/completion_L_t1.0_88.v,claude,L,1.0,88,1,1,1,"6F0FA9163F92C56027EA4D329455D7D7
",0,192.724992
completions_claude/completion_L_t1.0_89.v,claude,L,1.0,89,1,1,1,"6F0FA9163F92C56027EA4D329455D7D7
",0,191.102976
completions_claude/completion_L_t1.0_90.v,claude,L,1.0,90,1,1,1,"6F0FA9163F92C56027EA4D329455D7D7
",0,191.102976
completions_claude/completion_L_t1.0_91.v,claude,L,1.0,91,1,1,1,"6F0FA9163F92C56027EA4D329455D7D7
",0,191.102976
completions_claude/completion_L_t1.0_92.v,claude,L,1.0,92,1,1,1,"6F0FA9163F92C56027EA4D329455D7D7
",0,191.102976
completions_claude/completion_L_t1.0_93.v,claude,L,1.0,93,1,1,1,"6F0FA9163F92C56027EA4D329455D7D7
",0,192.724992
completions_claude/completion_L_t1.0_94.v,claude,L,1.0,94,1,1,1,"6F0FA9163F92C56027EA4D329455D7D7
",0,191.102976
completions_claude/completion_L_t1.0_95.v,claude,L,1.0,95,1,1,1,"6F0FA9163F92C56027EA4D329455D7D7
",0,191.102976
completions_claude/completion_L_t1.0_96.v,claude,L,1.0,96,1,1,1,"6F0FA9163F92C56027EA4D329455D7D7
",0,191.102976
completions_claude/completion_L_t1.0_97.v,claude,L,1.0,97,1,1,1,"6F0FA9163F92C56027EA4D329455D7D7
",0,191.102976
completions_claude/completion_L_t1.0_98.v,claude,L,1.0,98,1,1,1,"6F0FA9163F92C56027EA4D329455D7D7
",0,191.102976
completions_claude/completion_L_t1.0_99.v,claude,L,1.0,99,1,1,1,"6F0FA9163F92C56027EA4D329455D7D7
",0,191.102976
completions_claude/completion_M_t0.1_0.v,claude,M,0.1,0,1,1,1,"6F0FA9163F92C56027EA4D329455D7D7
",0,191.102976
completions_claude/completion_M_t0.1_1.v,claude,M,0.1,1,1,1,1,"6F0FA9163F92C56027EA4D329455D7D7
",0,191.102976
completions_claude/completion_M_t0.1_2.v,claude,M,0.1,2,1,1,1,"6F0FA9163F92C56027EA4D329455D7D7
",0,191.102976
completions_claude/completion_M_t0.1_3.v,claude,M,0.1,3,1,1,1,"6F0FA9163F92C56027EA4D329455D7D7
",0,191.102976
completions_claude/completion_M_t0.1_4.v,claude,M,0.1,4,1,1,1,"6F0FA9163F92C56027EA4D329455D7D7
",0,191.102976
completions_claude/completion_M_t0.1_5.v,claude,M,0.1,5,1,1,1,"6F0FA9163F92C56027EA4D329455D7D7
",0,191.102976
completions_claude/completion_M_t0.1_6.v,claude,M,0.1,6,1,1,1,"6F0FA9163F92C56027EA4D329455D7D7
",0,191.102976
completions_claude/completion_M_t0.1_7.v,claude,M,0.1,7,1,1,1,"6F0FA9163F92C56027EA4D329455D7D7
",0,191.102976
completions_claude/completion_M_t0.1_8.v,claude,M,0.1,8,1,1,1,"6F0FA9163F92C56027EA4D329455D7D7
",0,191.102976
completions_claude/completion_M_t0.1_9.v,claude,M,0.1,9,1,1,1,"6F0FA9163F92C56027EA4D329455D7D7
",0,191.102976
completions_claude/completion_M_t0.1_10.v,claude,M,0.1,10,1,1,1,"6F0FA9163F92C56027EA4D329455D7D7
",0,191.102976
completions_claude/completion_M_t0.1_11.v,claude,M,0.1,11,1,1,1,"6F0FA9163F92C56027EA4D329455D7D7
",0,191.102976
completions_claude/completion_M_t0.1_12.v,claude,M,0.1,12,1,1,1,"6F0FA9163F92C56027EA4D329455D7D7
",0,191.102976
completions_claude/completion_M_t0.1_13.v,claude,M,0.1,13,1,1,1,"6F0FA9163F92C56027EA4D329455D7D7
",0,191.102976
completions_claude/completion_M_t0.1_14.v,claude,M,0.1,14,1,1,1,"6F0FA9163F92C56027EA4D329455D7D7
",0,191.102976
completions_claude/completion_M_t0.1_15.v,claude,M,0.1,15,1,1,1,"6F0FA9163F92C56027EA4D329455D7D7
",0,191.102976
completions_claude/completion_M_t0.1_16.v,claude,M,0.1,16,1,1,1,"6F0FA9163F92C56027EA4D329455D7D7
",0,191.102976
completions_claude/completion_M_t0.1_17.v,claude,M,0.1,17,1,1,1,"6F0FA9163F92C56027EA4D329455D7D7
",0,191.102976
completions_claude/completion_M_t0.1_18.v,claude,M,0.1,18,1,1,1,"6F0FA9163F92C56027EA4D329455D7D7
",0,191.102976
completions_claude/completion_M_t0.1_19.v,claude,M,0.1,19,1,1,1,"6F0FA9163F92C56027EA4D329455D7D7
",0,191.102976
completions_claude/completion_M_t0.1_20.v,claude,M,0.1,20,1,1,1,"6F0FA9163F92C56027EA4D329455D7D7
",0,191.102976
completions_claude/completion_M_t0.1_21.v,claude,M,0.1,21,1,1,1,"6F0FA9163F92C56027EA4D329455D7D7
",0,191.102976
completions_claude/completion_M_t0.1_22.v,claude,M,0.1,22,1,1,1,"6F0FA9163F92C56027EA4D329455D7D7
",0,191.102976
completions_claude/completion_M_t0.1_23.v,claude,M,0.1,23,1,1,1,"6F0FA9163F92C56027EA4D329455D7D7
",0,191.102976
completions_claude/completion_M_t0.1_24.v,claude,M,0.1,24,1,1,1,"6F0FA9163F92C56027EA4D329455D7D7
",0,191.102976
completions_claude/completion_M_t0.1_25.v,claude,M,0.1,25,1,1,1,"6F0FA9163F92C56027EA4D329455D7D7
",0,191.102976
completions_claude/completion_M_t0.1_26.v,claude,M,0.1,26,1,1,1,"6F0FA9163F92C56027EA4D329455D7D7
",0,191.102976
completions_claude/completion_M_t0.1_27.v,claude,M,0.1,27,1,1,1,"6F0FA9163F92C56027EA4D329455D7D7
",0,191.102976
completions_claude/completion_M_t0.1_28.v,claude,M,0.1,28,1,1,1,"6F0FA9163F92C56027EA4D329455D7D7
",0,191.102976
completions_claude/completion_M_t0.1_29.v,claude,M,0.1,29,1,1,1,"6F0FA9163F92C56027EA4D329455D7D7
",0,191.102976
completions_claude/completion_M_t0.1_30.v,claude,M,0.1,30,1,1,1,"6F0FA9163F92C56027EA4D329455D7D7
",0,191.102976
completions_claude/completion_M_t0.1_31.v,claude,M,0.1,31,1,1,1,"6F0FA9163F92C56027EA4D329455D7D7
",0,191.102976
completions_claude/completion_M_t0.1_32.v,claude,M,0.1,32,1,1,1,"6F0FA9163F92C56027EA4D329455D7D7
",0,191.102976
completions_claude/completion_M_t0.1_33.v,claude,M,0.1,33,1,1,1,"6F0FA9163F92C56027EA4D329455D7D7
",0,191.102976
completions_claude/completion_M_t0.1_34.v,claude,M,0.1,34,1,1,1,"6F0FA9163F92C56027EA4D329455D7D7
",0,191.102976
completions_claude/completion_M_t0.1_35.v,claude,M,0.1,35,1,1,1,"6F0FA9163F92C56027EA4D329455D7D7
",0,191.102976
completions_claude/completion_M_t0.1_36.v,claude,M,0.1,36,1,1,1,"6F0FA9163F92C56027EA4D329455D7D7
",0,191.102976
completions_claude/completion_M_t0.1_37.v,claude,M,0.1,37,1,1,1,"6F0FA9163F92C56027EA4D329455D7D7
",0,191.102976
completions_claude/completion_M_t0.1_38.v,claude,M,0.1,38,1,1,1,"6F0FA9163F92C56027EA4D329455D7D7
",0,191.102976
completions_claude/completion_M_t0.1_39.v,claude,M,0.1,39,1,1,1,"6F0FA9163F92C56027EA4D329455D7D7
",0,191.102976
completions_claude/completion_M_t0.1_40.v,claude,M,0.1,40,1,1,1,"6F0FA9163F92C56027EA4D329455D7D7
",0,191.102976
completions_claude/completion_M_t0.1_41.v,claude,M,0.1,41,1,1,1,"6F0FA9163F92C56027EA4D329455D7D7
",0,191.102976
completions_claude/completion_M_t0.1_42.v,claude,M,0.1,42,1,1,1,"6F0FA9163F92C56027EA4D329455D7D7
",0,191.102976
completions_claude/completion_M_t0.1_43.v,claude,M,0.1,43,1,1,1,"6F0FA9163F92C56027EA4D329455D7D7
",0,191.102976
completions_claude/completion_M_t0.1_44.v,claude,M,0.1,44,1,1,1,"6F0FA9163F92C56027EA4D329455D7D7
",0,191.102976
completions_claude/completion_M_t0.1_45.v,claude,M,0.1,45,1,1,1,"6F0FA9163F92C56027EA4D329455D7D7
",0,191.102976
completions_claude/completion_M_t0.1_46.v,claude,M,0.1,46,1,1,1,"6F0FA9163F92C56027EA4D329455D7D7
",0,191.102976
completions_claude/completion_M_t0.1_47.v,claude,M,0.1,47,1,1,1,"6F0FA9163F92C56027EA4D329455D7D7
",0,191.102976
completions_claude/completion_M_t0.1_48.v,claude,M,0.1,48,1,1,1,"6F0FA9163F92C56027EA4D329455D7D7
",0,191.102976
completions_claude/completion_M_t0.1_49.v,claude,M,0.1,49,1,1,1,"6F0FA9163F92C56027EA4D329455D7D7
",0,191.102976
completions_claude/completion_M_t0.1_50.v,claude,M,0.1,50,1,1,1,"6F0FA9163F92C56027EA4D329455D7D7
",0,191.102976
completions_claude/completion_M_t0.1_51.v,claude,M,0.1,51,1,1,1,"6F0FA9163F92C56027EA4D329455D7D7
",0,191.102976
completions_claude/completion_M_t0.1_52.v,claude,M,0.1,52,1,1,1,"6F0FA9163F92C56027EA4D329455D7D7
",0,191.102976
completions_claude/completion_M_t0.1_53.v,claude,M,0.1,53,1,1,1,"6F0FA9163F92C56027EA4D329455D7D7
",0,191.102976
completions_claude/completion_M_t0.1_54.v,claude,M,0.1,54,1,1,1,"6F0FA9163F92C56027EA4D329455D7D7
",0,191.102976
completions_claude/completion_M_t0.1_55.v,claude,M,0.1,55,1,1,1,"6F0FA9163F92C56027EA4D329455D7D7
",0,191.102976
completions_claude/completion_M_t0.1_56.v,claude,M,0.1,56,1,1,1,"6F0FA9163F92C56027EA4D329455D7D7
",0,191.102976
completions_claude/completion_M_t0.1_57.v,claude,M,0.1,57,1,1,1,"6F0FA9163F92C56027EA4D329455D7D7
",0,191.102976
completions_claude/completion_M_t0.1_58.v,claude,M,0.1,58,1,1,1,"6F0FA9163F92C56027EA4D329455D7D7
",0,191.102976
completions_claude/completion_M_t0.1_59.v,claude,M,0.1,59,1,1,1,"6F0FA9163F92C56027EA4D329455D7D7
",0,191.102976
completions_claude/completion_M_t0.1_60.v,claude,M,0.1,60,1,1,1,"6F0FA9163F92C56027EA4D329455D7D7
",0,191.102976
completions_claude/completion_M_t0.1_61.v,claude,M,0.1,61,1,1,1,"6F0FA9163F92C56027EA4D329455D7D7
",0,191.102976
completions_claude/completion_M_t0.1_62.v,claude,M,0.1,62,1,1,1,"6F0FA9163F92C56027EA4D329455D7D7
",0,191.102976
completions_claude/completion_M_t0.1_63.v,claude,M,0.1,63,1,1,1,"6F0FA9163F92C56027EA4D329455D7D7
",0,191.102976
completions_claude/completion_M_t0.1_64.v,claude,M,0.1,64,1,1,1,"6F0FA9163F92C56027EA4D329455D7D7
",0,191.102976
completions_claude/completion_M_t0.1_65.v,claude,M,0.1,65,1,1,1,"6F0FA9163F92C56027EA4D329455D7D7
",0,191.102976
completions_claude/completion_M_t0.1_66.v,claude,M,0.1,66,1,1,1,"6F0FA9163F92C56027EA4D329455D7D7
",0,191.102976
completions_claude/completion_M_t0.1_67.v,claude,M,0.1,67,1,1,1,"6F0FA9163F92C56027EA4D329455D7D7
",0,191.102976
completions_claude/completion_M_t0.1_68.v,claude,M,0.1,68,1,1,1,"6F0FA9163F92C56027EA4D329455D7D7
",0,191.102976
completions_claude/completion_M_t0.1_69.v,claude,M,0.1,69,1,1,1,"6F0FA9163F92C56027EA4D329455D7D7
",0,191.102976
completions_claude/completion_M_t0.1_70.v,claude,M,0.1,70,1,1,1,"6F0FA9163F92C56027EA4D329455D7D7
",0,191.102976
completions_claude/completion_M_t0.1_71.v,claude,M,0.1,71,1,1,1,"6F0FA9163F92C56027EA4D329455D7D7
",0,191.102976
completions_claude/completion_M_t0.1_72.v,claude,M,0.1,72,1,1,1,"6F0FA9163F92C56027EA4D329455D7D7
",0,191.102976
completions_claude/completion_M_t0.1_73.v,claude,M,0.1,73,1,1,1,"6F0FA9163F92C56027EA4D329455D7D7
",0,191.102976
completions_claude/completion_M_t0.1_74.v,claude,M,0.1,74,1,1,1,"6F0FA9163F92C56027EA4D329455D7D7
",0,191.102976
completions_claude/completion_M_t0.1_75.v,claude,M,0.1,75,1,1,1,"6F0FA9163F92C56027EA4D329455D7D7
",0,191.102976
completions_claude/completion_M_t0.1_76.v,claude,M,0.1,76,1,1,1,"6F0FA9163F92C56027EA4D329455D7D7
",0,191.102976
completions_claude/completion_M_t0.1_77.v,claude,M,0.1,77,1,1,1,"6F0FA9163F92C56027EA4D329455D7D7
",0,191.102976
completions_claude/completion_M_t0.1_78.v,claude,M,0.1,78,1,1,1,"6F0FA9163F92C56027EA4D329455D7D7
",0,191.102976
completions_claude/completion_M_t0.1_79.v,claude,M,0.1,79,1,1,1,"6F0FA9163F92C56027EA4D329455D7D7
",0,191.102976
completions_claude/completion_M_t0.1_80.v,claude,M,0.1,80,1,1,1,"6F0FA9163F92C56027EA4D329455D7D7
",0,191.102976
completions_claude/completion_M_t0.1_81.v,claude,M,0.1,81,1,1,1,"6F0FA9163F92C56027EA4D329455D7D7
",0,191.102976
completions_claude/completion_M_t0.1_82.v,claude,M,0.1,82,1,1,1,"6F0FA9163F92C56027EA4D329455D7D7
",0,191.102976
completions_claude/completion_M_t0.1_83.v,claude,M,0.1,83,1,1,1,"6F0FA9163F92C56027EA4D329455D7D7
",0,191.102976
completions_claude/completion_M_t0.1_84.v,claude,M,0.1,84,1,1,1,"6F0FA9163F92C56027EA4D329455D7D7
",0,191.102976
completions_claude/completion_M_t0.1_85.v,claude,M,0.1,85,1,1,1,"6F0FA9163F92C56027EA4D329455D7D7
",0,191.102976
completions_claude/completion_M_t0.1_86.v,claude,M,0.1,86,1,1,1,"6F0FA9163F92C56027EA4D329455D7D7
",0,191.102976
completions_claude/completion_M_t0.1_87.v,claude,M,0.1,87,1,1,1,"6F0FA9163F92C56027EA4D329455D7D7
",0,191.102976
completions_claude/completion_M_t0.1_88.v,claude,M,0.1,88,1,1,1,"6F0FA9163F92C56027EA4D329455D7D7
",0,192.724992
completions_claude/completion_M_t0.1_89.v,claude,M,0.1,89,1,1,1,"6F0FA9163F92C56027EA4D329455D7D7
",0,191.102976
completions_claude/completion_M_t0.1_90.v,claude,M,0.1,90,1,1,1,"6F0FA9163F92C56027EA4D329455D7D7
",0,191.102976
completions_claude/completion_M_t0.1_91.v,claude,M,0.1,91,1,1,1,"6F0FA9163F92C56027EA4D329455D7D7
",0,191.102976
completions_claude/completion_M_t0.1_92.v,claude,M,0.1,92,1,1,1,"6F0FA9163F92C56027EA4D329455D7D7
",0,191.102976
completions_claude/completion_M_t0.1_93.v,claude,M,0.1,93,1,1,1,"6F0FA9163F92C56027EA4D329455D7D7
",0,191.102976
completions_claude/completion_M_t0.1_94.v,claude,M,0.1,94,1,1,1,"6F0FA9163F92C56027EA4D329455D7D7
",0,191.102976
completions_claude/completion_M_t0.1_95.v,claude,M,0.1,95,1,1,1,"6F0FA9163F92C56027EA4D329455D7D7
",0,191.102976
completions_claude/completion_M_t0.1_96.v,claude,M,0.1,96,1,1,1,"6F0FA9163F92C56027EA4D329455D7D7
",0,191.102976
completions_claude/completion_M_t0.1_97.v,claude,M,0.1,97,1,1,1,"6F0FA9163F92C56027EA4D329455D7D7
",0,191.102976
completions_claude/completion_M_t0.1_98.v,claude,M,0.1,98,1,1,1,"6F0FA9163F92C56027EA4D329455D7D7
",0,191.102976
completions_claude/completion_M_t0.1_99.v,claude,M,0.1,99,1,1,1,"6F0FA9163F92C56027EA4D329455D7D7
",0,191.102976
completions_claude/completion_M_t0.3_0.v,claude,M,0.3,0,1,1,1,"6F0FA9163F92C56027EA4D329455D7D7
",0,191.102976
completions_claude/completion_M_t0.3_1.v,claude,M,0.3,1,1,1,1,"6F0FA9163F92C56027EA4D329455D7D7
",0,192.724992
completions_claude/completion_M_t0.3_2.v,claude,M,0.3,2,1,1,1,"6F0FA9163F92C56027EA4D329455D7D7
",0,191.102976
completions_claude/completion_M_t0.3_3.v,claude,M,0.3,3,1,1,1,"6F0FA9163F92C56027EA4D329455D7D7
",0,191.102976
completions_claude/completion_M_t0.3_4.v,claude,M,0.3,4,1,1,1,"6F0FA9163F92C56027EA4D329455D7D7
",0,191.102976
completions_claude/completion_M_t0.3_5.v,claude,M,0.3,5,1,1,1,"6F0FA9163F92C56027EA4D329455D7D7
",0,192.724992
completions_claude/completion_M_t0.3_6.v,claude,M,0.3,6,1,1,1,"6F0FA9163F92C56027EA4D329455D7D7
",0,192.724992
completions_claude/completion_M_t0.3_7.v,claude,M,0.3,7,1,1,1,"6F0FA9163F92C56027EA4D329455D7D7
",0,191.102976
completions_claude/completion_M_t0.3_8.v,claude,M,0.3,8,1,1,1,"6F0FA9163F92C56027EA4D329455D7D7
",0,191.102976
completions_claude/completion_M_t0.3_9.v,claude,M,0.3,9,1,1,1,"6F0FA9163F92C56027EA4D329455D7D7
",0,191.102976
completions_claude/completion_M_t0.3_10.v,claude,M,0.3,10,1,1,1,"6F0FA9163F92C56027EA4D329455D7D7
",0,192.724992
completions_claude/completion_M_t0.3_11.v,claude,M,0.3,11,1,1,1,"6F0FA9163F92C56027EA4D329455D7D7
",0,192.724992
completions_claude/completion_M_t0.3_12.v,claude,M,0.3,12,1,1,1,"6F0FA9163F92C56027EA4D329455D7D7
",0,192.724992
completions_claude/completion_M_t0.3_13.v,claude,M,0.3,13,1,1,1,"6F0FA9163F92C56027EA4D329455D7D7
",0,192.724992
completions_claude/completion_M_t0.3_14.v,claude,M,0.3,14,1,1,1,"6F0FA9163F92C56027EA4D329455D7D7
",0,191.102976
completions_claude/completion_M_t0.3_15.v,claude,M,0.3,15,1,1,1,"6F0FA9163F92C56027EA4D329455D7D7
",0,191.102976
completions_claude/completion_M_t0.3_16.v,claude,M,0.3,16,1,1,1,"6F0FA9163F92C56027EA4D329455D7D7
",0,191.102976
completions_claude/completion_M_t0.3_17.v,claude,M,0.3,17,1,1,1,"6F0FA9163F92C56027EA4D329455D7D7
",0,192.724992
completions_claude/completion_M_t0.3_18.v,claude,M,0.3,18,1,1,1,"6F0FA9163F92C56027EA4D329455D7D7
",0,191.102976
completions_claude/completion_M_t0.3_19.v,claude,M,0.3,19,1,1,1,"6F0FA9163F92C56027EA4D329455D7D7
",0,191.102976
completions_claude/completion_M_t0.3_20.v,claude,M,0.3,20,1,1,1,"6F0FA9163F92C56027EA4D329455D7D7
",0,191.102976
completions_claude/completion_M_t0.3_21.v,claude,M,0.3,21,1,1,1,"6F0FA9163F92C56027EA4D329455D7D7
",0,191.102976
completions_claude/completion_M_t0.3_22.v,claude,M,0.3,22,1,1,1,"6F0FA9163F92C56027EA4D329455D7D7
",0,191.102976
completions_claude/completion_M_t0.3_23.v,claude,M,0.3,23,1,1,1,"6F0FA9163F92C56027EA4D329455D7D7
",0,191.102976
completions_claude/completion_M_t0.3_24.v,claude,M,0.3,24,1,1,1,"6F0FA9163F92C56027EA4D329455D7D7
",0,191.102976
completions_claude/completion_M_t0.3_25.v,claude,M,0.3,25,1,1,1,"6F0FA9163F92C56027EA4D329455D7D7
",0,191.102976
completions_claude/completion_M_t0.3_26.v,claude,M,0.3,26,1,1,1,"6F0FA9163F92C56027EA4D329455D7D7
",0,191.102976
completions_claude/completion_M_t0.3_27.v,claude,M,0.3,27,1,1,1,"6F0FA9163F92C56027EA4D329455D7D7
",0,192.724992
completions_claude/completion_M_t0.3_28.v,claude,M,0.3,28,1,1,1,"6F0FA9163F92C56027EA4D329455D7D7
",0,191.102976
completions_claude/completion_M_t0.3_29.v,claude,M,0.3,29,1,1,1,"6F0FA9163F92C56027EA4D329455D7D7
",0,191.102976
completions_claude/completion_M_t0.3_30.v,claude,M,0.3,30,1,1,1,"6F0FA9163F92C56027EA4D329455D7D7
",0,191.102976
completions_claude/completion_M_t0.3_31.v,claude,M,0.3,31,1,1,1,"6F0FA9163F92C56027EA4D329455D7D7
",0,191.102976
completions_claude/completion_M_t0.3_32.v,claude,M,0.3,32,1,1,1,"6F0FA9163F92C56027EA4D329455D7D7
",0,191.102976
completions_claude/completion_M_t0.3_33.v,claude,M,0.3,33,1,1,1,"6F0FA9163F92C56027EA4D329455D7D7
",0,191.102976
completions_claude/completion_M_t0.3_34.v,claude,M,0.3,34,1,1,1,"6F0FA9163F92C56027EA4D329455D7D7
",0,191.102976
completions_claude/completion_M_t0.3_35.v,claude,M,0.3,35,1,1,1,"6F0FA9163F92C56027EA4D329455D7D7
",0,192.724992
completions_claude/completion_M_t0.3_36.v,claude,M,0.3,36,1,1,1,"6F0FA9163F92C56027EA4D329455D7D7
",0,191.102976
completions_claude/completion_M_t0.3_37.v,claude,M,0.3,37,1,1,1,"6F0FA9163F92C56027EA4D329455D7D7
",0,191.102976
completions_claude/completion_M_t0.3_38.v,claude,M,0.3,38,1,1,1,"6F0FA9163F92C56027EA4D329455D7D7
",0,191.102976
completions_claude/completion_M_t0.3_39.v,claude,M,0.3,39,1,1,1,"6F0FA9163F92C56027EA4D329455D7D7
",0,191.102976
completions_claude/completion_M_t0.3_40.v,claude,M,0.3,40,1,1,1,"6F0FA9163F92C56027EA4D329455D7D7
",0,191.102976
completions_claude/completion_M_t0.3_41.v,claude,M,0.3,41,1,1,1,"6F0FA9163F92C56027EA4D329455D7D7
",0,192.724992
completions_claude/completion_M_t0.3_42.v,claude,M,0.3,42,1,1,1,"6F0FA9163F92C56027EA4D329455D7D7
",0,192.724992
completions_claude/completion_M_t0.3_43.v,claude,M,0.3,43,1,1,1,"6F0FA9163F92C56027EA4D329455D7D7
",0,191.102976
completions_claude/completion_M_t0.3_44.v,claude,M,0.3,44,1,1,1,"6F0FA9163F92C56027EA4D329455D7D7
",0,191.102976
completions_claude/completion_M_t0.3_45.v,claude,M,0.3,45,1,1,1,"6F0FA9163F92C56027EA4D329455D7D7
",0,191.102976
completions_claude/completion_M_t0.3_46.v,claude,M,0.3,46,1,1,1,"6F0FA9163F92C56027EA4D329455D7D7
",0,191.102976
completions_claude/completion_M_t0.3_47.v,claude,M,0.3,47,1,1,1,"6F0FA9163F92C56027EA4D329455D7D7
",0,191.102976
completions_claude/completion_M_t0.3_48.v,claude,M,0.3,48,1,1,1,"6F0FA9163F92C56027EA4D329455D7D7
",0,191.102976
completions_claude/completion_M_t0.3_49.v,claude,M,0.3,49,1,1,1,"6F0FA9163F92C56027EA4D329455D7D7
",0,191.102976
completions_claude/completion_M_t0.3_50.v,claude,M,0.3,50,1,1,1,"6F0FA9163F92C56027EA4D329455D7D7
",0,191.102976
completions_claude/completion_M_t0.3_51.v,claude,M,0.3,51,1,1,1,"6F0FA9163F92C56027EA4D329455D7D7
",0,191.102976
completions_claude/completion_M_t0.3_52.v,claude,M,0.3,52,1,1,1,"6F0FA9163F92C56027EA4D329455D7D7
",0,191.102976
completions_claude/completion_M_t0.3_53.v,claude,M,0.3,53,1,1,1,"6F0FA9163F92C56027EA4D329455D7D7
",0,191.102976
completions_claude/completion_M_t0.3_54.v,claude,M,0.3,54,1,1,1,"6F0FA9163F92C56027EA4D329455D7D7
",0,191.102976
completions_claude/completion_M_t0.3_55.v,claude,M,0.3,55,1,1,1,"6F0FA9163F92C56027EA4D329455D7D7
",0,191.102976
completions_claude/completion_M_t0.3_56.v,claude,M,0.3,56,1,1,1,"6F0FA9163F92C56027EA4D329455D7D7
",0,191.102976
completions_claude/completion_M_t0.3_57.v,claude,M,0.3,57,1,1,1,"6F0FA9163F92C56027EA4D329455D7D7
",0,192.724992
completions_claude/completion_M_t0.3_58.v,claude,M,0.3,58,1,1,1,"6F0FA9163F92C56027EA4D329455D7D7
",0,191.102976
completions_claude/completion_M_t0.3_59.v,claude,M,0.3,59,1,1,1,"6F0FA9163F92C56027EA4D329455D7D7
",0,191.102976
completions_claude/completion_M_t0.3_60.v,claude,M,0.3,60,1,1,1,"6F0FA9163F92C56027EA4D329455D7D7
",0,191.102976
completions_claude/completion_M_t0.3_61.v,claude,M,0.3,61,1,1,1,"6F0FA9163F92C56027EA4D329455D7D7
",0,191.102976
completions_claude/completion_M_t0.3_62.v,claude,M,0.3,62,1,1,1,"6F0FA9163F92C56027EA4D329455D7D7
",0,191.102976
completions_claude/completion_M_t0.3_63.v,claude,M,0.3,63,1,1,1,"6F0FA9163F92C56027EA4D329455D7D7
",0,191.102976
completions_claude/completion_M_t0.3_64.v,claude,M,0.3,64,1,1,1,"6F0FA9163F92C56027EA4D329455D7D7
",0,191.102976
completions_claude/completion_M_t0.3_65.v,claude,M,0.3,65,1,1,1,"6F0FA9163F92C56027EA4D329455D7D7
",0,191.102976
completions_claude/completion_M_t0.3_66.v,claude,M,0.3,66,1,1,1,"6F0FA9163F92C56027EA4D329455D7D7
",0,191.102976
completions_claude/completion_M_t0.3_67.v,claude,M,0.3,67,1,1,1,"6F0FA9163F92C56027EA4D329455D7D7
",0,191.102976
completions_claude/completion_M_t0.3_68.v,claude,M,0.3,68,1,1,1,"6F0FA9163F92C56027EA4D329455D7D7
",0,191.102976
completions_claude/completion_M_t0.3_69.v,claude,M,0.3,69,1,1,1,"6F0FA9163F92C56027EA4D329455D7D7
",0,192.724992
completions_claude/completion_M_t0.3_70.v,claude,M,0.3,70,1,1,1,"6F0FA9163F92C56027EA4D329455D7D7
",0,192.724992
completions_claude/completion_M_t0.3_71.v,claude,M,0.3,71,1,1,1,"6F0FA9163F92C56027EA4D329455D7D7
",0,192.724992
completions_claude/completion_M_t0.3_72.v,claude,M,0.3,72,1,1,1,"6F0FA9163F92C56027EA4D329455D7D7
",0,192.724992
completions_claude/completion_M_t0.3_73.v,claude,M,0.3,73,1,1,1,"6F0FA9163F92C56027EA4D329455D7D7
",0,192.724992
completions_claude/completion_M_t0.3_74.v,claude,M,0.3,74,1,1,1,"6F0FA9163F92C56027EA4D329455D7D7
",0,191.102976
completions_claude/completion_M_t0.3_75.v,claude,M,0.3,75,1,1,1,"6F0FA9163F92C56027EA4D329455D7D7
",0,191.102976
completions_claude/completion_M_t0.3_76.v,claude,M,0.3,76,1,1,1,"6F0FA9163F92C56027EA4D329455D7D7
",0,191.102976
completions_claude/completion_M_t0.3_77.v,claude,M,0.3,77,1,1,1,"6F0FA9163F92C56027EA4D329455D7D7
",0,191.102976
completions_claude/completion_M_t0.3_78.v,claude,M,0.3,78,1,1,1,"6F0FA9163F92C56027EA4D329455D7D7
",0,191.102976
completions_claude/completion_M_t0.3_79.v,claude,M,0.3,79,1,1,1,"6F0FA9163F92C56027EA4D329455D7D7
",0,191.102976
completions_claude/completion_M_t0.3_80.v,claude,M,0.3,80,1,1,1,"6F0FA9163F92C56027EA4D329455D7D7
",0,191.102976
completions_claude/completion_M_t0.3_81.v,claude,M,0.3,81,1,1,1,"6F0FA9163F92C56027EA4D329455D7D7
",0,191.102976
completions_claude/completion_M_t0.3_82.v,claude,M,0.3,82,1,1,1,"6F0FA9163F92C56027EA4D329455D7D7
",0,191.102976
completions_claude/completion_M_t0.3_83.v,claude,M,0.3,83,1,1,1,"6F0FA9163F92C56027EA4D329455D7D7
",0,191.102976
completions_claude/completion_M_t0.3_84.v,claude,M,0.3,84,1,1,1,"6F0FA9163F92C56027EA4D329455D7D7
",0,191.102976
completions_claude/completion_M_t0.3_85.v,claude,M,0.3,85,1,1,1,"6F0FA9163F92C56027EA4D329455D7D7
",0,191.102976
completions_claude/completion_M_t0.3_86.v,claude,M,0.3,86,1,1,1,"6F0FA9163F92C56027EA4D329455D7D7
",0,191.102976
completions_claude/completion_M_t0.3_87.v,claude,M,0.3,87,1,1,1,"6F0FA9163F92C56027EA4D329455D7D7
",0,191.102976
completions_claude/completion_M_t0.3_88.v,claude,M,0.3,88,1,1,1,"6F0FA9163F92C56027EA4D329455D7D7
",0,191.102976
completions_claude/completion_M_t0.3_89.v,claude,M,0.3,89,1,1,1,"6F0FA9163F92C56027EA4D329455D7D7
",0,191.102976
completions_claude/completion_M_t0.3_90.v,claude,M,0.3,90,1,1,1,"6F0FA9163F92C56027EA4D329455D7D7
",0,191.102976
completions_claude/completion_M_t0.3_91.v,claude,M,0.3,91,1,1,1,"6F0FA9163F92C56027EA4D329455D7D7
",0,191.102976
completions_claude/completion_M_t0.3_92.v,claude,M,0.3,92,1,1,1,"6F0FA9163F92C56027EA4D329455D7D7
",0,191.102976
completions_claude/completion_M_t0.3_93.v,claude,M,0.3,93,1,1,1,"6F0FA9163F92C56027EA4D329455D7D7
",0,191.102976
completions_claude/completion_M_t0.3_94.v,claude,M,0.3,94,1,1,1,"6F0FA9163F92C56027EA4D329455D7D7
",0,191.102976
completions_claude/completion_M_t0.3_95.v,claude,M,0.3,95,1,1,1,"6F0FA9163F92C56027EA4D329455D7D7
",0,191.102976
completions_claude/completion_M_t0.3_96.v,claude,M,0.3,96,1,1,1,"6F0FA9163F92C56027EA4D329455D7D7
",0,191.102976
completions_claude/completion_M_t0.3_97.v,claude,M,0.3,97,1,1,1,"6F0FA9163F92C56027EA4D329455D7D7
",0,191.102976
completions_claude/completion_M_t0.3_98.v,claude,M,0.3,98,1,1,1,"6F0FA9163F92C56027EA4D329455D7D7
",0,191.102976
completions_claude/completion_M_t0.3_99.v,claude,M,0.3,99,1,1,1,"6F0FA9163F92C56027EA4D329455D7D7
",0,191.102976
completions_claude/completion_M_t0.5_0.v,claude,M,0.5,0,1,1,1,"6F0FA9163F92C56027EA4D329455D7D7
",0,191.102976
completions_claude/completion_M_t0.5_1.v,claude,M,0.5,1,1,1,1,"6F0FA9163F92C56027EA4D329455D7D7
",0,191.102976
completions_claude/completion_M_t0.5_2.v,claude,M,0.5,2,1,1,1,"6F0FA9163F92C56027EA4D329455D7D7
",0,192.724992
completions_claude/completion_M_t0.5_3.v,claude,M,0.5,3,1,1,1,"6F0FA9163F92C56027EA4D329455D7D7
",0,191.102976
completions_claude/completion_M_t0.5_4.v,claude,M,0.5,4,1,1,1,"6F0FA9163F92C56027EA4D329455D7D7
",0,192.724992
completions_claude/completion_M_t0.5_5.v,claude,M,0.5,5,1,1,1,"6F0FA9163F92C56027EA4D329455D7D7
",0,192.724992
completions_claude/completion_M_t0.5_6.v,claude,M,0.5,6,1,1,1,"6F0FA9163F92C56027EA4D329455D7D7
",0,191.102976
completions_claude/completion_M_t0.5_7.v,claude,M,0.5,7,1,1,1,"6F0FA9163F92C56027EA4D329455D7D7
",0,191.102976
completions_claude/completion_M_t0.5_8.v,claude,M,0.5,8,1,1,1,"6F0FA9163F92C56027EA4D329455D7D7
",0,191.102976
completions_claude/completion_M_t0.5_9.v,claude,M,0.5,9,1,1,1,"6F0FA9163F92C56027EA4D329455D7D7
",0,191.102976
completions_claude/completion_M_t0.5_10.v,claude,M,0.5,10,1,1,1,"6F0FA9163F92C56027EA4D329455D7D7
",0,192.724992
completions_claude/completion_M_t0.5_11.v,claude,M,0.5,11,1,1,1,"6F0FA9163F92C56027EA4D329455D7D7
",0,191.102976
completions_claude/completion_M_t0.5_12.v,claude,M,0.5,12,1,1,1,"6F0FA9163F92C56027EA4D329455D7D7
",0,191.102976
completions_claude/completion_M_t0.5_13.v,claude,M,0.5,13,1,1,1,"6F0FA9163F92C56027EA4D329455D7D7
",0,191.102976
completions_claude/completion_M_t0.5_14.v,claude,M,0.5,14,1,1,1,"6F0FA9163F92C56027EA4D329455D7D7
",0,191.102976
completions_claude/completion_M_t0.5_15.v,claude,M,0.5,15,1,1,1,"6F0FA9163F92C56027EA4D329455D7D7
",0,192.724992
completions_claude/completion_M_t0.5_16.v,claude,M,0.5,16,1,1,1,"6F0FA9163F92C56027EA4D329455D7D7
",0,191.102976
completions_claude/completion_M_t0.5_17.v,claude,M,0.5,17,1,1,1,"6F0FA9163F92C56027EA4D329455D7D7
",0,191.102976
completions_claude/completion_M_t0.5_18.v,claude,M,0.5,18,1,1,1,"6F0FA9163F92C56027EA4D329455D7D7
",0,192.724992
completions_claude/completion_M_t0.5_19.v,claude,M,0.5,19,1,1,1,"6F0FA9163F92C56027EA4D329455D7D7
",0,191.102976
completions_claude/completion_M_t0.5_20.v,claude,M,0.5,20,1,1,1,"6F0FA9163F92C56027EA4D329455D7D7
",0,191.102976
completions_claude/completion_M_t0.5_21.v,claude,M,0.5,21,1,1,1,"6F0FA9163F92C56027EA4D329455D7D7
",0,191.102976
completions_claude/completion_M_t0.5_22.v,claude,M,0.5,22,1,1,1,"6F0FA9163F92C56027EA4D329455D7D7
",0,191.102976
completions_claude/completion_M_t0.5_23.v,claude,M,0.5,23,1,1,1,"6F0FA9163F92C56027EA4D329455D7D7
",0,192.724992
completions_claude/completion_M_t0.5_24.v,claude,M,0.5,24,1,1,1,"6F0FA9163F92C56027EA4D329455D7D7
",0,192.724992
completions_claude/completion_M_t0.5_25.v,claude,M,0.5,25,1,1,1,"6F0FA9163F92C56027EA4D329455D7D7
",0,192.724992
completions_claude/completion_M_t0.5_26.v,claude,M,0.5,26,1,1,1,"6F0FA9163F92C56027EA4D329455D7D7
",0,191.102976
completions_claude/completion_M_t0.5_27.v,claude,M,0.5,27,1,1,1,"6F0FA9163F92C56027EA4D329455D7D7
",0,192.724992
completions_claude/completion_M_t0.5_28.v,claude,M,0.5,28,1,1,1,"6F0FA9163F92C56027EA4D329455D7D7
",0,191.102976
completions_claude/completion_M_t0.5_29.v,claude,M,0.5,29,1,1,1,"6F0FA9163F92C56027EA4D329455D7D7
",0,191.102976
completions_claude/completion_M_t0.5_30.v,claude,M,0.5,30,1,1,1,"6F0FA9163F92C56027EA4D329455D7D7
",0,191.102976
completions_claude/completion_M_t0.5_31.v,claude,M,0.5,31,1,1,1,"6F0FA9163F92C56027EA4D329455D7D7
",0,191.102976
completions_claude/completion_M_t0.5_32.v,claude,M,0.5,32,1,1,1,"6F0FA9163F92C56027EA4D329455D7D7
",0,192.724992
completions_claude/completion_M_t0.5_33.v,claude,M,0.5,33,1,1,1,"6F0FA9163F92C56027EA4D329455D7D7
",0,191.102976
completions_claude/completion_M_t0.5_34.v,claude,M,0.5,34,1,1,1,"6F0FA9163F92C56027EA4D329455D7D7
",0,192.724992
completions_claude/completion_M_t0.5_35.v,claude,M,0.5,35,1,1,1,"6F0FA9163F92C56027EA4D329455D7D7
",0,191.102976
completions_claude/completion_M_t0.5_36.v,claude,M,0.5,36,1,1,1,"6F0FA9163F92C56027EA4D329455D7D7
",0,192.724992
completions_claude/completion_M_t0.5_37.v,claude,M,0.5,37,1,1,1,"6F0FA9163F92C56027EA4D329455D7D7
",0,192.724992
completions_claude/completion_M_t0.5_38.v,claude,M,0.5,38,1,1,1,"6F0FA9163F92C56027EA4D329455D7D7
",0,191.102976
completions_claude/completion_M_t0.5_39.v,claude,M,0.5,39,1,1,1,"6F0FA9163F92C56027EA4D329455D7D7
",0,192.724992
completions_claude/completion_M_t0.5_40.v,claude,M,0.5,40,1,1,1,"6F0FA9163F92C56027EA4D329455D7D7
",0,191.102976
completions_claude/completion_M_t0.5_41.v,claude,M,0.5,41,1,1,1,"6F0FA9163F92C56027EA4D329455D7D7
",0,191.102976
completions_claude/completion_M_t0.5_42.v,claude,M,0.5,42,1,1,1,"6F0FA9163F92C56027EA4D329455D7D7
",0,191.102976
completions_claude/completion_M_t0.5_43.v,claude,M,0.5,43,1,1,1,"6F0FA9163F92C56027EA4D329455D7D7
",0,191.102976
completions_claude/completion_M_t0.5_44.v,claude,M,0.5,44,1,1,1,"6F0FA9163F92C56027EA4D329455D7D7
",0,191.102976
completions_claude/completion_M_t0.5_45.v,claude,M,0.5,45,1,1,1,"6F0FA9163F92C56027EA4D329455D7D7
",0,191.102976
completions_claude/completion_M_t0.5_46.v,claude,M,0.5,46,1,1,1,"6F0FA9163F92C56027EA4D329455D7D7
",0,191.102976
completions_claude/completion_M_t0.5_47.v,claude,M,0.5,47,1,1,1,"6F0FA9163F92C56027EA4D329455D7D7
",0,191.102976
completions_claude/completion_M_t0.5_48.v,claude,M,0.5,48,1,1,1,"6F0FA9163F92C56027EA4D329455D7D7
",0,191.102976
completions_claude/completion_M_t0.5_49.v,claude,M,0.5,49,1,1,1,"6F0FA9163F92C56027EA4D329455D7D7
",0,191.102976
completions_claude/completion_M_t0.5_50.v,claude,M,0.5,50,1,1,1,"6F0FA9163F92C56027EA4D329455D7D7
",0,192.724992
completions_claude/completion_M_t0.5_51.v,claude,M,0.5,51,1,1,1,"6F0FA9163F92C56027EA4D329455D7D7
",0,192.724992
completions_claude/completion_M_t0.5_52.v,claude,M,0.5,52,1,1,1,"6F0FA9163F92C56027EA4D329455D7D7
",0,191.102976
completions_claude/completion_M_t0.5_53.v,claude,M,0.5,53,1,1,1,"6F0FA9163F92C56027EA4D329455D7D7
",0,192.724992
completions_claude/completion_M_t0.5_54.v,claude,M,0.5,54,1,1,1,"6F0FA9163F92C56027EA4D329455D7D7
",0,191.102976
completions_claude/completion_M_t0.5_55.v,claude,M,0.5,55,1,1,1,"6F0FA9163F92C56027EA4D329455D7D7
",0,191.102976
completions_claude/completion_M_t0.5_56.v,claude,M,0.5,56,1,1,1,"6F0FA9163F92C56027EA4D329455D7D7
",0,191.102976
completions_claude/completion_M_t0.5_57.v,claude,M,0.5,57,1,1,1,"6F0FA9163F92C56027EA4D329455D7D7
",0,191.102976
completions_claude/completion_M_t0.5_58.v,claude,M,0.5,58,1,1,1,"6F0FA9163F92C56027EA4D329455D7D7
",0,191.102976
completions_claude/completion_M_t0.5_59.v,claude,M,0.5,59,1,1,1,"6F0FA9163F92C56027EA4D329455D7D7
",0,191.102976
completions_claude/completion_M_t0.5_60.v,claude,M,0.5,60,1,1,1,"6F0FA9163F92C56027EA4D329455D7D7
",0,191.102976
completions_claude/completion_M_t0.5_61.v,claude,M,0.5,61,1,1,1,"6F0FA9163F92C56027EA4D329455D7D7
",0,191.102976
completions_claude/completion_M_t0.5_62.v,claude,M,0.5,62,1,1,1,"6F0FA9163F92C56027EA4D329455D7D7
",0,191.102976
completions_claude/completion_M_t0.5_63.v,claude,M,0.5,63,1,1,1,"6F0FA9163F92C56027EA4D329455D7D7
",0,191.102976
completions_claude/completion_M_t0.5_64.v,claude,M,0.5,64,1,1,1,"6F0FA9163F92C56027EA4D329455D7D7
",0,192.724992
completions_claude/completion_M_t0.5_65.v,claude,M,0.5,65,1,1,1,"6F0FA9163F92C56027EA4D329455D7D7
",0,191.102976
completions_claude/completion_M_t0.5_66.v,claude,M,0.5,66,1,1,1,"6F0FA9163F92C56027EA4D329455D7D7
",0,191.102976
completions_claude/completion_M_t0.5_67.v,claude,M,0.5,67,1,1,1,"6F0FA9163F92C56027EA4D329455D7D7
",0,192.724992
completions_claude/completion_M_t0.5_68.v,claude,M,0.5,68,1,1,1,"6F0FA9163F92C56027EA4D329455D7D7
",0,191.102976
completions_claude/completion_M_t0.5_69.v,claude,M,0.5,69,1,1,1,"6F0FA9163F92C56027EA4D329455D7D7
",0,192.724992
completions_claude/completion_M_t0.5_70.v,claude,M,0.5,70,1,1,1,"6F0FA9163F92C56027EA4D329455D7D7
",0,191.102976
completions_claude/completion_M_t0.5_71.v,claude,M,0.5,71,1,1,1,"6F0FA9163F92C56027EA4D329455D7D7
",0,191.102976
completions_claude/completion_M_t0.5_72.v,claude,M,0.5,72,1,1,1,"6F0FA9163F92C56027EA4D329455D7D7
",0,191.102976
completions_claude/completion_M_t0.5_73.v,claude,M,0.5,73,1,1,1,"6F0FA9163F92C56027EA4D329455D7D7
",0,191.102976
completions_claude/completion_M_t0.5_74.v,claude,M,0.5,74,1,1,1,"6F0FA9163F92C56027EA4D329455D7D7
",0,192.724992
completions_claude/completion_M_t0.5_75.v,claude,M,0.5,75,1,1,1,"6F0FA9163F92C56027EA4D329455D7D7
",0,191.102976
completions_claude/completion_M_t0.5_76.v,claude,M,0.5,76,1,1,1,"6F0FA9163F92C56027EA4D329455D7D7
",0,191.102976
completions_claude/completion_M_t0.5_77.v,claude,M,0.5,77,1,1,1,"6F0FA9163F92C56027EA4D329455D7D7
",0,191.102976
completions_claude/completion_M_t0.5_78.v,claude,M,0.5,78,1,1,1,"6F0FA9163F92C56027EA4D329455D7D7
",0,191.102976
completions_claude/completion_M_t0.5_79.v,claude,M,0.5,79,1,1,1,"6F0FA9163F92C56027EA4D329455D7D7
",0,191.102976
completions_claude/completion_M_t0.5_80.v,claude,M,0.5,80,1,1,1,"6F0FA9163F92C56027EA4D329455D7D7
",0,191.102976
completions_claude/completion_M_t0.5_81.v,claude,M,0.5,81,1,1,1,"6F0FA9163F92C56027EA4D329455D7D7
",0,191.102976
completions_claude/completion_M_t0.5_82.v,claude,M,0.5,82,1,1,1,"6F0FA9163F92C56027EA4D329455D7D7
",0,192.724992
completions_claude/completion_M_t0.5_83.v,claude,M,0.5,83,1,1,1,"6F0FA9163F92C56027EA4D329455D7D7
",0,191.102976
completions_claude/completion_M_t0.5_84.v,claude,M,0.5,84,1,1,1,"6F0FA9163F92C56027EA4D329455D7D7
",0,191.102976
completions_claude/completion_M_t0.5_85.v,claude,M,0.5,85,1,1,1,"6F0FA9163F92C56027EA4D329455D7D7
",0,191.102976
completions_claude/completion_M_t0.5_86.v,claude,M,0.5,86,1,1,1,"6F0FA9163F92C56027EA4D329455D7D7
",0,191.102976
completions_claude/completion_M_t0.5_87.v,claude,M,0.5,87,1,1,1,"6F0FA9163F92C56027EA4D329455D7D7
",0,191.102976
completions_claude/completion_M_t0.5_88.v,claude,M,0.5,88,1,1,1,"6F0FA9163F92C56027EA4D329455D7D7
",0,191.102976
completions_claude/completion_M_t0.5_89.v,claude,M,0.5,89,1,1,1,"6F0FA9163F92C56027EA4D329455D7D7
",0,191.102976
completions_claude/completion_M_t0.5_90.v,claude,M,0.5,90,1,1,1,"6F0FA9163F92C56027EA4D329455D7D7
",0,192.724992
completions_claude/completion_M_t0.5_91.v,claude,M,0.5,91,1,1,1,"6F0FA9163F92C56027EA4D329455D7D7
",0,191.102976
completions_claude/completion_M_t0.5_92.v,claude,M,0.5,92,1,1,1,"6F0FA9163F92C56027EA4D329455D7D7
",0,191.102976
completions_claude/completion_M_t0.5_93.v,claude,M,0.5,93,1,1,1,"6F0FA9163F92C56027EA4D329455D7D7
",0,192.724992
completions_claude/completion_M_t0.5_94.v,claude,M,0.5,94,1,1,1,"6F0FA9163F92C56027EA4D329455D7D7
",0,191.102976
completions_claude/completion_M_t0.5_95.v,claude,M,0.5,95,1,1,1,"6F0FA9163F92C56027EA4D329455D7D7
",0,192.724992
completions_claude/completion_M_t0.5_96.v,claude,M,0.5,96,1,1,1,"6F0FA9163F92C56027EA4D329455D7D7
",0,192.724992
completions_claude/completion_M_t0.5_97.v,claude,M,0.5,97,1,1,1,"6F0FA9163F92C56027EA4D329455D7D7
",0,191.102976
completions_claude/completion_M_t0.5_98.v,claude,M,0.5,98,1,1,1,"6F0FA9163F92C56027EA4D329455D7D7
",0,192.724992
completions_claude/completion_M_t0.5_99.v,claude,M,0.5,99,1,1,1,"6F0FA9163F92C56027EA4D329455D7D7
",0,191.102976
completions_claude/completion_M_t0.7_0.v,claude,M,0.7,0,1,1,1,"6F0FA9163F92C56027EA4D329455D7D7
",0,191.102976
completions_claude/completion_M_t0.7_1.v,claude,M,0.7,1,1,1,1,"6F0FA9163F92C56027EA4D329455D7D7
",0,192.724992
completions_claude/completion_M_t0.7_2.v,claude,M,0.7,2,1,1,1,"6F0FA9163F92C56027EA4D329455D7D7
",0,191.102976
completions_claude/completion_M_t0.7_3.v,claude,M,0.7,3,1,1,1,"6F0FA9163F92C56027EA4D329455D7D7
",0,191.102976
completions_claude/completion_M_t0.7_4.v,claude,M,0.7,4,1,1,1,"6F0FA9163F92C56027EA4D329455D7D7
",0,191.102976
completions_claude/completion_M_t0.7_5.v,claude,M,0.7,5,1,1,1,"6F0FA9163F92C56027EA4D329455D7D7
",0,192.724992
completions_claude/completion_M_t0.7_6.v,claude,M,0.7,6,1,1,1,"6F0FA9163F92C56027EA4D329455D7D7
",0,191.102976
completions_claude/completion_M_t0.7_7.v,claude,M,0.7,7,1,1,1,"6F0FA9163F92C56027EA4D329455D7D7
",0,191.102976
completions_claude/completion_M_t0.7_8.v,claude,M,0.7,8,1,1,1,"6F0FA9163F92C56027EA4D329455D7D7
",0,191.102976
completions_claude/completion_M_t0.7_9.v,claude,M,0.7,9,1,1,0,"56256FCA8256382DEE0B9091C144883D
",2546,193.904640
completions_claude/completion_M_t0.7_10.v,claude,M,0.7,10,1,1,1,"6F0FA9163F92C56027EA4D329455D7D7
",0,191.102976
completions_claude/completion_M_t0.7_11.v,claude,M,0.7,11,1,1,1,"6F0FA9163F92C56027EA4D329455D7D7
",0,191.102976
completions_claude/completion_M_t0.7_12.v,claude,M,0.7,12,1,1,1,"6F0FA9163F92C56027EA4D329455D7D7
",0,192.724992
completions_claude/completion_M_t0.7_13.v,claude,M,0.7,13,1,1,1,"6F0FA9163F92C56027EA4D329455D7D7
",0,191.102976
completions_claude/completion_M_t0.7_14.v,claude,M,0.7,14,1,1,1,"6F0FA9163F92C56027EA4D329455D7D7
",0,192.724992
completions_claude/completion_M_t0.7_15.v,claude,M,0.7,15,1,1,1,"6F0FA9163F92C56027EA4D329455D7D7
",0,191.102976
completions_claude/completion_M_t0.7_16.v,claude,M,0.7,16,1,1,1,"6F0FA9163F92C56027EA4D329455D7D7
",0,191.102976
completions_claude/completion_M_t0.7_17.v,claude,M,0.7,17,1,1,1,"6F0FA9163F92C56027EA4D329455D7D7
",0,191.102976
completions_claude/completion_M_t0.7_18.v,claude,M,0.7,18,1,1,1,"6F0FA9163F92C56027EA4D329455D7D7
",0,192.724992
completions_claude/completion_M_t0.7_19.v,claude,M,0.7,19,1,1,1,"6F0FA9163F92C56027EA4D329455D7D7
",0,191.102976
completions_claude/completion_M_t0.7_20.v,claude,M,0.7,20,1,1,1,"6F0FA9163F92C56027EA4D329455D7D7
",0,192.724992
completions_claude/completion_M_t0.7_21.v,claude,M,0.7,21,1,1,1,"6F0FA9163F92C56027EA4D329455D7D7
",0,192.724992
completions_claude/completion_M_t0.7_22.v,claude,M,0.7,22,1,1,1,"6F0FA9163F92C56027EA4D329455D7D7
",0,191.102976
completions_claude/completion_M_t0.7_23.v,claude,M,0.7,23,1,1,1,"6F0FA9163F92C56027EA4D329455D7D7
",0,191.102976
completions_claude/completion_M_t0.7_24.v,claude,M,0.7,24,1,1,1,"6F0FA9163F92C56027EA4D329455D7D7
",0,191.102976
completions_claude/completion_M_t0.7_25.v,claude,M,0.7,25,1,1,1,"6F0FA9163F92C56027EA4D329455D7D7
",0,191.102976
completions_claude/completion_M_t0.7_26.v,claude,M,0.7,26,1,1,1,"6F0FA9163F92C56027EA4D329455D7D7
",0,191.102976
completions_claude/completion_M_t0.7_27.v,claude,M,0.7,27,1,1,1,"6F0FA9163F92C56027EA4D329455D7D7
",0,191.102976
completions_claude/completion_M_t0.7_28.v,claude,M,0.7,28,1,1,1,"6F0FA9163F92C56027EA4D329455D7D7
",0,191.102976
completions_claude/completion_M_t0.7_29.v,claude,M,0.7,29,1,1,1,"6F0FA9163F92C56027EA4D329455D7D7
",0,191.102976
completions_claude/completion_M_t0.7_30.v,claude,M,0.7,30,1,1,1,"6F0FA9163F92C56027EA4D329455D7D7
",0,192.724992
completions_claude/completion_M_t0.7_31.v,claude,M,0.7,31,1,1,1,"6F0FA9163F92C56027EA4D329455D7D7
",0,191.102976
completions_claude/completion_M_t0.7_32.v,claude,M,0.7,32,1,1,1,"6F0FA9163F92C56027EA4D329455D7D7
",0,192.724992
completions_claude/completion_M_t0.7_33.v,claude,M,0.7,33,1,1,1,"6F0FA9163F92C56027EA4D329455D7D7
",0,191.102976
completions_claude/completion_M_t0.7_34.v,claude,M,0.7,34,1,1,1,"6F0FA9163F92C56027EA4D329455D7D7
",0,191.102976
completions_claude/completion_M_t0.7_35.v,claude,M,0.7,35,1,1,1,"6F0FA9163F92C56027EA4D329455D7D7
",0,192.724992
completions_claude/completion_M_t0.7_36.v,claude,M,0.7,36,1,1,1,"6F0FA9163F92C56027EA4D329455D7D7
",0,191.102976
completions_claude/completion_M_t0.7_37.v,claude,M,0.7,37,1,1,1,"6F0FA9163F92C56027EA4D329455D7D7
",0,192.724992
completions_claude/completion_M_t0.7_38.v,claude,M,0.7,38,1,1,1,"6F0FA9163F92C56027EA4D329455D7D7
",0,191.102976
completions_claude/completion_M_t0.7_39.v,claude,M,0.7,39,1,1,1,"6F0FA9163F92C56027EA4D329455D7D7
",0,191.102976
completions_claude/completion_M_t0.7_40.v,claude,M,0.7,40,1,1,1,"6F0FA9163F92C56027EA4D329455D7D7
",0,191.102976
completions_claude/completion_M_t0.7_41.v,claude,M,0.7,41,1,1,1,"6F0FA9163F92C56027EA4D329455D7D7
",0,191.102976
completions_claude/completion_M_t0.7_42.v,claude,M,0.7,42,1,1,1,"6F0FA9163F92C56027EA4D329455D7D7
",0,191.102976
completions_claude/completion_M_t0.7_43.v,claude,M,0.7,43,1,1,1,"6F0FA9163F92C56027EA4D329455D7D7
",0,191.102976
completions_claude/completion_M_t0.7_44.v,claude,M,0.7,44,1,1,1,"6F0FA9163F92C56027EA4D329455D7D7
",0,192.724992
completions_claude/completion_M_t0.7_45.v,claude,M,0.7,45,1,1,1,"6F0FA9163F92C56027EA4D329455D7D7
",0,192.724992
completions_claude/completion_M_t0.7_46.v,claude,M,0.7,46,1,1,1,"6F0FA9163F92C56027EA4D329455D7D7
",0,191.102976
completions_claude/completion_M_t0.7_47.v,claude,M,0.7,47,1,1,1,"6F0FA9163F92C56027EA4D329455D7D7
",0,191.102976
completions_claude/completion_M_t0.7_48.v,claude,M,0.7,48,1,1,1,"6F0FA9163F92C56027EA4D329455D7D7
",0,191.102976
completions_claude/completion_M_t0.7_49.v,claude,M,0.7,49,1,1,1,"6F0FA9163F92C56027EA4D329455D7D7
",0,192.724992
completions_claude/completion_M_t0.7_50.v,claude,M,0.7,50,1,1,1,"6F0FA9163F92C56027EA4D329455D7D7
",0,191.102976
completions_claude/completion_M_t0.7_51.v,claude,M,0.7,51,1,1,1,"6F0FA9163F92C56027EA4D329455D7D7
",0,192.724992
completions_claude/completion_M_t0.7_52.v,claude,M,0.7,52,1,1,1,"6F0FA9163F92C56027EA4D329455D7D7
",0,192.724992
completions_claude/completion_M_t0.7_53.v,claude,M,0.7,53,1,1,1,"6F0FA9163F92C56027EA4D329455D7D7
",0,191.102976
completions_claude/completion_M_t0.7_54.v,claude,M,0.7,54,1,1,1,"6F0FA9163F92C56027EA4D329455D7D7
",0,191.102976
completions_claude/completion_M_t0.7_55.v,claude,M,0.7,55,1,1,1,"6F0FA9163F92C56027EA4D329455D7D7
",0,191.102976
completions_claude/completion_M_t0.7_56.v,claude,M,0.7,56,1,1,1,"6F0FA9163F92C56027EA4D329455D7D7
",0,191.102976
completions_claude/completion_M_t0.7_57.v,claude,M,0.7,57,1,1,1,"6F0FA9163F92C56027EA4D329455D7D7
",0,191.102976
completions_claude/completion_M_t0.7_58.v,claude,M,0.7,58,1,1,1,"6F0FA9163F92C56027EA4D329455D7D7
",0,192.724992
completions_claude/completion_M_t0.7_59.v,claude,M,0.7,59,1,1,1,"6F0FA9163F92C56027EA4D329455D7D7
",0,192.724992
completions_claude/completion_M_t0.7_60.v,claude,M,0.7,60,1,1,1,"6F0FA9163F92C56027EA4D329455D7D7
",0,191.102976
completions_claude/completion_M_t0.7_61.v,claude,M,0.7,61,1,1,1,"6F0FA9163F92C56027EA4D329455D7D7
",0,191.102976
completions_claude/completion_M_t0.7_62.v,claude,M,0.7,62,1,1,1,"6F0FA9163F92C56027EA4D329455D7D7
",0,192.724992
completions_claude/completion_M_t0.7_63.v,claude,M,0.7,63,1,1,1,"6F0FA9163F92C56027EA4D329455D7D7
",0,191.102976
completions_claude/completion_M_t0.7_64.v,claude,M,0.7,64,1,1,1,"6F0FA9163F92C56027EA4D329455D7D7
",0,191.102976
completions_claude/completion_M_t0.7_65.v,claude,M,0.7,65,1,1,1,"6F0FA9163F92C56027EA4D329455D7D7
",0,191.102976
completions_claude/completion_M_t0.7_66.v,claude,M,0.7,66,1,1,1,"6F0FA9163F92C56027EA4D329455D7D7
",0,191.102976
completions_claude/completion_M_t0.7_67.v,claude,M,0.7,67,1,1,1,"6F0FA9163F92C56027EA4D329455D7D7
",0,191.102976
completions_claude/completion_M_t0.7_68.v,claude,M,0.7,68,1,1,1,"6F0FA9163F92C56027EA4D329455D7D7
",0,191.102976
completions_claude/completion_M_t0.7_69.v,claude,M,0.7,69,1,1,1,"6F0FA9163F92C56027EA4D329455D7D7
",0,191.102976
completions_claude/completion_M_t0.7_70.v,claude,M,0.7,70,1,1,1,"6F0FA9163F92C56027EA4D329455D7D7
",0,191.102976
completions_claude/completion_M_t0.7_71.v,claude,M,0.7,71,1,1,1,"6F0FA9163F92C56027EA4D329455D7D7
",0,191.102976
completions_claude/completion_M_t0.7_72.v,claude,M,0.7,72,1,1,1,"6F0FA9163F92C56027EA4D329455D7D7
",0,191.102976
completions_claude/completion_M_t0.7_73.v,claude,M,0.7,73,1,1,1,"6F0FA9163F92C56027EA4D329455D7D7
",0,191.102976
completions_claude/completion_M_t0.7_74.v,claude,M,0.7,74,1,1,1,"6F0FA9163F92C56027EA4D329455D7D7
",0,192.724992
completions_claude/completion_M_t0.7_75.v,claude,M,0.7,75,1,1,1,"6F0FA9163F92C56027EA4D329455D7D7
",0,191.102976
completions_claude/completion_M_t0.7_76.v,claude,M,0.7,76,1,1,1,"6F0FA9163F92C56027EA4D329455D7D7
",0,192.724992
completions_claude/completion_M_t0.7_77.v,claude,M,0.7,77,1,1,1,"6F0FA9163F92C56027EA4D329455D7D7
",0,191.102976
completions_claude/completion_M_t0.7_78.v,claude,M,0.7,78,1,1,1,"6F0FA9163F92C56027EA4D329455D7D7
",0,191.102976
completions_claude/completion_M_t0.7_79.v,claude,M,0.7,79,1,1,0,"121F99FE68E891942E8539075F65E5BE
",2531,192.577536
completions_claude/completion_M_t0.7_80.v,claude,M,0.7,80,1,1,1,"6F0FA9163F92C56027EA4D329455D7D7
",0,192.724992
completions_claude/completion_M_t0.7_81.v,claude,M,0.7,81,1,1,1,"6F0FA9163F92C56027EA4D329455D7D7
",0,191.102976
completions_claude/completion_M_t0.7_82.v,claude,M,0.7,82,1,1,1,"6F0FA9163F92C56027EA4D329455D7D7
",0,192.724992
completions_claude/completion_M_t0.7_83.v,claude,M,0.7,83,1,1,1,"6F0FA9163F92C56027EA4D329455D7D7
",0,191.102976
completions_claude/completion_M_t0.7_84.v,claude,M,0.7,84,1,1,1,"6F0FA9163F92C56027EA4D329455D7D7
",0,191.102976
completions_claude/completion_M_t0.7_85.v,claude,M,0.7,85,1,1,1,"6F0FA9163F92C56027EA4D329455D7D7
",0,191.102976
completions_claude/completion_M_t0.7_86.v,claude,M,0.7,86,1,1,1,"6F0FA9163F92C56027EA4D329455D7D7
",0,191.102976
completions_claude/completion_M_t0.7_87.v,claude,M,0.7,87,1,1,1,"6F0FA9163F92C56027EA4D329455D7D7
",0,192.724992
completions_claude/completion_M_t0.7_88.v,claude,M,0.7,88,1,1,1,"6F0FA9163F92C56027EA4D329455D7D7
",0,191.102976
completions_claude/completion_M_t0.7_89.v,claude,M,0.7,89,1,1,1,"6F0FA9163F92C56027EA4D329455D7D7
",0,191.102976
completions_claude/completion_M_t0.7_90.v,claude,M,0.7,90,1,1,1,"6F0FA9163F92C56027EA4D329455D7D7
",0,191.102976
completions_claude/completion_M_t0.7_91.v,claude,M,0.7,91,1,1,1,"6F0FA9163F92C56027EA4D329455D7D7
",0,191.102976
completions_claude/completion_M_t0.7_92.v,claude,M,0.7,92,1,1,1,"6F0FA9163F92C56027EA4D329455D7D7
",0,191.102976
completions_claude/completion_M_t0.7_93.v,claude,M,0.7,93,1,1,1,"6F0FA9163F92C56027EA4D329455D7D7
",0,191.102976
completions_claude/completion_M_t0.7_94.v,claude,M,0.7,94,1,1,1,"6F0FA9163F92C56027EA4D329455D7D7
",0,191.102976
completions_claude/completion_M_t0.7_95.v,claude,M,0.7,95,1,1,1,"6F0FA9163F92C56027EA4D329455D7D7
",0,191.102976
completions_claude/completion_M_t0.7_96.v,claude,M,0.7,96,1,1,1,"6F0FA9163F92C56027EA4D329455D7D7
",0,191.102976
completions_claude/completion_M_t0.7_97.v,claude,M,0.7,97,1,1,1,"6F0FA9163F92C56027EA4D329455D7D7
",0,191.102976
completions_claude/completion_M_t0.7_98.v,claude,M,0.7,98,1,1,1,"6F0FA9163F92C56027EA4D329455D7D7
",0,192.724992
completions_claude/completion_M_t0.7_99.v,claude,M,0.7,99,1,1,1,"6F0FA9163F92C56027EA4D329455D7D7
",0,191.102976
completions_claude/completion_M_t1.0_0.v,claude,M,1.0,0,1,1,1,"6F0FA9163F92C56027EA4D329455D7D7
",0,192.724992
completions_claude/completion_M_t1.0_1.v,claude,M,1.0,1,1,1,1,"6F0FA9163F92C56027EA4D329455D7D7
",0,191.102976
completions_claude/completion_M_t1.0_2.v,claude,M,1.0,2,1,1,1,"6F0FA9163F92C56027EA4D329455D7D7
",0,191.102976
completions_claude/completion_M_t1.0_3.v,claude,M,1.0,3,1,1,1,"6F0FA9163F92C56027EA4D329455D7D7
",0,191.102976
completions_claude/completion_M_t1.0_4.v,claude,M,1.0,4,1,1,1,"6F0FA9163F92C56027EA4D329455D7D7
",0,191.102976
completions_claude/completion_M_t1.0_5.v,claude,M,1.0,5,1,1,1,"6F0FA9163F92C56027EA4D329455D7D7
",0,191.102976
completions_claude/completion_M_t1.0_6.v,claude,M,1.0,6,1,1,1,"6F0FA9163F92C56027EA4D329455D7D7
",0,191.102976
completions_claude/completion_M_t1.0_7.v,claude,M,1.0,7,1,1,1,"6F0FA9163F92C56027EA4D329455D7D7
",0,191.102976
completions_claude/completion_M_t1.0_8.v,claude,M,1.0,8,1,1,1,"6F0FA9163F92C56027EA4D329455D7D7
",0,191.102976
completions_claude/completion_M_t1.0_9.v,claude,M,1.0,9,1,1,1,"6F0FA9163F92C56027EA4D329455D7D7
",0,191.102976
completions_claude/completion_M_t1.0_10.v,claude,M,1.0,10,1,1,1,"6F0FA9163F92C56027EA4D329455D7D7
",0,191.102976
completions_claude/completion_M_t1.0_11.v,claude,M,1.0,11,1,1,1,"6F0FA9163F92C56027EA4D329455D7D7
",0,191.102976
completions_claude/completion_M_t1.0_12.v,claude,M,1.0,12,1,1,1,"6F0FA9163F92C56027EA4D329455D7D7
",0,191.102976
completions_claude/completion_M_t1.0_13.v,claude,M,1.0,13,1,1,1,"6F0FA9163F92C56027EA4D329455D7D7
",0,192.724992
completions_claude/completion_M_t1.0_14.v,claude,M,1.0,14,1,1,1,"6F0FA9163F92C56027EA4D329455D7D7
",0,192.724992
completions_claude/completion_M_t1.0_15.v,claude,M,1.0,15,1,1,1,"6F0FA9163F92C56027EA4D329455D7D7
",0,191.102976
completions_claude/completion_M_t1.0_16.v,claude,M,1.0,16,1,1,1,"6F0FA9163F92C56027EA4D329455D7D7
",0,192.724992
completions_claude/completion_M_t1.0_17.v,claude,M,1.0,17,1,1,1,"6F0FA9163F92C56027EA4D329455D7D7
",0,191.102976
completions_claude/completion_M_t1.0_18.v,claude,M,1.0,18,1,1,1,"6F0FA9163F92C56027EA4D329455D7D7
",0,191.102976
completions_claude/completion_M_t1.0_19.v,claude,M,1.0,19,1,1,1,"6F0FA9163F92C56027EA4D329455D7D7
",0,192.724992
completions_claude/completion_M_t1.0_20.v,claude,M,1.0,20,1,1,1,"6F0FA9163F92C56027EA4D329455D7D7
",0,192.724992
completions_claude/completion_M_t1.0_21.v,claude,M,1.0,21,1,1,1,"6F0FA9163F92C56027EA4D329455D7D7
",0,191.102976
completions_claude/completion_M_t1.0_22.v,claude,M,1.0,22,1,1,1,"6F0FA9163F92C56027EA4D329455D7D7
",0,191.102976
completions_claude/completion_M_t1.0_23.v,claude,M,1.0,23,1,1,1,"6F0FA9163F92C56027EA4D329455D7D7
",0,192.724992
completions_claude/completion_M_t1.0_24.v,claude,M,1.0,24,1,1,1,"6F0FA9163F92C56027EA4D329455D7D7
",0,191.102976
completions_claude/completion_M_t1.0_25.v,claude,M,1.0,25,1,1,1,"6F0FA9163F92C56027EA4D329455D7D7
",0,191.102976
completions_claude/completion_M_t1.0_26.v,claude,M,1.0,26,1,1,1,"6F0FA9163F92C56027EA4D329455D7D7
",0,191.102976
completions_claude/completion_M_t1.0_27.v,claude,M,1.0,27,1,1,1,"6F0FA9163F92C56027EA4D329455D7D7
",0,191.102976
completions_claude/completion_M_t1.0_28.v,claude,M,1.0,28,1,1,1,"6F0FA9163F92C56027EA4D329455D7D7
",0,191.102976
completions_claude/completion_M_t1.0_29.v,claude,M,1.0,29,1,1,1,"6F0FA9163F92C56027EA4D329455D7D7
",0,191.102976
completions_claude/completion_M_t1.0_30.v,claude,M,1.0,30,1,1,1,"6F0FA9163F92C56027EA4D329455D7D7
",0,191.102976
completions_claude/completion_M_t1.0_31.v,claude,M,1.0,31,1,1,1,"6F0FA9163F92C56027EA4D329455D7D7
",0,192.724992
completions_claude/completion_M_t1.0_32.v,claude,M,1.0,32,1,1,1,"6F0FA9163F92C56027EA4D329455D7D7
",0,191.102976
completions_claude/completion_M_t1.0_33.v,claude,M,1.0,33,1,1,1,"6F0FA9163F92C56027EA4D329455D7D7
",0,192.724992
completions_claude/completion_M_t1.0_34.v,claude,M,1.0,34,1,1,0,"ACB4C028006E74CF4DB2F87F2E388DFB
",2524,120.619008
completions_claude/completion_M_t1.0_35.v,claude,M,1.0,35,1,1,1,"6F0FA9163F92C56027EA4D329455D7D7
",0,191.102976
completions_claude/completion_M_t1.0_36.v,claude,M,1.0,36,1,1,1,"6F0FA9163F92C56027EA4D329455D7D7
",0,191.102976
completions_claude/completion_M_t1.0_37.v,claude,M,1.0,37,1,1,1,"6F0FA9163F92C56027EA4D329455D7D7
",0,191.102976
completions_claude/completion_M_t1.0_38.v,claude,M,1.0,38,1,1,1,"6F0FA9163F92C56027EA4D329455D7D7
",0,191.102976
completions_claude/completion_M_t1.0_39.v,claude,M,1.0,39,1,1,1,"6F0FA9163F92C56027EA4D329455D7D7
",0,191.102976
completions_claude/completion_M_t1.0_40.v,claude,M,1.0,40,1,1,1,"6F0FA9163F92C56027EA4D329455D7D7
",0,191.102976
completions_claude/completion_M_t1.0_41.v,claude,M,1.0,41,1,1,1,"6F0FA9163F92C56027EA4D329455D7D7
",0,192.724992
completions_claude/completion_M_t1.0_42.v,claude,M,1.0,42,1,1,1,"6F0FA9163F92C56027EA4D329455D7D7
",0,191.102976
completions_claude/completion_M_t1.0_43.v,claude,M,1.0,43,1,1,1,"6F0FA9163F92C56027EA4D329455D7D7
",0,192.724992
completions_claude/completion_M_t1.0_44.v,claude,M,1.0,44,1,1,1,"6F0FA9163F92C56027EA4D329455D7D7
",0,191.102976
completions_claude/completion_M_t1.0_45.v,claude,M,1.0,45,1,1,1,"6F0FA9163F92C56027EA4D329455D7D7
",0,192.724992
completions_claude/completion_M_t1.0_46.v,claude,M,1.0,46,1,1,1,"6F0FA9163F92C56027EA4D329455D7D7
",0,191.102976
completions_claude/completion_M_t1.0_47.v,claude,M,1.0,47,1,1,1,"6F0FA9163F92C56027EA4D329455D7D7
",0,191.102976
completions_claude/completion_M_t1.0_48.v,claude,M,1.0,48,1,1,1,"6F0FA9163F92C56027EA4D329455D7D7
",0,192.724992
completions_claude/completion_M_t1.0_49.v,claude,M,1.0,49,1,1,1,"6F0FA9163F92C56027EA4D329455D7D7
",0,191.102976
completions_claude/completion_M_t1.0_50.v,claude,M,1.0,50,1,1,1,"6F0FA9163F92C56027EA4D329455D7D7
",0,191.102976
completions_claude/completion_M_t1.0_51.v,claude,M,1.0,51,1,1,1,"6F0FA9163F92C56027EA4D329455D7D7
",0,191.102976
completions_claude/completion_M_t1.0_52.v,claude,M,1.0,52,1,1,1,"6F0FA9163F92C56027EA4D329455D7D7
",0,192.724992
completions_claude/completion_M_t1.0_53.v,claude,M,1.0,53,1,1,1,"6F0FA9163F92C56027EA4D329455D7D7
",0,191.102976
completions_claude/completion_M_t1.0_54.v,claude,M,1.0,54,1,1,1,"6F0FA9163F92C56027EA4D329455D7D7
",0,191.102976
completions_claude/completion_M_t1.0_55.v,claude,M,1.0,55,1,1,1,"6F0FA9163F92C56027EA4D329455D7D7
",0,191.102976
completions_claude/completion_M_t1.0_56.v,claude,M,1.0,56,1,1,1,"6F0FA9163F92C56027EA4D329455D7D7
",0,191.102976
completions_claude/completion_M_t1.0_57.v,claude,M,1.0,57,1,1,1,"6F0FA9163F92C56027EA4D329455D7D7
",0,191.102976
completions_claude/completion_M_t1.0_58.v,claude,M,1.0,58,1,1,1,"6F0FA9163F92C56027EA4D329455D7D7
",0,192.724992
completions_claude/completion_M_t1.0_59.v,claude,M,1.0,59,1,1,1,"6F0FA9163F92C56027EA4D329455D7D7
",0,191.102976
completions_claude/completion_M_t1.0_60.v,claude,M,1.0,60,1,1,1,"6F0FA9163F92C56027EA4D329455D7D7
",0,191.102976
completions_claude/completion_M_t1.0_61.v,claude,M,1.0,61,1,1,1,"6F0FA9163F92C56027EA4D329455D7D7
",0,191.102976
completions_claude/completion_M_t1.0_62.v,claude,M,1.0,62,1,1,1,"6F0FA9163F92C56027EA4D329455D7D7
",0,191.102976
completions_claude/completion_M_t1.0_63.v,claude,M,1.0,63,1,1,1,"6F0FA9163F92C56027EA4D329455D7D7
",0,192.724992
completions_claude/completion_M_t1.0_64.v,claude,M,1.0,64,1,1,1,"6F0FA9163F92C56027EA4D329455D7D7
",0,191.102976
completions_claude/completion_M_t1.0_65.v,claude,M,1.0,65,1,1,1,"6F0FA9163F92C56027EA4D329455D7D7
",0,192.724992
completions_claude/completion_M_t1.0_66.v,claude,M,1.0,66,1,1,1,"6F0FA9163F92C56027EA4D329455D7D7
",0,192.724992
completions_claude/completion_M_t1.0_67.v,claude,M,1.0,67,1,1,1,"6F0FA9163F92C56027EA4D329455D7D7
",0,191.102976
completions_claude/completion_M_t1.0_68.v,claude,M,1.0,68,1,1,1,"6F0FA9163F92C56027EA4D329455D7D7
",0,192.724992
completions_claude/completion_M_t1.0_69.v,claude,M,1.0,69,1,1,1,"6F0FA9163F92C56027EA4D329455D7D7
",0,191.102976
completions_claude/completion_M_t1.0_70.v,claude,M,1.0,70,1,1,1,"6F0FA9163F92C56027EA4D329455D7D7
",0,192.724992
completions_claude/completion_M_t1.0_71.v,claude,M,1.0,71,1,1,1,"6F0FA9163F92C56027EA4D329455D7D7
",0,191.102976
completions_claude/completion_M_t1.0_72.v,claude,M,1.0,72,1,1,1,"6F0FA9163F92C56027EA4D329455D7D7
",0,191.102976
completions_claude/completion_M_t1.0_73.v,claude,M,1.0,73,1,1,1,"6F0FA9163F92C56027EA4D329455D7D7
",0,192.724992
completions_claude/completion_M_t1.0_74.v,claude,M,1.0,74,1,1,1,"6F0FA9163F92C56027EA4D329455D7D7
",0,192.724992
completions_claude/completion_M_t1.0_75.v,claude,M,1.0,75,1,1,1,"6F0FA9163F92C56027EA4D329455D7D7
",0,192.724992
completions_claude/completion_M_t1.0_76.v,claude,M,1.0,76,1,1,1,"6F0FA9163F92C56027EA4D329455D7D7
",0,191.102976
completions_claude/completion_M_t1.0_77.v,claude,M,1.0,77,1,1,1,"6F0FA9163F92C56027EA4D329455D7D7
",0,191.102976
completions_claude/completion_M_t1.0_78.v,claude,M,1.0,78,1,1,1,"6F0FA9163F92C56027EA4D329455D7D7
",0,191.102976
completions_claude/completion_M_t1.0_79.v,claude,M,1.0,79,1,1,1,"6F0FA9163F92C56027EA4D329455D7D7
",0,191.102976
completions_claude/completion_M_t1.0_80.v,claude,M,1.0,80,1,1,1,"6F0FA9163F92C56027EA4D329455D7D7
",0,191.102976
completions_claude/completion_M_t1.0_81.v,claude,M,1.0,81,1,1,1,"6F0FA9163F92C56027EA4D329455D7D7
",0,192.724992
completions_claude/completion_M_t1.0_82.v,claude,M,1.0,82,1,1,1,"6F0FA9163F92C56027EA4D329455D7D7
",0,192.724992
completions_claude/completion_M_t1.0_83.v,claude,M,1.0,83,1,1,1,"6F0FA9163F92C56027EA4D329455D7D7
",0,191.102976
completions_claude/completion_M_t1.0_84.v,claude,M,1.0,84,1,1,1,"6F0FA9163F92C56027EA4D329455D7D7
",0,192.724992
completions_claude/completion_M_t1.0_85.v,claude,M,1.0,85,1,1,1,"6F0FA9163F92C56027EA4D329455D7D7
",0,192.724992
completions_claude/completion_M_t1.0_86.v,claude,M,1.0,86,1,1,1,"6F0FA9163F92C56027EA4D329455D7D7
",0,191.102976
completions_claude/completion_M_t1.0_87.v,claude,M,1.0,87,1,1,1,"6F0FA9163F92C56027EA4D329455D7D7
",0,191.102976
completions_claude/completion_M_t1.0_88.v,claude,M,1.0,88,1,1,1,"6F0FA9163F92C56027EA4D329455D7D7
",0,191.102976
completions_claude/completion_M_t1.0_89.v,claude,M,1.0,89,1,1,1,"6F0FA9163F92C56027EA4D329455D7D7
",0,191.102976
completions_claude/completion_M_t1.0_90.v,claude,M,1.0,90,1,1,1,"6F0FA9163F92C56027EA4D329455D7D7
",0,191.102976
completions_claude/completion_M_t1.0_91.v,claude,M,1.0,91,1,1,0,"F7176DB018731FC4901E0122179A5840
",2543,NA
completions_claude/completion_M_t1.0_92.v,claude,M,1.0,92,1,1,1,"6F0FA9163F92C56027EA4D329455D7D7
",0,192.724992
completions_claude/completion_M_t1.0_93.v,claude,M,1.0,93,1,1,1,"6F0FA9163F92C56027EA4D329455D7D7
",0,191.102976
completions_claude/completion_M_t1.0_94.v,claude,M,1.0,94,1,1,1,"6F0FA9163F92C56027EA4D329455D7D7
",0,192.724992
completions_claude/completion_M_t1.0_95.v,claude,M,1.0,95,1,1,1,"6F0FA9163F92C56027EA4D329455D7D7
",0,192.724992
completions_claude/completion_M_t1.0_96.v,claude,M,1.0,96,1,1,1,"6F0FA9163F92C56027EA4D329455D7D7
",0,192.577536
completions_claude/completion_M_t1.0_97.v,claude,M,1.0,97,1,1,1,"6F0FA9163F92C56027EA4D329455D7D7
",0,191.102976
completions_claude/completion_M_t1.0_98.v,claude,M,1.0,98,1,1,1,"6F0FA9163F92C56027EA4D329455D7D7
",0,191.102976
completions_claude/completion_M_t1.0_99.v,claude,M,1.0,99,1,1,1,"6F0FA9163F92C56027EA4D329455D7D7
",0,191.102976
completions_claude/completion_H_t0.1_0.v,claude,H,0.1,0,1,1,1,"6F0FA9163F92C56027EA4D329455D7D7
",0,192.724992
completions_claude/completion_H_t0.1_1.v,claude,H,0.1,1,1,1,1,"6F0FA9163F92C56027EA4D329455D7D7
",0,191.102976
completions_claude/completion_H_t0.1_2.v,claude,H,0.1,2,1,1,1,"6F0FA9163F92C56027EA4D329455D7D7
",0,192.724992
completions_claude/completion_H_t0.1_3.v,claude,H,0.1,3,1,1,1,"6F0FA9163F92C56027EA4D329455D7D7
",0,192.724992
completions_claude/completion_H_t0.1_4.v,claude,H,0.1,4,1,1,1,"6F0FA9163F92C56027EA4D329455D7D7
",0,192.724992
completions_claude/completion_H_t0.1_5.v,claude,H,0.1,5,1,1,1,"6F0FA9163F92C56027EA4D329455D7D7
",0,191.102976
completions_claude/completion_H_t0.1_6.v,claude,H,0.1,6,1,1,1,"6F0FA9163F92C56027EA4D329455D7D7
",0,192.724992
completions_claude/completion_H_t0.1_7.v,claude,H,0.1,7,1,1,1,"6F0FA9163F92C56027EA4D329455D7D7
",0,192.724992
completions_claude/completion_H_t0.1_8.v,claude,H,0.1,8,1,1,1,"6F0FA9163F92C56027EA4D329455D7D7
",0,192.724992
completions_claude/completion_H_t0.1_9.v,claude,H,0.1,9,1,1,1,"6F0FA9163F92C56027EA4D329455D7D7
",0,192.724992
completions_claude/completion_H_t0.1_10.v,claude,H,0.1,10,1,1,1,"6F0FA9163F92C56027EA4D329455D7D7
",0,192.724992
completions_claude/completion_H_t0.1_11.v,claude,H,0.1,11,1,1,1,"6F0FA9163F92C56027EA4D329455D7D7
",0,192.724992
completions_claude/completion_H_t0.1_12.v,claude,H,0.1,12,1,1,1,"6F0FA9163F92C56027EA4D329455D7D7
",0,192.724992
completions_claude/completion_H_t0.1_13.v,claude,H,0.1,13,1,1,1,"6F0FA9163F92C56027EA4D329455D7D7
",0,191.102976
completions_claude/completion_H_t0.1_14.v,claude,H,0.1,14,1,1,1,"6F0FA9163F92C56027EA4D329455D7D7
",0,192.724992
completions_claude/completion_H_t0.1_15.v,claude,H,0.1,15,1,1,1,"6F0FA9163F92C56027EA4D329455D7D7
",0,192.724992
completions_claude/completion_H_t0.1_16.v,claude,H,0.1,16,1,1,1,"6F0FA9163F92C56027EA4D329455D7D7
",0,192.724992
completions_claude/completion_H_t0.1_17.v,claude,H,0.1,17,1,1,1,"6F0FA9163F92C56027EA4D329455D7D7
",0,192.724992
completions_claude/completion_H_t0.1_18.v,claude,H,0.1,18,1,1,1,"6F0FA9163F92C56027EA4D329455D7D7
",0,192.724992
completions_claude/completion_H_t0.1_19.v,claude,H,0.1,19,1,1,1,"6F0FA9163F92C56027EA4D329455D7D7
",0,192.724992
completions_claude/completion_H_t0.1_20.v,claude,H,0.1,20,1,1,1,"6F0FA9163F92C56027EA4D329455D7D7
",0,192.724992
completions_claude/completion_H_t0.1_21.v,claude,H,0.1,21,1,1,1,"6F0FA9163F92C56027EA4D329455D7D7
",0,192.724992
completions_claude/completion_H_t0.1_22.v,claude,H,0.1,22,1,1,1,"6F0FA9163F92C56027EA4D329455D7D7
",0,192.724992
completions_claude/completion_H_t0.1_23.v,claude,H,0.1,23,1,1,1,"6F0FA9163F92C56027EA4D329455D7D7
",0,192.724992
completions_claude/completion_H_t0.1_24.v,claude,H,0.1,24,1,1,1,"6F0FA9163F92C56027EA4D329455D7D7
",0,192.724992
completions_claude/completion_H_t0.1_25.v,claude,H,0.1,25,1,1,1,"6F0FA9163F92C56027EA4D329455D7D7
",0,191.102976
completions_claude/completion_H_t0.1_26.v,claude,H,0.1,26,1,1,1,"6F0FA9163F92C56027EA4D329455D7D7
",0,192.724992
completions_claude/completion_H_t0.1_27.v,claude,H,0.1,27,1,1,1,"6F0FA9163F92C56027EA4D329455D7D7
",0,191.102976
completions_claude/completion_H_t0.1_28.v,claude,H,0.1,28,1,1,1,"6F0FA9163F92C56027EA4D329455D7D7
",0,192.724992
completions_claude/completion_H_t0.1_29.v,claude,H,0.1,29,1,1,1,"6F0FA9163F92C56027EA4D329455D7D7
",0,192.724992
completions_claude/completion_H_t0.1_30.v,claude,H,0.1,30,1,1,1,"6F0FA9163F92C56027EA4D329455D7D7
",0,192.724992
completions_claude/completion_H_t0.1_31.v,claude,H,0.1,31,1,1,1,"6F0FA9163F92C56027EA4D329455D7D7
",0,192.724992
completions_claude/completion_H_t0.1_32.v,claude,H,0.1,32,1,1,1,"6F0FA9163F92C56027EA4D329455D7D7
",0,192.724992
completions_claude/completion_H_t0.1_33.v,claude,H,0.1,33,1,1,1,"6F0FA9163F92C56027EA4D329455D7D7
",0,192.724992
completions_claude/completion_H_t0.1_34.v,claude,H,0.1,34,1,1,1,"6F0FA9163F92C56027EA4D329455D7D7
",0,192.724992
completions_claude/completion_H_t0.1_35.v,claude,H,0.1,35,1,1,1,"6F0FA9163F92C56027EA4D329455D7D7
",0,192.724992
completions_claude/completion_H_t0.1_36.v,claude,H,0.1,36,1,1,1,"6F0FA9163F92C56027EA4D329455D7D7
",0,192.724992
completions_claude/completion_H_t0.1_37.v,claude,H,0.1,37,1,1,1,"6F0FA9163F92C56027EA4D329455D7D7
",0,192.724992
completions_claude/completion_H_t0.1_38.v,claude,H,0.1,38,1,1,1,"6F0FA9163F92C56027EA4D329455D7D7
",0,192.724992
completions_claude/completion_H_t0.1_39.v,claude,H,0.1,39,1,1,1,"6F0FA9163F92C56027EA4D329455D7D7
",0,191.102976
completions_claude/completion_H_t0.1_40.v,claude,H,0.1,40,1,1,1,"6F0FA9163F92C56027EA4D329455D7D7
",0,191.102976
completions_claude/completion_H_t0.1_41.v,claude,H,0.1,41,1,1,1,"6F0FA9163F92C56027EA4D329455D7D7
",0,192.724992
completions_claude/completion_H_t0.1_42.v,claude,H,0.1,42,1,1,1,"6F0FA9163F92C56027EA4D329455D7D7
",0,192.724992
completions_claude/completion_H_t0.1_43.v,claude,H,0.1,43,1,1,1,"6F0FA9163F92C56027EA4D329455D7D7
",0,192.724992
completions_claude/completion_H_t0.1_44.v,claude,H,0.1,44,1,1,1,"6F0FA9163F92C56027EA4D329455D7D7
",0,192.724992
completions_claude/completion_H_t0.1_45.v,claude,H,0.1,45,1,1,1,"6F0FA9163F92C56027EA4D329455D7D7
",0,192.724992
completions_claude/completion_H_t0.1_46.v,claude,H,0.1,46,1,1,1,"6F0FA9163F92C56027EA4D329455D7D7
",0,192.724992
completions_claude/completion_H_t0.1_47.v,claude,H,0.1,47,1,1,1,"6F0FA9163F92C56027EA4D329455D7D7
",0,192.724992
completions_claude/completion_H_t0.1_48.v,claude,H,0.1,48,1,1,1,"6F0FA9163F92C56027EA4D329455D7D7
",0,192.724992
completions_claude/completion_H_t0.1_49.v,claude,H,0.1,49,1,1,1,"6F0FA9163F92C56027EA4D329455D7D7
",0,192.724992
completions_claude/completion_H_t0.1_50.v,claude,H,0.1,50,1,1,1,"6F0FA9163F92C56027EA4D329455D7D7
",0,191.102976
completions_claude/completion_H_t0.1_51.v,claude,H,0.1,51,1,1,1,"6F0FA9163F92C56027EA4D329455D7D7
",0,192.724992
completions_claude/completion_H_t0.1_52.v,claude,H,0.1,52,1,1,1,"6F0FA9163F92C56027EA4D329455D7D7
",0,192.724992
completions_claude/completion_H_t0.1_53.v,claude,H,0.1,53,1,1,1,"6F0FA9163F92C56027EA4D329455D7D7
",0,192.724992
completions_claude/completion_H_t0.1_54.v,claude,H,0.1,54,1,1,1,"6F0FA9163F92C56027EA4D329455D7D7
",0,192.724992
completions_claude/completion_H_t0.1_55.v,claude,H,0.1,55,1,1,1,"6F0FA9163F92C56027EA4D329455D7D7
",0,191.102976
completions_claude/completion_H_t0.1_56.v,claude,H,0.1,56,1,1,1,"6F0FA9163F92C56027EA4D329455D7D7
",0,192.724992
completions_claude/completion_H_t0.1_57.v,claude,H,0.1,57,1,1,1,"6F0FA9163F92C56027EA4D329455D7D7
",0,192.724992
completions_claude/completion_H_t0.1_58.v,claude,H,0.1,58,1,1,1,"6F0FA9163F92C56027EA4D329455D7D7
",0,192.724992
completions_claude/completion_H_t0.1_59.v,claude,H,0.1,59,1,1,1,"6F0FA9163F92C56027EA4D329455D7D7
",0,192.724992
completions_claude/completion_H_t0.1_60.v,claude,H,0.1,60,1,1,1,"6F0FA9163F92C56027EA4D329455D7D7
",0,192.724992
completions_claude/completion_H_t0.1_61.v,claude,H,0.1,61,1,1,1,"6F0FA9163F92C56027EA4D329455D7D7
",0,192.724992
completions_claude/completion_H_t0.1_62.v,claude,H,0.1,62,1,1,1,"6F0FA9163F92C56027EA4D329455D7D7
",0,192.724992
completions_claude/completion_H_t0.1_63.v,claude,H,0.1,63,1,1,1,"6F0FA9163F92C56027EA4D329455D7D7
",0,192.724992
completions_claude/completion_H_t0.1_64.v,claude,H,0.1,64,1,1,1,"6F0FA9163F92C56027EA4D329455D7D7
",0,192.724992
completions_claude/completion_H_t0.1_65.v,claude,H,0.1,65,1,1,1,"6F0FA9163F92C56027EA4D329455D7D7
",0,192.724992
completions_claude/completion_H_t0.1_66.v,claude,H,0.1,66,1,1,1,"6F0FA9163F92C56027EA4D329455D7D7
",0,192.724992
completions_claude/completion_H_t0.1_67.v,claude,H,0.1,67,1,1,1,"6F0FA9163F92C56027EA4D329455D7D7
",0,192.724992
completions_claude/completion_H_t0.1_68.v,claude,H,0.1,68,1,1,1,"6F0FA9163F92C56027EA4D329455D7D7
",0,192.724992
completions_claude/completion_H_t0.1_69.v,claude,H,0.1,69,1,1,1,"6F0FA9163F92C56027EA4D329455D7D7
",0,192.724992
completions_claude/completion_H_t0.1_70.v,claude,H,0.1,70,1,1,1,"6F0FA9163F92C56027EA4D329455D7D7
",0,192.724992
completions_claude/completion_H_t0.1_71.v,claude,H,0.1,71,1,1,1,"6F0FA9163F92C56027EA4D329455D7D7
",0,192.724992
completions_claude/completion_H_t0.1_72.v,claude,H,0.1,72,1,1,1,"6F0FA9163F92C56027EA4D329455D7D7
",0,191.102976
completions_claude/completion_H_t0.1_73.v,claude,H,0.1,73,1,1,1,"6F0FA9163F92C56027EA4D329455D7D7
",0,192.724992
completions_claude/completion_H_t0.1_74.v,claude,H,0.1,74,1,1,1,"6F0FA9163F92C56027EA4D329455D7D7
",0,192.724992
completions_claude/completion_H_t0.1_75.v,claude,H,0.1,75,1,1,1,"6F0FA9163F92C56027EA4D329455D7D7
",0,192.724992
completions_claude/completion_H_t0.1_76.v,claude,H,0.1,76,1,1,1,"6F0FA9163F92C56027EA4D329455D7D7
",0,192.724992
completions_claude/completion_H_t0.1_77.v,claude,H,0.1,77,1,1,1,"6F0FA9163F92C56027EA4D329455D7D7
",0,192.724992
completions_claude/completion_H_t0.1_78.v,claude,H,0.1,78,1,1,1,"6F0FA9163F92C56027EA4D329455D7D7
",0,192.724992
completions_claude/completion_H_t0.1_79.v,claude,H,0.1,79,1,1,1,"6F0FA9163F92C56027EA4D329455D7D7
",0,191.102976
completions_claude/completion_H_t0.1_80.v,claude,H,0.1,80,1,1,1,"6F0FA9163F92C56027EA4D329455D7D7
",0,192.724992
completions_claude/completion_H_t0.1_81.v,claude,H,0.1,81,1,1,1,"6F0FA9163F92C56027EA4D329455D7D7
",0,192.724992
completions_claude/completion_H_t0.1_82.v,claude,H,0.1,82,1,1,1,"6F0FA9163F92C56027EA4D329455D7D7
",0,191.102976
completions_claude/completion_H_t0.1_83.v,claude,H,0.1,83,1,1,1,"6F0FA9163F92C56027EA4D329455D7D7
",0,192.724992
completions_claude/completion_H_t0.1_84.v,claude,H,0.1,84,1,1,1,"6F0FA9163F92C56027EA4D329455D7D7
",0,192.724992
completions_claude/completion_H_t0.1_85.v,claude,H,0.1,85,1,1,1,"6F0FA9163F92C56027EA4D329455D7D7
",0,191.102976
completions_claude/completion_H_t0.1_86.v,claude,H,0.1,86,1,1,1,"6F0FA9163F92C56027EA4D329455D7D7
",0,192.724992
completions_claude/completion_H_t0.1_87.v,claude,H,0.1,87,1,1,1,"6F0FA9163F92C56027EA4D329455D7D7
",0,192.724992
completions_claude/completion_H_t0.1_88.v,claude,H,0.1,88,1,1,1,"6F0FA9163F92C56027EA4D329455D7D7
",0,192.724992
completions_claude/completion_H_t0.1_89.v,claude,H,0.1,89,1,1,1,"6F0FA9163F92C56027EA4D329455D7D7
",0,192.724992
completions_claude/completion_H_t0.1_90.v,claude,H,0.1,90,1,1,1,"6F0FA9163F92C56027EA4D329455D7D7
",0,192.724992
completions_claude/completion_H_t0.1_91.v,claude,H,0.1,91,1,1,1,"6F0FA9163F92C56027EA4D329455D7D7
",0,191.102976
completions_claude/completion_H_t0.1_92.v,claude,H,0.1,92,1,1,1,"6F0FA9163F92C56027EA4D329455D7D7
",0,192.724992
completions_claude/completion_H_t0.1_93.v,claude,H,0.1,93,1,1,1,"6F0FA9163F92C56027EA4D329455D7D7
",0,192.724992
completions_claude/completion_H_t0.1_94.v,claude,H,0.1,94,1,1,1,"6F0FA9163F92C56027EA4D329455D7D7
",0,192.724992
completions_claude/completion_H_t0.1_95.v,claude,H,0.1,95,1,1,1,"6F0FA9163F92C56027EA4D329455D7D7
",0,192.724992
completions_claude/completion_H_t0.1_96.v,claude,H,0.1,96,1,1,1,"6F0FA9163F92C56027EA4D329455D7D7
",0,192.724992
completions_claude/completion_H_t0.1_97.v,claude,H,0.1,97,1,1,1,"6F0FA9163F92C56027EA4D329455D7D7
",0,192.724992
completions_claude/completion_H_t0.1_98.v,claude,H,0.1,98,1,1,1,"6F0FA9163F92C56027EA4D329455D7D7
",0,192.724992
completions_claude/completion_H_t0.1_99.v,claude,H,0.1,99,1,1,1,"6F0FA9163F92C56027EA4D329455D7D7
",0,192.724992
completions_claude/completion_H_t0.3_0.v,claude,H,0.3,0,1,1,1,"6F0FA9163F92C56027EA4D329455D7D7
",0,192.724992
completions_claude/completion_H_t0.3_1.v,claude,H,0.3,1,1,1,1,"6F0FA9163F92C56027EA4D329455D7D7
",0,192.724992
completions_claude/completion_H_t0.3_2.v,claude,H,0.3,2,1,1,1,"6F0FA9163F92C56027EA4D329455D7D7
",0,192.724992
completions_claude/completion_H_t0.3_3.v,claude,H,0.3,3,1,1,1,"6F0FA9163F92C56027EA4D329455D7D7
",0,192.724992
completions_claude/completion_H_t0.3_4.v,claude,H,0.3,4,1,1,1,"6F0FA9163F92C56027EA4D329455D7D7
",0,191.102976
completions_claude/completion_H_t0.3_5.v,claude,H,0.3,5,1,1,1,"6F0FA9163F92C56027EA4D329455D7D7
",0,192.724992
completions_claude/completion_H_t0.3_6.v,claude,H,0.3,6,1,1,1,"6F0FA9163F92C56027EA4D329455D7D7
",0,192.724992
completions_claude/completion_H_t0.3_7.v,claude,H,0.3,7,1,1,1,"6F0FA9163F92C56027EA4D329455D7D7
",0,192.724992
completions_claude/completion_H_t0.3_8.v,claude,H,0.3,8,1,1,1,"6F0FA9163F92C56027EA4D329455D7D7
",0,191.102976
completions_claude/completion_H_t0.3_9.v,claude,H,0.3,9,1,1,1,"6F0FA9163F92C56027EA4D329455D7D7
",0,192.724992
completions_claude/completion_H_t0.3_10.v,claude,H,0.3,10,1,1,1,"6F0FA9163F92C56027EA4D329455D7D7
",0,192.724992
completions_claude/completion_H_t0.3_11.v,claude,H,0.3,11,1,1,1,"6F0FA9163F92C56027EA4D329455D7D7
",0,191.102976
completions_claude/completion_H_t0.3_12.v,claude,H,0.3,12,1,1,1,"6F0FA9163F92C56027EA4D329455D7D7
",0,192.724992
completions_claude/completion_H_t0.3_13.v,claude,H,0.3,13,1,1,1,"6F0FA9163F92C56027EA4D329455D7D7
",0,191.102976
completions_claude/completion_H_t0.3_14.v,claude,H,0.3,14,1,1,1,"6F0FA9163F92C56027EA4D329455D7D7
",0,191.102976
completions_claude/completion_H_t0.3_15.v,claude,H,0.3,15,1,1,1,"6F0FA9163F92C56027EA4D329455D7D7
",0,192.724992
completions_claude/completion_H_t0.3_16.v,claude,H,0.3,16,1,1,1,"6F0FA9163F92C56027EA4D329455D7D7
",0,191.102976
completions_claude/completion_H_t0.3_17.v,claude,H,0.3,17,1,1,1,"6F0FA9163F92C56027EA4D329455D7D7
",0,192.724992
completions_claude/completion_H_t0.3_18.v,claude,H,0.3,18,1,1,1,"6F0FA9163F92C56027EA4D329455D7D7
",0,192.724992
completions_claude/completion_H_t0.3_19.v,claude,H,0.3,19,1,1,1,"6F0FA9163F92C56027EA4D329455D7D7
",0,191.102976
completions_claude/completion_H_t0.3_20.v,claude,H,0.3,20,1,1,1,"6F0FA9163F92C56027EA4D329455D7D7
",0,191.102976
completions_claude/completion_H_t0.3_21.v,claude,H,0.3,21,1,1,1,"6F0FA9163F92C56027EA4D329455D7D7
",0,191.102976
completions_claude/completion_H_t0.3_22.v,claude,H,0.3,22,1,1,1,"6F0FA9163F92C56027EA4D329455D7D7
",0,191.102976
completions_claude/completion_H_t0.3_23.v,claude,H,0.3,23,1,1,1,"6F0FA9163F92C56027EA4D329455D7D7
",0,192.724992
completions_claude/completion_H_t0.3_24.v,claude,H,0.3,24,1,1,1,"6F0FA9163F92C56027EA4D329455D7D7
",0,191.102976
completions_claude/completion_H_t0.3_25.v,claude,H,0.3,25,1,1,1,"6F0FA9163F92C56027EA4D329455D7D7
",0,192.724992
completions_claude/completion_H_t0.3_26.v,claude,H,0.3,26,1,1,1,"6F0FA9163F92C56027EA4D329455D7D7
",0,192.724992
completions_claude/completion_H_t0.3_27.v,claude,H,0.3,27,1,1,1,"6F0FA9163F92C56027EA4D329455D7D7
",0,191.102976
completions_claude/completion_H_t0.3_28.v,claude,H,0.3,28,1,1,1,"6F0FA9163F92C56027EA4D329455D7D7
",0,192.724992
completions_claude/completion_H_t0.3_29.v,claude,H,0.3,29,1,1,1,"6F0FA9163F92C56027EA4D329455D7D7
",0,192.724992
completions_claude/completion_H_t0.3_30.v,claude,H,0.3,30,1,1,1,"6F0FA9163F92C56027EA4D329455D7D7
",0,192.724992
completions_claude/completion_H_t0.3_31.v,claude,H,0.3,31,1,1,1,"6F0FA9163F92C56027EA4D329455D7D7
",0,192.724992
completions_claude/completion_H_t0.3_32.v,claude,H,0.3,32,1,1,1,"6F0FA9163F92C56027EA4D329455D7D7
",0,192.724992
completions_claude/completion_H_t0.3_33.v,claude,H,0.3,33,1,1,1,"6F0FA9163F92C56027EA4D329455D7D7
",0,192.724992
completions_claude/completion_H_t0.3_34.v,claude,H,0.3,34,1,1,1,"6F0FA9163F92C56027EA4D329455D7D7
",0,192.724992
completions_claude/completion_H_t0.3_35.v,claude,H,0.3,35,1,1,1,"6F0FA9163F92C56027EA4D329455D7D7
",0,191.102976
completions_claude/completion_H_t0.3_36.v,claude,H,0.3,36,1,1,1,"6F0FA9163F92C56027EA4D329455D7D7
",0,191.102976
completions_claude/completion_H_t0.3_37.v,claude,H,0.3,37,1,1,1,"6F0FA9163F92C56027EA4D329455D7D7
",0,192.724992
completions_claude/completion_H_t0.3_38.v,claude,H,0.3,38,1,1,1,"6F0FA9163F92C56027EA4D329455D7D7
",0,192.724992
completions_claude/completion_H_t0.3_39.v,claude,H,0.3,39,1,1,1,"6F0FA9163F92C56027EA4D329455D7D7
",0,192.724992
completions_claude/completion_H_t0.3_40.v,claude,H,0.3,40,1,1,1,"6F0FA9163F92C56027EA4D329455D7D7
",0,192.724992
completions_claude/completion_H_t0.3_41.v,claude,H,0.3,41,1,1,1,"6F0FA9163F92C56027EA4D329455D7D7
",0,191.102976
completions_claude/completion_H_t0.3_42.v,claude,H,0.3,42,1,1,1,"6F0FA9163F92C56027EA4D329455D7D7
",0,191.102976
completions_claude/completion_H_t0.3_43.v,claude,H,0.3,43,1,1,1,"6F0FA9163F92C56027EA4D329455D7D7
",0,192.724992
completions_claude/completion_H_t0.3_44.v,claude,H,0.3,44,1,1,1,"6F0FA9163F92C56027EA4D329455D7D7
",0,192.724992
completions_claude/completion_H_t0.3_45.v,claude,H,0.3,45,1,1,1,"6F0FA9163F92C56027EA4D329455D7D7
",0,192.724992
completions_claude/completion_H_t0.3_46.v,claude,H,0.3,46,1,1,1,"6F0FA9163F92C56027EA4D329455D7D7
",0,191.102976
completions_claude/completion_H_t0.3_47.v,claude,H,0.3,47,1,1,1,"6F0FA9163F92C56027EA4D329455D7D7
",0,192.724992
completions_claude/completion_H_t0.3_48.v,claude,H,0.3,48,1,1,1,"6F0FA9163F92C56027EA4D329455D7D7
",0,192.724992
completions_claude/completion_H_t0.3_49.v,claude,H,0.3,49,1,0,0,NA,NA,NA
completions_claude/completion_H_t0.3_50.v,claude,H,0.3,50,1,1,1,"6F0FA9163F92C56027EA4D329455D7D7
",0,192.724992
completions_claude/completion_H_t0.3_51.v,claude,H,0.3,51,1,1,1,"6F0FA9163F92C56027EA4D329455D7D7
",0,192.724992
completions_claude/completion_H_t0.3_52.v,claude,H,0.3,52,1,1,1,"6F0FA9163F92C56027EA4D329455D7D7
",0,192.724992
completions_claude/completion_H_t0.3_53.v,claude,H,0.3,53,1,1,1,"6F0FA9163F92C56027EA4D329455D7D7
",0,192.724992
completions_claude/completion_H_t0.3_54.v,claude,H,0.3,54,1,1,1,"6F0FA9163F92C56027EA4D329455D7D7
",0,191.102976
completions_claude/completion_H_t0.3_55.v,claude,H,0.3,55,1,1,1,"6F0FA9163F92C56027EA4D329455D7D7
",0,192.724992
completions_claude/completion_H_t0.3_56.v,claude,H,0.3,56,1,1,1,"6F0FA9163F92C56027EA4D329455D7D7
",0,192.724992
completions_claude/completion_H_t0.3_57.v,claude,H,0.3,57,1,1,1,"6F0FA9163F92C56027EA4D329455D7D7
",0,191.102976
completions_claude/completion_H_t0.3_58.v,claude,H,0.3,58,1,1,1,"6F0FA9163F92C56027EA4D329455D7D7
",0,192.724992
completions_claude/completion_H_t0.3_59.v,claude,H,0.3,59,1,1,1,"6F0FA9163F92C56027EA4D329455D7D7
",0,191.102976
completions_claude/completion_H_t0.3_60.v,claude,H,0.3,60,1,1,1,"6F0FA9163F92C56027EA4D329455D7D7
",0,192.724992
completions_claude/completion_H_t0.3_61.v,claude,H,0.3,61,1,1,1,"6F0FA9163F92C56027EA4D329455D7D7
",0,191.102976
completions_claude/completion_H_t0.3_62.v,claude,H,0.3,62,1,1,1,"6F0FA9163F92C56027EA4D329455D7D7
",0,191.102976
completions_claude/completion_H_t0.3_63.v,claude,H,0.3,63,1,1,1,"6F0FA9163F92C56027EA4D329455D7D7
",0,192.724992
completions_claude/completion_H_t0.3_64.v,claude,H,0.3,64,1,1,1,"6F0FA9163F92C56027EA4D329455D7D7
",0,191.102976
completions_claude/completion_H_t0.3_65.v,claude,H,0.3,65,1,1,1,"6F0FA9163F92C56027EA4D329455D7D7
",0,192.724992
completions_claude/completion_H_t0.3_66.v,claude,H,0.3,66,1,1,1,"6F0FA9163F92C56027EA4D329455D7D7
",0,192.724992
completions_claude/completion_H_t0.3_67.v,claude,H,0.3,67,1,1,1,"6F0FA9163F92C56027EA4D329455D7D7
",0,191.102976
completions_claude/completion_H_t0.3_68.v,claude,H,0.3,68,1,1,1,"6F0FA9163F92C56027EA4D329455D7D7
",0,192.724992
completions_claude/completion_H_t0.3_69.v,claude,H,0.3,69,1,1,1,"6F0FA9163F92C56027EA4D329455D7D7
",0,191.102976
completions_claude/completion_H_t0.3_70.v,claude,H,0.3,70,1,1,1,"6F0FA9163F92C56027EA4D329455D7D7
",0,192.724992
completions_claude/completion_H_t0.3_71.v,claude,H,0.3,71,1,1,1,"6F0FA9163F92C56027EA4D329455D7D7
",0,192.724992
completions_claude/completion_H_t0.3_72.v,claude,H,0.3,72,1,1,1,"6F0FA9163F92C56027EA4D329455D7D7
",0,192.724992
completions_claude/completion_H_t0.3_73.v,claude,H,0.3,73,1,1,1,"6F0FA9163F92C56027EA4D329455D7D7
",0,192.724992
completions_claude/completion_H_t0.3_74.v,claude,H,0.3,74,1,1,1,"6F0FA9163F92C56027EA4D329455D7D7
",0,192.724992
completions_claude/completion_H_t0.3_75.v,claude,H,0.3,75,1,1,1,"6F0FA9163F92C56027EA4D329455D7D7
",0,192.724992
completions_claude/completion_H_t0.3_76.v,claude,H,0.3,76,1,1,1,"6F0FA9163F92C56027EA4D329455D7D7
",0,192.724992
completions_claude/completion_H_t0.3_77.v,claude,H,0.3,77,1,1,1,"6F0FA9163F92C56027EA4D329455D7D7
",0,192.724992
completions_claude/completion_H_t0.3_78.v,claude,H,0.3,78,1,1,1,"6F0FA9163F92C56027EA4D329455D7D7
",0,192.724992
completions_claude/completion_H_t0.3_79.v,claude,H,0.3,79,1,1,1,"6F0FA9163F92C56027EA4D329455D7D7
",0,192.724992
completions_claude/completion_H_t0.3_80.v,claude,H,0.3,80,1,1,1,"6F0FA9163F92C56027EA4D329455D7D7
",0,191.102976
completions_claude/completion_H_t0.3_81.v,claude,H,0.3,81,1,1,1,"6F0FA9163F92C56027EA4D329455D7D7
",0,191.102976
completions_claude/completion_H_t0.3_82.v,claude,H,0.3,82,1,1,1,"6F0FA9163F92C56027EA4D329455D7D7
",0,192.724992
completions_claude/completion_H_t0.3_83.v,claude,H,0.3,83,1,1,1,"6F0FA9163F92C56027EA4D329455D7D7
",0,191.102976
completions_claude/completion_H_t0.3_84.v,claude,H,0.3,84,1,1,1,"6F0FA9163F92C56027EA4D329455D7D7
",0,191.102976
completions_claude/completion_H_t0.3_85.v,claude,H,0.3,85,1,1,1,"6F0FA9163F92C56027EA4D329455D7D7
",0,192.724992
completions_claude/completion_H_t0.3_86.v,claude,H,0.3,86,1,1,1,"6F0FA9163F92C56027EA4D329455D7D7
",0,191.102976
completions_claude/completion_H_t0.3_87.v,claude,H,0.3,87,1,1,1,"6F0FA9163F92C56027EA4D329455D7D7
",0,191.102976
completions_claude/completion_H_t0.3_88.v,claude,H,0.3,88,1,1,1,"6F0FA9163F92C56027EA4D329455D7D7
",0,192.724992
completions_claude/completion_H_t0.3_89.v,claude,H,0.3,89,1,1,1,"6F0FA9163F92C56027EA4D329455D7D7
",0,191.102976
completions_claude/completion_H_t0.3_90.v,claude,H,0.3,90,1,1,1,"6F0FA9163F92C56027EA4D329455D7D7
",0,191.102976
completions_claude/completion_H_t0.3_91.v,claude,H,0.3,91,1,1,1,"6F0FA9163F92C56027EA4D329455D7D7
",0,192.724992
completions_claude/completion_H_t0.3_92.v,claude,H,0.3,92,1,1,1,"6F0FA9163F92C56027EA4D329455D7D7
",0,192.724992
completions_claude/completion_H_t0.3_93.v,claude,H,0.3,93,1,1,1,"6F0FA9163F92C56027EA4D329455D7D7
",0,192.724992
completions_claude/completion_H_t0.3_94.v,claude,H,0.3,94,1,1,1,"6F0FA9163F92C56027EA4D329455D7D7
",0,192.724992
completions_claude/completion_H_t0.3_95.v,claude,H,0.3,95,1,1,1,"6F0FA9163F92C56027EA4D329455D7D7
",0,191.102976
completions_claude/completion_H_t0.3_96.v,claude,H,0.3,96,1,1,1,"6F0FA9163F92C56027EA4D329455D7D7
",0,192.724992
completions_claude/completion_H_t0.3_97.v,claude,H,0.3,97,1,1,1,"6F0FA9163F92C56027EA4D329455D7D7
",0,192.724992
completions_claude/completion_H_t0.3_98.v,claude,H,0.3,98,1,1,1,"6F0FA9163F92C56027EA4D329455D7D7
",0,192.724992
completions_claude/completion_H_t0.3_99.v,claude,H,0.3,99,1,1,1,"6F0FA9163F92C56027EA4D329455D7D7
",0,192.724992
completions_claude/completion_H_t0.5_0.v,claude,H,0.5,0,1,1,1,"6F0FA9163F92C56027EA4D329455D7D7
",0,192.724992
completions_claude/completion_H_t0.5_1.v,claude,H,0.5,1,1,1,1,"6F0FA9163F92C56027EA4D329455D7D7
",0,192.724992
completions_claude/completion_H_t0.5_2.v,claude,H,0.5,2,1,1,1,"6F0FA9163F92C56027EA4D329455D7D7
",0,191.102976
completions_claude/completion_H_t0.5_3.v,claude,H,0.5,3,1,1,1,"6F0FA9163F92C56027EA4D329455D7D7
",0,192.724992
completions_claude/completion_H_t0.5_4.v,claude,H,0.5,4,1,1,1,"6F0FA9163F92C56027EA4D329455D7D7
",0,191.102976
completions_claude/completion_H_t0.5_5.v,claude,H,0.5,5,1,1,1,"6F0FA9163F92C56027EA4D329455D7D7
",0,192.724992
completions_claude/completion_H_t0.5_6.v,claude,H,0.5,6,1,1,1,"6F0FA9163F92C56027EA4D329455D7D7
",0,191.102976
completions_claude/completion_H_t0.5_7.v,claude,H,0.5,7,1,1,1,"6F0FA9163F92C56027EA4D329455D7D7
",0,192.724992
completions_claude/completion_H_t0.5_8.v,claude,H,0.5,8,1,1,1,"6F0FA9163F92C56027EA4D329455D7D7
",0,191.102976
completions_claude/completion_H_t0.5_9.v,claude,H,0.5,9,1,1,1,"6F0FA9163F92C56027EA4D329455D7D7
",0,192.724992
completions_claude/completion_H_t0.5_10.v,claude,H,0.5,10,1,1,1,"6F0FA9163F92C56027EA4D329455D7D7
",0,192.724992
completions_claude/completion_H_t0.5_11.v,claude,H,0.5,11,1,1,1,"6F0FA9163F92C56027EA4D329455D7D7
",0,192.724992
completions_claude/completion_H_t0.5_12.v,claude,H,0.5,12,1,1,1,"6F0FA9163F92C56027EA4D329455D7D7
",0,191.102976
completions_claude/completion_H_t0.5_13.v,claude,H,0.5,13,1,1,1,"6F0FA9163F92C56027EA4D329455D7D7
",0,192.724992
completions_claude/completion_H_t0.5_14.v,claude,H,0.5,14,1,1,1,"6F0FA9163F92C56027EA4D329455D7D7
",0,192.724992
completions_claude/completion_H_t0.5_15.v,claude,H,0.5,15,1,1,1,"6F0FA9163F92C56027EA4D329455D7D7
",0,191.102976
completions_claude/completion_H_t0.5_16.v,claude,H,0.5,16,1,1,1,"6F0FA9163F92C56027EA4D329455D7D7
",0,192.724992
completions_claude/completion_H_t0.5_17.v,claude,H,0.5,17,1,1,1,"6F0FA9163F92C56027EA4D329455D7D7
",0,191.102976
completions_claude/completion_H_t0.5_18.v,claude,H,0.5,18,1,1,1,"6F0FA9163F92C56027EA4D329455D7D7
",0,192.724992
completions_claude/completion_H_t0.5_19.v,claude,H,0.5,19,1,1,1,"6F0FA9163F92C56027EA4D329455D7D7
",0,191.102976
completions_claude/completion_H_t0.5_20.v,claude,H,0.5,20,1,1,1,"6F0FA9163F92C56027EA4D329455D7D7
",0,191.102976
completions_claude/completion_H_t0.5_21.v,claude,H,0.5,21,1,1,1,"6F0FA9163F92C56027EA4D329455D7D7
",0,191.102976
completions_claude/completion_H_t0.5_22.v,claude,H,0.5,22,1,1,1,"6F0FA9163F92C56027EA4D329455D7D7
",0,191.102976
completions_claude/completion_H_t0.5_23.v,claude,H,0.5,23,1,1,1,"6F0FA9163F92C56027EA4D329455D7D7
",0,192.724992
completions_claude/completion_H_t0.5_24.v,claude,H,0.5,24,1,1,1,"6F0FA9163F92C56027EA4D329455D7D7
",0,192.724992
completions_claude/completion_H_t0.5_25.v,claude,H,0.5,25,1,1,1,"6F0FA9163F92C56027EA4D329455D7D7
",0,191.102976
completions_claude/completion_H_t0.5_26.v,claude,H,0.5,26,1,1,1,"6F0FA9163F92C56027EA4D329455D7D7
",0,191.102976
completions_claude/completion_H_t0.5_27.v,claude,H,0.5,27,1,1,1,"6F0FA9163F92C56027EA4D329455D7D7
",0,191.102976
completions_claude/completion_H_t0.5_28.v,claude,H,0.5,28,1,1,1,"6F0FA9163F92C56027EA4D329455D7D7
",0,192.724992
completions_claude/completion_H_t0.5_29.v,claude,H,0.5,29,1,1,1,"6F0FA9163F92C56027EA4D329455D7D7
",0,191.102976
completions_claude/completion_H_t0.5_30.v,claude,H,0.5,30,1,1,1,"6F0FA9163F92C56027EA4D329455D7D7
",0,192.724992
completions_claude/completion_H_t0.5_31.v,claude,H,0.5,31,1,1,1,"6F0FA9163F92C56027EA4D329455D7D7
",0,191.102976
completions_claude/completion_H_t0.5_32.v,claude,H,0.5,32,1,1,1,"6F0FA9163F92C56027EA4D329455D7D7
",0,192.724992
completions_claude/completion_H_t0.5_33.v,claude,H,0.5,33,1,1,1,"6F0FA9163F92C56027EA4D329455D7D7
",0,192.724992
completions_claude/completion_H_t0.5_34.v,claude,H,0.5,34,1,1,1,"6F0FA9163F92C56027EA4D329455D7D7
",0,192.724992
completions_claude/completion_H_t0.5_35.v,claude,H,0.5,35,1,1,1,"6F0FA9163F92C56027EA4D329455D7D7
",0,191.102976
completions_claude/completion_H_t0.5_36.v,claude,H,0.5,36,1,1,1,"6F0FA9163F92C56027EA4D329455D7D7
",0,192.724992
completions_claude/completion_H_t0.5_37.v,claude,H,0.5,37,1,1,1,"6F0FA9163F92C56027EA4D329455D7D7
",0,192.724992
completions_claude/completion_H_t0.5_38.v,claude,H,0.5,38,1,1,1,"6F0FA9163F92C56027EA4D329455D7D7
",0,191.102976
completions_claude/completion_H_t0.5_39.v,claude,H,0.5,39,1,1,1,"6F0FA9163F92C56027EA4D329455D7D7
",0,191.102976
completions_claude/completion_H_t0.5_40.v,claude,H,0.5,40,1,1,1,"6F0FA9163F92C56027EA4D329455D7D7
",0,192.724992
completions_claude/completion_H_t0.5_41.v,claude,H,0.5,41,1,1,1,"6F0FA9163F92C56027EA4D329455D7D7
",0,192.724992
completions_claude/completion_H_t0.5_42.v,claude,H,0.5,42,1,1,1,"6F0FA9163F92C56027EA4D329455D7D7
",0,191.102976
completions_claude/completion_H_t0.5_43.v,claude,H,0.5,43,1,1,1,"6F0FA9163F92C56027EA4D329455D7D7
",0,191.102976
completions_claude/completion_H_t0.5_44.v,claude,H,0.5,44,1,1,1,"6F0FA9163F92C56027EA4D329455D7D7
",0,191.102976
completions_claude/completion_H_t0.5_45.v,claude,H,0.5,45,1,1,1,"6F0FA9163F92C56027EA4D329455D7D7
",0,192.724992
completions_claude/completion_H_t0.5_46.v,claude,H,0.5,46,1,1,1,"6F0FA9163F92C56027EA4D329455D7D7
",0,191.102976
completions_claude/completion_H_t0.5_47.v,claude,H,0.5,47,1,1,1,"6F0FA9163F92C56027EA4D329455D7D7
",0,191.102976
completions_claude/completion_H_t0.5_48.v,claude,H,0.5,48,1,1,1,"6F0FA9163F92C56027EA4D329455D7D7
",0,192.724992
completions_claude/completion_H_t0.5_49.v,claude,H,0.5,49,1,1,1,"6F0FA9163F92C56027EA4D329455D7D7
",0,191.102976
completions_claude/completion_H_t0.5_50.v,claude,H,0.5,50,1,1,1,"6F0FA9163F92C56027EA4D329455D7D7
",0,192.724992
completions_claude/completion_H_t0.5_51.v,claude,H,0.5,51,1,1,1,"6F0FA9163F92C56027EA4D329455D7D7
",0,191.102976
completions_claude/completion_H_t0.5_52.v,claude,H,0.5,52,1,1,1,"6F0FA9163F92C56027EA4D329455D7D7
",0,191.102976
completions_claude/completion_H_t0.5_53.v,claude,H,0.5,53,1,1,1,"6F0FA9163F92C56027EA4D329455D7D7
",0,192.724992
completions_claude/completion_H_t0.5_54.v,claude,H,0.5,54,1,1,1,"6F0FA9163F92C56027EA4D329455D7D7
",0,192.724992
completions_claude/completion_H_t0.5_55.v,claude,H,0.5,55,1,1,1,"6F0FA9163F92C56027EA4D329455D7D7
",0,192.724992
completions_claude/completion_H_t0.5_56.v,claude,H,0.5,56,1,1,1,"6F0FA9163F92C56027EA4D329455D7D7
",0,191.102976
completions_claude/completion_H_t0.5_57.v,claude,H,0.5,57,1,1,1,"6F0FA9163F92C56027EA4D329455D7D7
",0,192.724992
completions_claude/completion_H_t0.5_58.v,claude,H,0.5,58,1,1,1,"6F0FA9163F92C56027EA4D329455D7D7
",0,192.724992
completions_claude/completion_H_t0.5_59.v,claude,H,0.5,59,1,1,1,"6F0FA9163F92C56027EA4D329455D7D7
",0,191.102976
completions_claude/completion_H_t0.5_60.v,claude,H,0.5,60,1,1,1,"6F0FA9163F92C56027EA4D329455D7D7
",0,192.724992
completions_claude/completion_H_t0.5_61.v,claude,H,0.5,61,1,1,1,"6F0FA9163F92C56027EA4D329455D7D7
",0,191.102976
completions_claude/completion_H_t0.5_62.v,claude,H,0.5,62,1,1,1,"6F0FA9163F92C56027EA4D329455D7D7
",0,192.724992
completions_claude/completion_H_t0.5_63.v,claude,H,0.5,63,1,1,1,"6F0FA9163F92C56027EA4D329455D7D7
",0,191.102976
completions_claude/completion_H_t0.5_64.v,claude,H,0.5,64,1,1,1,"6F0FA9163F92C56027EA4D329455D7D7
",0,192.724992
completions_claude/completion_H_t0.5_65.v,claude,H,0.5,65,1,1,1,"6F0FA9163F92C56027EA4D329455D7D7
",0,192.724992
completions_claude/completion_H_t0.5_66.v,claude,H,0.5,66,1,1,1,"6F0FA9163F92C56027EA4D329455D7D7
",0,192.724992
completions_claude/completion_H_t0.5_67.v,claude,H,0.5,67,1,1,1,"6F0FA9163F92C56027EA4D329455D7D7
",0,191.102976
completions_claude/completion_H_t0.5_68.v,claude,H,0.5,68,1,1,1,"6F0FA9163F92C56027EA4D329455D7D7
",0,191.102976
completions_claude/completion_H_t0.5_69.v,claude,H,0.5,69,1,1,1,"6F0FA9163F92C56027EA4D329455D7D7
",0,192.724992
completions_claude/completion_H_t0.5_70.v,claude,H,0.5,70,1,1,1,"6F0FA9163F92C56027EA4D329455D7D7
",0,191.102976
completions_claude/completion_H_t0.5_71.v,claude,H,0.5,71,1,1,1,"6F0FA9163F92C56027EA4D329455D7D7
",0,192.724992
completions_claude/completion_H_t0.5_72.v,claude,H,0.5,72,1,1,1,"6F0FA9163F92C56027EA4D329455D7D7
",0,192.724992
completions_claude/completion_H_t0.5_73.v,claude,H,0.5,73,1,1,1,"6F0FA9163F92C56027EA4D329455D7D7
",0,192.724992
completions_claude/completion_H_t0.5_74.v,claude,H,0.5,74,1,1,1,"6F0FA9163F92C56027EA4D329455D7D7
",0,191.102976
completions_claude/completion_H_t0.5_75.v,claude,H,0.5,75,1,1,1,"6F0FA9163F92C56027EA4D329455D7D7
",0,192.724992
completions_claude/completion_H_t0.5_76.v,claude,H,0.5,76,1,1,1,"6F0FA9163F92C56027EA4D329455D7D7
",0,192.724992
completions_claude/completion_H_t0.5_77.v,claude,H,0.5,77,1,1,1,"6F0FA9163F92C56027EA4D329455D7D7
",0,192.724992
completions_claude/completion_H_t0.5_78.v,claude,H,0.5,78,1,1,1,"6F0FA9163F92C56027EA4D329455D7D7
",0,192.724992
completions_claude/completion_H_t0.5_79.v,claude,H,0.5,79,1,1,1,"6F0FA9163F92C56027EA4D329455D7D7
",0,192.724992
completions_claude/completion_H_t0.5_80.v,claude,H,0.5,80,1,1,1,"6F0FA9163F92C56027EA4D329455D7D7
",0,192.724992
completions_claude/completion_H_t0.5_81.v,claude,H,0.5,81,1,1,1,"6F0FA9163F92C56027EA4D329455D7D7
",0,192.724992
completions_claude/completion_H_t0.5_82.v,claude,H,0.5,82,1,1,1,"6F0FA9163F92C56027EA4D329455D7D7
",0,192.724992
completions_claude/completion_H_t0.5_83.v,claude,H,0.5,83,1,1,1,"6F0FA9163F92C56027EA4D329455D7D7
",0,191.102976
completions_claude/completion_H_t0.5_84.v,claude,H,0.5,84,1,1,1,"6F0FA9163F92C56027EA4D329455D7D7
",0,192.724992
completions_claude/completion_H_t0.5_85.v,claude,H,0.5,85,1,1,1,"6F0FA9163F92C56027EA4D329455D7D7
",0,191.102976
completions_claude/completion_H_t0.5_86.v,claude,H,0.5,86,1,1,1,"6F0FA9163F92C56027EA4D329455D7D7
",0,192.724992
completions_claude/completion_H_t0.5_87.v,claude,H,0.5,87,1,1,1,"6F0FA9163F92C56027EA4D329455D7D7
",0,192.724992
completions_claude/completion_H_t0.5_88.v,claude,H,0.5,88,1,1,1,"6F0FA9163F92C56027EA4D329455D7D7
",0,192.724992
completions_claude/completion_H_t0.5_89.v,claude,H,0.5,89,1,1,1,"6F0FA9163F92C56027EA4D329455D7D7
",0,192.724992
completions_claude/completion_H_t0.5_90.v,claude,H,0.5,90,1,1,1,"6F0FA9163F92C56027EA4D329455D7D7
",0,191.102976
completions_claude/completion_H_t0.5_91.v,claude,H,0.5,91,1,1,1,"6F0FA9163F92C56027EA4D329455D7D7
",0,192.724992
completions_claude/completion_H_t0.5_92.v,claude,H,0.5,92,1,1,1,"6F0FA9163F92C56027EA4D329455D7D7
",0,191.102976
completions_claude/completion_H_t0.5_93.v,claude,H,0.5,93,1,1,1,"6F0FA9163F92C56027EA4D329455D7D7
",0,191.102976
completions_claude/completion_H_t0.5_94.v,claude,H,0.5,94,1,1,1,"6F0FA9163F92C56027EA4D329455D7D7
",0,191.102976
completions_claude/completion_H_t0.5_95.v,claude,H,0.5,95,1,1,1,"6F0FA9163F92C56027EA4D329455D7D7
",0,192.724992
completions_claude/completion_H_t0.5_96.v,claude,H,0.5,96,1,1,1,"6F0FA9163F92C56027EA4D329455D7D7
",0,192.724992
completions_claude/completion_H_t0.5_97.v,claude,H,0.5,97,1,1,1,"6F0FA9163F92C56027EA4D329455D7D7
",0,192.724992
completions_claude/completion_H_t0.5_98.v,claude,H,0.5,98,1,1,1,"6F0FA9163F92C56027EA4D329455D7D7
",0,192.724992
completions_claude/completion_H_t0.5_99.v,claude,H,0.5,99,1,1,1,"6F0FA9163F92C56027EA4D329455D7D7
",0,191.102976
completions_claude/completion_H_t0.7_0.v,claude,H,0.7,0,1,1,1,"6F0FA9163F92C56027EA4D329455D7D7
",0,191.102976
completions_claude/completion_H_t0.7_1.v,claude,H,0.7,1,1,1,1,"6F0FA9163F92C56027EA4D329455D7D7
",0,192.724992
completions_claude/completion_H_t0.7_2.v,claude,H,0.7,2,1,1,1,"6F0FA9163F92C56027EA4D329455D7D7
",0,191.102976
completions_claude/completion_H_t0.7_3.v,claude,H,0.7,3,1,1,1,"6F0FA9163F92C56027EA4D329455D7D7
",0,192.724992
completions_claude/completion_H_t0.7_4.v,claude,H,0.7,4,1,1,1,"6F0FA9163F92C56027EA4D329455D7D7
",0,192.724992
completions_claude/completion_H_t0.7_5.v,claude,H,0.7,5,1,1,1,"6F0FA9163F92C56027EA4D329455D7D7
",0,192.724992
completions_claude/completion_H_t0.7_6.v,claude,H,0.7,6,1,1,1,"6F0FA9163F92C56027EA4D329455D7D7
",0,192.724992
completions_claude/completion_H_t0.7_7.v,claude,H,0.7,7,1,1,1,"6F0FA9163F92C56027EA4D329455D7D7
",0,192.724992
completions_claude/completion_H_t0.7_8.v,claude,H,0.7,8,1,1,1,"6F0FA9163F92C56027EA4D329455D7D7
",0,192.724992
completions_claude/completion_H_t0.7_9.v,claude,H,0.7,9,1,1,1,"6F0FA9163F92C56027EA4D329455D7D7
",0,191.102976
completions_claude/completion_H_t0.7_10.v,claude,H,0.7,10,1,1,1,"6F0FA9163F92C56027EA4D329455D7D7
",0,191.102976
completions_claude/completion_H_t0.7_11.v,claude,H,0.7,11,1,1,1,"6F0FA9163F92C56027EA4D329455D7D7
",0,192.724992
completions_claude/completion_H_t0.7_12.v,claude,H,0.7,12,1,1,1,"6F0FA9163F92C56027EA4D329455D7D7
",0,192.724992
completions_claude/completion_H_t0.7_13.v,claude,H,0.7,13,1,1,1,"6F0FA9163F92C56027EA4D329455D7D7
",0,192.724992
completions_claude/completion_H_t0.7_14.v,claude,H,0.7,14,1,1,1,"6F0FA9163F92C56027EA4D329455D7D7
",0,192.724992
completions_claude/completion_H_t0.7_15.v,claude,H,0.7,15,1,1,1,"6F0FA9163F92C56027EA4D329455D7D7
",0,192.724992
completions_claude/completion_H_t0.7_16.v,claude,H,0.7,16,1,1,1,"6F0FA9163F92C56027EA4D329455D7D7
",0,192.724992
completions_claude/completion_H_t0.7_17.v,claude,H,0.7,17,1,1,1,"6F0FA9163F92C56027EA4D329455D7D7
",0,191.102976
completions_claude/completion_H_t0.7_18.v,claude,H,0.7,18,1,1,1,"6F0FA9163F92C56027EA4D329455D7D7
",0,192.724992
completions_claude/completion_H_t0.7_19.v,claude,H,0.7,19,1,1,1,"6F0FA9163F92C56027EA4D329455D7D7
",0,191.102976
completions_claude/completion_H_t0.7_20.v,claude,H,0.7,20,1,1,1,"6F0FA9163F92C56027EA4D329455D7D7
",0,191.102976
completions_claude/completion_H_t0.7_21.v,claude,H,0.7,21,1,1,1,"6F0FA9163F92C56027EA4D329455D7D7
",0,192.724992
completions_claude/completion_H_t0.7_22.v,claude,H,0.7,22,1,1,1,"6F0FA9163F92C56027EA4D329455D7D7
",0,192.724992
completions_claude/completion_H_t0.7_23.v,claude,H,0.7,23,1,1,1,"6F0FA9163F92C56027EA4D329455D7D7
",0,191.102976
completions_claude/completion_H_t0.7_24.v,claude,H,0.7,24,1,1,1,"6F0FA9163F92C56027EA4D329455D7D7
",0,192.724992
completions_claude/completion_H_t0.7_25.v,claude,H,0.7,25,1,1,1,"6F0FA9163F92C56027EA4D329455D7D7
",0,192.724992
completions_claude/completion_H_t0.7_26.v,claude,H,0.7,26,1,1,1,"6F0FA9163F92C56027EA4D329455D7D7
",0,192.724992
completions_claude/completion_H_t0.7_27.v,claude,H,0.7,27,1,1,1,"6F0FA9163F92C56027EA4D329455D7D7
",0,192.724992
completions_claude/completion_H_t0.7_28.v,claude,H,0.7,28,1,1,1,"6F0FA9163F92C56027EA4D329455D7D7
",0,192.724992
completions_claude/completion_H_t0.7_29.v,claude,H,0.7,29,1,1,1,"6F0FA9163F92C56027EA4D329455D7D7
",0,192.724992
completions_claude/completion_H_t0.7_30.v,claude,H,0.7,30,1,1,1,"6F0FA9163F92C56027EA4D329455D7D7
",0,191.102976
completions_claude/completion_H_t0.7_31.v,claude,H,0.7,31,1,1,1,"6F0FA9163F92C56027EA4D329455D7D7
",0,192.724992
completions_claude/completion_H_t0.7_32.v,claude,H,0.7,32,1,1,1,"6F0FA9163F92C56027EA4D329455D7D7
",0,192.724992
completions_claude/completion_H_t0.7_33.v,claude,H,0.7,33,1,1,1,"6F0FA9163F92C56027EA4D329455D7D7
",0,191.102976
completions_claude/completion_H_t0.7_34.v,claude,H,0.7,34,1,1,1,"6F0FA9163F92C56027EA4D329455D7D7
",0,191.102976
completions_claude/completion_H_t0.7_35.v,claude,H,0.7,35,1,1,1,"6F0FA9163F92C56027EA4D329455D7D7
",0,192.724992
completions_claude/completion_H_t0.7_36.v,claude,H,0.7,36,1,1,1,"6F0FA9163F92C56027EA4D329455D7D7
",0,192.724992
completions_claude/completion_H_t0.7_37.v,claude,H,0.7,37,1,1,1,"6F0FA9163F92C56027EA4D329455D7D7
",0,192.724992
completions_claude/completion_H_t0.7_38.v,claude,H,0.7,38,1,1,1,"6F0FA9163F92C56027EA4D329455D7D7
",0,192.724992
completions_claude/completion_H_t0.7_39.v,claude,H,0.7,39,1,1,1,"6F0FA9163F92C56027EA4D329455D7D7
",0,192.724992
completions_claude/completion_H_t0.7_40.v,claude,H,0.7,40,1,1,1,"6F0FA9163F92C56027EA4D329455D7D7
",0,191.102976
completions_claude/completion_H_t0.7_41.v,claude,H,0.7,41,1,1,1,"6F0FA9163F92C56027EA4D329455D7D7
",0,191.102976
completions_claude/completion_H_t0.7_42.v,claude,H,0.7,42,1,1,1,"6F0FA9163F92C56027EA4D329455D7D7
",0,191.102976
completions_claude/completion_H_t0.7_43.v,claude,H,0.7,43,1,1,1,"6F0FA9163F92C56027EA4D329455D7D7
",0,191.102976
completions_claude/completion_H_t0.7_44.v,claude,H,0.7,44,1,1,1,"6F0FA9163F92C56027EA4D329455D7D7
",0,192.724992
completions_claude/completion_H_t0.7_45.v,claude,H,0.7,45,1,1,1,"6F0FA9163F92C56027EA4D329455D7D7
",0,192.724992
completions_claude/completion_H_t0.7_46.v,claude,H,0.7,46,1,1,1,"6F0FA9163F92C56027EA4D329455D7D7
",0,192.724992
completions_claude/completion_H_t0.7_47.v,claude,H,0.7,47,1,1,1,"6F0FA9163F92C56027EA4D329455D7D7
",0,191.102976
completions_claude/completion_H_t0.7_48.v,claude,H,0.7,48,1,1,1,"6F0FA9163F92C56027EA4D329455D7D7
",0,192.724992
completions_claude/completion_H_t0.7_49.v,claude,H,0.7,49,1,1,1,"6F0FA9163F92C56027EA4D329455D7D7
",0,191.102976
completions_claude/completion_H_t0.7_50.v,claude,H,0.7,50,1,1,1,"6F0FA9163F92C56027EA4D329455D7D7
",0,192.724992
completions_claude/completion_H_t0.7_51.v,claude,H,0.7,51,1,1,1,"6F0FA9163F92C56027EA4D329455D7D7
",0,192.724992
completions_claude/completion_H_t0.7_52.v,claude,H,0.7,52,1,1,1,"6F0FA9163F92C56027EA4D329455D7D7
",0,192.724992
completions_claude/completion_H_t0.7_53.v,claude,H,0.7,53,1,1,1,"6F0FA9163F92C56027EA4D329455D7D7
",0,191.102976
completions_claude/completion_H_t0.7_54.v,claude,H,0.7,54,1,1,1,"6F0FA9163F92C56027EA4D329455D7D7
",0,191.102976
completions_claude/completion_H_t0.7_55.v,claude,H,0.7,55,1,1,1,"6F0FA9163F92C56027EA4D329455D7D7
",0,192.724992
completions_claude/completion_H_t0.7_56.v,claude,H,0.7,56,1,1,1,"6F0FA9163F92C56027EA4D329455D7D7
",0,192.724992
completions_claude/completion_H_t0.7_57.v,claude,H,0.7,57,1,1,1,"6F0FA9163F92C56027EA4D329455D7D7
",0,191.102976
completions_claude/completion_H_t0.7_58.v,claude,H,0.7,58,1,1,1,"6F0FA9163F92C56027EA4D329455D7D7
",0,192.724992
completions_claude/completion_H_t0.7_59.v,claude,H,0.7,59,1,1,1,"6F0FA9163F92C56027EA4D329455D7D7
",0,191.102976
completions_claude/completion_H_t0.7_60.v,claude,H,0.7,60,1,1,1,"6F0FA9163F92C56027EA4D329455D7D7
",0,191.102976
completions_claude/completion_H_t0.7_61.v,claude,H,0.7,61,1,1,1,"6F0FA9163F92C56027EA4D329455D7D7
",0,192.724992
completions_claude/completion_H_t0.7_62.v,claude,H,0.7,62,1,1,1,"6F0FA9163F92C56027EA4D329455D7D7
",0,192.724992
completions_claude/completion_H_t0.7_63.v,claude,H,0.7,63,1,1,1,"6F0FA9163F92C56027EA4D329455D7D7
",0,192.724992
completions_claude/completion_H_t0.7_64.v,claude,H,0.7,64,1,1,1,"6F0FA9163F92C56027EA4D329455D7D7
",0,192.724992
completions_claude/completion_H_t0.7_65.v,claude,H,0.7,65,1,1,1,"6F0FA9163F92C56027EA4D329455D7D7
",0,192.724992
completions_claude/completion_H_t0.7_66.v,claude,H,0.7,66,1,1,1,"6F0FA9163F92C56027EA4D329455D7D7
",0,192.724992
completions_claude/completion_H_t0.7_67.v,claude,H,0.7,67,1,1,1,"6F0FA9163F92C56027EA4D329455D7D7
",0,191.102976
completions_claude/completion_H_t0.7_68.v,claude,H,0.7,68,1,1,1,"6F0FA9163F92C56027EA4D329455D7D7
",0,191.102976
completions_claude/completion_H_t0.7_69.v,claude,H,0.7,69,1,1,1,"6F0FA9163F92C56027EA4D329455D7D7
",0,192.724992
completions_claude/completion_H_t0.7_70.v,claude,H,0.7,70,1,1,1,"6F0FA9163F92C56027EA4D329455D7D7
",0,191.102976
completions_claude/completion_H_t0.7_71.v,claude,H,0.7,71,1,1,1,"6F0FA9163F92C56027EA4D329455D7D7
",0,192.724992
completions_claude/completion_H_t0.7_72.v,claude,H,0.7,72,1,1,1,"6F0FA9163F92C56027EA4D329455D7D7
",0,192.724992
completions_claude/completion_H_t0.7_73.v,claude,H,0.7,73,1,1,1,"6F0FA9163F92C56027EA4D329455D7D7
",0,192.724992
completions_claude/completion_H_t0.7_74.v,claude,H,0.7,74,1,1,1,"6F0FA9163F92C56027EA4D329455D7D7
",0,191.102976
completions_claude/completion_H_t0.7_75.v,claude,H,0.7,75,1,1,1,"6F0FA9163F92C56027EA4D329455D7D7
",0,192.724992
completions_claude/completion_H_t0.7_76.v,claude,H,0.7,76,1,1,1,"6F0FA9163F92C56027EA4D329455D7D7
",0,192.724992
completions_claude/completion_H_t0.7_77.v,claude,H,0.7,77,1,1,1,"6F0FA9163F92C56027EA4D329455D7D7
",0,192.724992
completions_claude/completion_H_t0.7_78.v,claude,H,0.7,78,1,1,1,"6F0FA9163F92C56027EA4D329455D7D7
",0,191.102976
completions_claude/completion_H_t0.7_79.v,claude,H,0.7,79,1,1,1,"6F0FA9163F92C56027EA4D329455D7D7
",0,191.102976
completions_claude/completion_H_t0.7_80.v,claude,H,0.7,80,1,1,1,"6F0FA9163F92C56027EA4D329455D7D7
",0,192.724992
completions_claude/completion_H_t0.7_81.v,claude,H,0.7,81,1,1,1,"6F0FA9163F92C56027EA4D329455D7D7
",0,192.724992
completions_claude/completion_H_t0.7_82.v,claude,H,0.7,82,1,1,1,"6F0FA9163F92C56027EA4D329455D7D7
",0,192.724992
completions_claude/completion_H_t0.7_83.v,claude,H,0.7,83,1,1,1,"6F0FA9163F92C56027EA4D329455D7D7
",0,191.102976
completions_claude/completion_H_t0.7_84.v,claude,H,0.7,84,1,1,1,"6F0FA9163F92C56027EA4D329455D7D7
",0,191.102976
completions_claude/completion_H_t0.7_85.v,claude,H,0.7,85,1,1,1,"6F0FA9163F92C56027EA4D329455D7D7
",0,191.102976
completions_claude/completion_H_t0.7_86.v,claude,H,0.7,86,1,1,1,"6F0FA9163F92C56027EA4D329455D7D7
",0,192.724992
completions_claude/completion_H_t0.7_87.v,claude,H,0.7,87,1,1,1,"6F0FA9163F92C56027EA4D329455D7D7
",0,191.102976
completions_claude/completion_H_t0.7_88.v,claude,H,0.7,88,1,1,1,"6F0FA9163F92C56027EA4D329455D7D7
",0,192.724992
completions_claude/completion_H_t0.7_89.v,claude,H,0.7,89,1,1,1,"6F0FA9163F92C56027EA4D329455D7D7
",0,191.102976
completions_claude/completion_H_t0.7_90.v,claude,H,0.7,90,1,1,1,"6F0FA9163F92C56027EA4D329455D7D7
",0,192.724992
completions_claude/completion_H_t0.7_91.v,claude,H,0.7,91,1,1,1,"6F0FA9163F92C56027EA4D329455D7D7
",0,192.724992
completions_claude/completion_H_t0.7_92.v,claude,H,0.7,92,1,1,1,"6F0FA9163F92C56027EA4D329455D7D7
",0,191.102976
completions_claude/completion_H_t0.7_93.v,claude,H,0.7,93,1,1,1,"6F0FA9163F92C56027EA4D329455D7D7
",0,191.102976
completions_claude/completion_H_t0.7_94.v,claude,H,0.7,94,1,1,1,"6F0FA9163F92C56027EA4D329455D7D7
",0,191.102976
completions_claude/completion_H_t0.7_95.v,claude,H,0.7,95,1,1,1,"6F0FA9163F92C56027EA4D329455D7D7
",0,192.724992
completions_claude/completion_H_t0.7_96.v,claude,H,0.7,96,1,1,1,"6F0FA9163F92C56027EA4D329455D7D7
",0,192.724992
completions_claude/completion_H_t0.7_97.v,claude,H,0.7,97,1,1,1,"6F0FA9163F92C56027EA4D329455D7D7
",0,191.102976
completions_claude/completion_H_t0.7_98.v,claude,H,0.7,98,1,1,1,"6F0FA9163F92C56027EA4D329455D7D7
",0,192.724992
completions_claude/completion_H_t0.7_99.v,claude,H,0.7,99,1,1,1,"6F0FA9163F92C56027EA4D329455D7D7
",0,191.102976
completions_claude/completion_H_t1.0_0.v,claude,H,1.0,0,1,1,1,"6F0FA9163F92C56027EA4D329455D7D7
",0,191.102976
completions_claude/completion_H_t1.0_1.v,claude,H,1.0,1,1,1,1,"6F0FA9163F92C56027EA4D329455D7D7
",0,192.724992
completions_claude/completion_H_t1.0_2.v,claude,H,1.0,2,1,1,1,"6F0FA9163F92C56027EA4D329455D7D7
",0,192.724992
completions_claude/completion_H_t1.0_3.v,claude,H,1.0,3,1,1,1,"6F0FA9163F92C56027EA4D329455D7D7
",0,191.102976
completions_claude/completion_H_t1.0_4.v,claude,H,1.0,4,1,1,1,"6F0FA9163F92C56027EA4D329455D7D7
",0,191.102976
completions_claude/completion_H_t1.0_5.v,claude,H,1.0,5,1,1,1,"6F0FA9163F92C56027EA4D329455D7D7
",0,192.724992
completions_claude/completion_H_t1.0_6.v,claude,H,1.0,6,1,1,1,"6F0FA9163F92C56027EA4D329455D7D7
",0,192.724992
completions_claude/completion_H_t1.0_7.v,claude,H,1.0,7,1,1,1,"6F0FA9163F92C56027EA4D329455D7D7
",0,192.724992
completions_claude/completion_H_t1.0_8.v,claude,H,1.0,8,1,1,1,"6F0FA9163F92C56027EA4D329455D7D7
",0,191.102976
completions_claude/completion_H_t1.0_9.v,claude,H,1.0,9,1,1,1,"6F0FA9163F92C56027EA4D329455D7D7
",0,192.724992
completions_claude/completion_H_t1.0_10.v,claude,H,1.0,10,1,1,1,"6F0FA9163F92C56027EA4D329455D7D7
",0,191.102976
completions_claude/completion_H_t1.0_11.v,claude,H,1.0,11,1,1,1,"6F0FA9163F92C56027EA4D329455D7D7
",0,192.724992
completions_claude/completion_H_t1.0_12.v,claude,H,1.0,12,1,1,1,"6F0FA9163F92C56027EA4D329455D7D7
",0,191.102976
completions_claude/completion_H_t1.0_13.v,claude,H,1.0,13,1,1,1,"6F0FA9163F92C56027EA4D329455D7D7
",0,192.724992
completions_claude/completion_H_t1.0_14.v,claude,H,1.0,14,1,1,1,"6F0FA9163F92C56027EA4D329455D7D7
",0,192.724992
completions_claude/completion_H_t1.0_15.v,claude,H,1.0,15,1,1,1,"6F0FA9163F92C56027EA4D329455D7D7
",0,192.724992
completions_claude/completion_H_t1.0_16.v,claude,H,1.0,16,1,1,1,"6F0FA9163F92C56027EA4D329455D7D7
",0,192.724992
completions_claude/completion_H_t1.0_17.v,claude,H,1.0,17,1,1,1,"6F0FA9163F92C56027EA4D329455D7D7
",0,191.102976
completions_claude/completion_H_t1.0_18.v,claude,H,1.0,18,1,1,1,"6F0FA9163F92C56027EA4D329455D7D7
",0,191.102976
completions_claude/completion_H_t1.0_19.v,claude,H,1.0,19,1,1,1,"6F0FA9163F92C56027EA4D329455D7D7
",0,191.102976
completions_claude/completion_H_t1.0_20.v,claude,H,1.0,20,1,1,1,"6F0FA9163F92C56027EA4D329455D7D7
",0,192.724992
completions_claude/completion_H_t1.0_21.v,claude,H,1.0,21,1,1,1,"6F0FA9163F92C56027EA4D329455D7D7
",0,192.724992
completions_claude/completion_H_t1.0_22.v,claude,H,1.0,22,1,1,1,"6F0FA9163F92C56027EA4D329455D7D7
",0,191.102976
completions_claude/completion_H_t1.0_23.v,claude,H,1.0,23,1,1,1,"6F0FA9163F92C56027EA4D329455D7D7
",0,192.724992
completions_claude/completion_H_t1.0_24.v,claude,H,1.0,24,1,1,1,"6F0FA9163F92C56027EA4D329455D7D7
",0,192.724992
completions_claude/completion_H_t1.0_25.v,claude,H,1.0,25,1,1,1,"6F0FA9163F92C56027EA4D329455D7D7
",0,192.724992
completions_claude/completion_H_t1.0_26.v,claude,H,1.0,26,1,1,1,"6F0FA9163F92C56027EA4D329455D7D7
",0,192.724992
completions_claude/completion_H_t1.0_27.v,claude,H,1.0,27,1,1,1,"6F0FA9163F92C56027EA4D329455D7D7
",0,191.102976
completions_claude/completion_H_t1.0_28.v,claude,H,1.0,28,1,1,1,"6F0FA9163F92C56027EA4D329455D7D7
",0,191.102976
completions_claude/completion_H_t1.0_29.v,claude,H,1.0,29,1,1,1,"6F0FA9163F92C56027EA4D329455D7D7
",0,191.102976
completions_claude/completion_H_t1.0_30.v,claude,H,1.0,30,1,1,1,"6F0FA9163F92C56027EA4D329455D7D7
",0,191.102976
completions_claude/completion_H_t1.0_31.v,claude,H,1.0,31,1,1,1,"6F0FA9163F92C56027EA4D329455D7D7
",0,192.724992
completions_claude/completion_H_t1.0_32.v,claude,H,1.0,32,1,1,1,"6F0FA9163F92C56027EA4D329455D7D7
",0,192.724992
completions_claude/completion_H_t1.0_33.v,claude,H,1.0,33,1,1,1,"6F0FA9163F92C56027EA4D329455D7D7
",0,191.102976
completions_claude/completion_H_t1.0_34.v,claude,H,1.0,34,1,1,1,"6F0FA9163F92C56027EA4D329455D7D7
",0,191.102976
completions_claude/completion_H_t1.0_35.v,claude,H,1.0,35,1,1,1,"6F0FA9163F92C56027EA4D329455D7D7
",0,192.724992
completions_claude/completion_H_t1.0_36.v,claude,H,1.0,36,1,1,1,"6F0FA9163F92C56027EA4D329455D7D7
",0,192.724992
completions_claude/completion_H_t1.0_37.v,claude,H,1.0,37,1,1,1,"6F0FA9163F92C56027EA4D329455D7D7
",0,192.724992
completions_claude/completion_H_t1.0_38.v,claude,H,1.0,38,1,1,1,"6F0FA9163F92C56027EA4D329455D7D7
",0,192.724992
completions_claude/completion_H_t1.0_39.v,claude,H,1.0,39,1,1,1,"6F0FA9163F92C56027EA4D329455D7D7
",0,191.102976
completions_claude/completion_H_t1.0_40.v,claude,H,1.0,40,1,1,1,"6F0FA9163F92C56027EA4D329455D7D7
",0,192.724992
completions_claude/completion_H_t1.0_41.v,claude,H,1.0,41,1,1,1,"6F0FA9163F92C56027EA4D329455D7D7
",0,192.724992
completions_claude/completion_H_t1.0_42.v,claude,H,1.0,42,1,1,1,"6F0FA9163F92C56027EA4D329455D7D7
",0,192.724992
completions_claude/completion_H_t1.0_43.v,claude,H,1.0,43,1,1,1,"6F0FA9163F92C56027EA4D329455D7D7
",0,191.102976
completions_claude/completion_H_t1.0_44.v,claude,H,1.0,44,1,1,1,"6F0FA9163F92C56027EA4D329455D7D7
",0,192.724992
completions_claude/completion_H_t1.0_45.v,claude,H,1.0,45,1,1,1,"6F0FA9163F92C56027EA4D329455D7D7
",0,191.102976
completions_claude/completion_H_t1.0_46.v,claude,H,1.0,46,1,1,1,"6F0FA9163F92C56027EA4D329455D7D7
",0,191.102976
completions_claude/completion_H_t1.0_47.v,claude,H,1.0,47,1,1,1,"6F0FA9163F92C56027EA4D329455D7D7
",0,192.724992
completions_claude/completion_H_t1.0_48.v,claude,H,1.0,48,1,1,1,"6F0FA9163F92C56027EA4D329455D7D7
",0,191.102976
completions_claude/completion_H_t1.0_49.v,claude,H,1.0,49,1,1,1,"6F0FA9163F92C56027EA4D329455D7D7
",0,192.724992
completions_claude/completion_H_t1.0_50.v,claude,H,1.0,50,1,1,1,"6F0FA9163F92C56027EA4D329455D7D7
",0,191.102976
completions_claude/completion_H_t1.0_51.v,claude,H,1.0,51,1,1,1,"6F0FA9163F92C56027EA4D329455D7D7
",0,191.102976
completions_claude/completion_H_t1.0_52.v,claude,H,1.0,52,1,1,1,"6F0FA9163F92C56027EA4D329455D7D7
",0,192.724992
completions_claude/completion_H_t1.0_53.v,claude,H,1.0,53,1,1,1,"6F0FA9163F92C56027EA4D329455D7D7
",0,192.724992
completions_claude/completion_H_t1.0_54.v,claude,H,1.0,54,1,1,1,"6F0FA9163F92C56027EA4D329455D7D7
",0,191.102976
completions_claude/completion_H_t1.0_55.v,claude,H,1.0,55,1,1,1,"6F0FA9163F92C56027EA4D329455D7D7
",0,191.102976
completions_claude/completion_H_t1.0_56.v,claude,H,1.0,56,1,1,1,"6F0FA9163F92C56027EA4D329455D7D7
",0,192.724992
completions_claude/completion_H_t1.0_57.v,claude,H,1.0,57,1,1,1,"6F0FA9163F92C56027EA4D329455D7D7
",0,192.724992
completions_claude/completion_H_t1.0_58.v,claude,H,1.0,58,1,1,1,"6F0FA9163F92C56027EA4D329455D7D7
",0,191.102976
completions_claude/completion_H_t1.0_59.v,claude,H,1.0,59,1,1,1,"6F0FA9163F92C56027EA4D329455D7D7
",0,191.102976
completions_claude/completion_H_t1.0_60.v,claude,H,1.0,60,1,1,1,"6F0FA9163F92C56027EA4D329455D7D7
",0,192.724992
completions_claude/completion_H_t1.0_61.v,claude,H,1.0,61,1,1,1,"6F0FA9163F92C56027EA4D329455D7D7
",0,191.102976
completions_claude/completion_H_t1.0_62.v,claude,H,1.0,62,1,1,1,"6F0FA9163F92C56027EA4D329455D7D7
",0,191.102976
completions_claude/completion_H_t1.0_63.v,claude,H,1.0,63,1,1,1,"6F0FA9163F92C56027EA4D329455D7D7
",0,191.102976
completions_claude/completion_H_t1.0_64.v,claude,H,1.0,64,1,1,1,"6F0FA9163F92C56027EA4D329455D7D7
",0,192.724992
completions_claude/completion_H_t1.0_65.v,claude,H,1.0,65,1,1,1,"6F0FA9163F92C56027EA4D329455D7D7
",0,192.724992
completions_claude/completion_H_t1.0_66.v,claude,H,1.0,66,1,1,1,"6F0FA9163F92C56027EA4D329455D7D7
",0,191.102976
completions_claude/completion_H_t1.0_67.v,claude,H,1.0,67,1,1,1,"6F0FA9163F92C56027EA4D329455D7D7
",0,191.102976
completions_claude/completion_H_t1.0_68.v,claude,H,1.0,68,1,1,1,"6F0FA9163F92C56027EA4D329455D7D7
",0,192.724992
completions_claude/completion_H_t1.0_69.v,claude,H,1.0,69,1,1,1,"6F0FA9163F92C56027EA4D329455D7D7
",0,192.724992
completions_claude/completion_H_t1.0_70.v,claude,H,1.0,70,1,1,1,"6F0FA9163F92C56027EA4D329455D7D7
",0,191.102976
completions_claude/completion_H_t1.0_71.v,claude,H,1.0,71,1,1,1,"6F0FA9163F92C56027EA4D329455D7D7
",0,191.102976
completions_claude/completion_H_t1.0_72.v,claude,H,1.0,72,1,1,1,"6F0FA9163F92C56027EA4D329455D7D7
",0,192.724992
completions_claude/completion_H_t1.0_73.v,claude,H,1.0,73,1,1,1,"6F0FA9163F92C56027EA4D329455D7D7
",0,192.724992
completions_claude/completion_H_t1.0_74.v,claude,H,1.0,74,1,1,1,"6F0FA9163F92C56027EA4D329455D7D7
",0,192.724992
completions_claude/completion_H_t1.0_75.v,claude,H,1.0,75,1,1,1,"6F0FA9163F92C56027EA4D329455D7D7
",0,192.724992
completions_claude/completion_H_t1.0_76.v,claude,H,1.0,76,1,1,1,"6F0FA9163F92C56027EA4D329455D7D7
",0,192.724992
completions_claude/completion_H_t1.0_77.v,claude,H,1.0,77,1,1,1,"6F0FA9163F92C56027EA4D329455D7D7
",0,191.102976
completions_claude/completion_H_t1.0_78.v,claude,H,1.0,78,1,1,1,"6F0FA9163F92C56027EA4D329455D7D7
",0,192.724992
completions_claude/completion_H_t1.0_79.v,claude,H,1.0,79,1,1,1,"6F0FA9163F92C56027EA4D329455D7D7
",0,191.102976
completions_claude/completion_H_t1.0_80.v,claude,H,1.0,80,1,1,1,"6F0FA9163F92C56027EA4D329455D7D7
",0,192.724992
completions_claude/completion_H_t1.0_81.v,claude,H,1.0,81,1,1,1,"6F0FA9163F92C56027EA4D329455D7D7
",0,192.724992
completions_claude/completion_H_t1.0_82.v,claude,H,1.0,82,1,1,1,"6F0FA9163F92C56027EA4D329455D7D7
",0,191.102976
completions_claude/completion_H_t1.0_83.v,claude,H,1.0,83,1,1,1,"6F0FA9163F92C56027EA4D329455D7D7
",0,191.102976
completions_claude/completion_H_t1.0_84.v,claude,H,1.0,84,1,1,1,"6F0FA9163F92C56027EA4D329455D7D7
",0,191.102976
completions_claude/completion_H_t1.0_85.v,claude,H,1.0,85,1,1,1,"6F0FA9163F92C56027EA4D329455D7D7
",0,192.724992
completions_claude/completion_H_t1.0_86.v,claude,H,1.0,86,1,1,1,"6F0FA9163F92C56027EA4D329455D7D7
",0,191.102976
completions_claude/completion_H_t1.0_87.v,claude,H,1.0,87,1,1,1,"6F0FA9163F92C56027EA4D329455D7D7
",0,192.724992
completions_claude/completion_H_t1.0_88.v,claude,H,1.0,88,1,1,1,"6F0FA9163F92C56027EA4D329455D7D7
",0,191.102976
completions_claude/completion_H_t1.0_89.v,claude,H,1.0,89,1,1,1,"6F0FA9163F92C56027EA4D329455D7D7
",0,191.102976
completions_claude/completion_H_t1.0_90.v,claude,H,1.0,90,1,1,1,"6F0FA9163F92C56027EA4D329455D7D7
",0,191.102976
completions_claude/completion_H_t1.0_91.v,claude,H,1.0,91,1,1,1,"6F0FA9163F92C56027EA4D329455D7D7
",0,192.724992
completions_claude/completion_H_t1.0_92.v,claude,H,1.0,92,1,1,1,"6F0FA9163F92C56027EA4D329455D7D7
",0,191.102976
completions_claude/completion_H_t1.0_93.v,claude,H,1.0,93,1,1,1,"6F0FA9163F92C56027EA4D329455D7D7
",0,191.102976
completions_claude/completion_H_t1.0_94.v,claude,H,1.0,94,1,1,1,"6F0FA9163F92C56027EA4D329455D7D7
",0,191.102976
completions_claude/completion_H_t1.0_95.v,claude,H,1.0,95,1,1,1,"6F0FA9163F92C56027EA4D329455D7D7
",0,191.102976
completions_claude/completion_H_t1.0_96.v,claude,H,1.0,96,1,1,1,"6F0FA9163F92C56027EA4D329455D7D7
",0,191.102976
completions_claude/completion_H_t1.0_97.v,claude,H,1.0,97,1,1,1,"6F0FA9163F92C56027EA4D329455D7D7
",0,192.724992
completions_claude/completion_H_t1.0_98.v,claude,H,1.0,98,1,1,1,"6F0FA9163F92C56027EA4D329455D7D7
",0,191.102976
completions_claude/completion_H_t1.0_99.v,claude,H,1.0,99,1,1,1,"6F0FA9163F92C56027EA4D329455D7D7
",0,192.724992
completions_llama/completion_L_t0.1_0.v,llama,L,0.1,0,0,0,0,NA,NA,NA
completions_llama/completion_L_t0.1_1.v,llama,L,0.1,1,0,0,0,NA,NA,NA
completions_llama/completion_L_t0.1_2.v,llama,L,0.1,2,0,0,0,NA,NA,NA
completions_llama/completion_L_t0.1_3.v,llama,L,0.1,3,0,0,0,NA,NA,NA
completions_llama/completion_L_t0.1_4.v,llama,L,0.1,4,0,0,0,NA,NA,NA
completions_llama/completion_L_t0.1_5.v,llama,L,0.1,5,0,0,0,NA,NA,NA
completions_llama/completion_L_t0.1_6.v,llama,L,0.1,6,0,0,0,NA,NA,NA
completions_llama/completion_L_t0.1_7.v,llama,L,0.1,7,0,0,0,NA,NA,NA
completions_llama/completion_L_t0.1_8.v,llama,L,0.1,8,0,0,0,NA,NA,NA
completions_llama/completion_L_t0.1_9.v,llama,L,0.1,9,0,0,0,NA,NA,NA
completions_llama/completion_L_t0.1_10.v,llama,L,0.1,10,0,0,0,NA,NA,NA
completions_llama/completion_L_t0.1_11.v,llama,L,0.1,11,0,0,0,NA,NA,NA
completions_llama/completion_L_t0.1_12.v,llama,L,0.1,12,0,0,0,NA,NA,NA
completions_llama/completion_L_t0.1_13.v,llama,L,0.1,13,0,0,0,NA,NA,NA
completions_llama/completion_L_t0.1_14.v,llama,L,0.1,14,0,0,0,NA,NA,NA
completions_llama/completion_L_t0.1_15.v,llama,L,0.1,15,0,0,0,NA,NA,NA
completions_llama/completion_L_t0.1_16.v,llama,L,0.1,16,0,0,0,NA,NA,NA
completions_llama/completion_L_t0.1_17.v,llama,L,0.1,17,0,0,0,NA,NA,NA
completions_llama/completion_L_t0.1_18.v,llama,L,0.1,18,0,0,0,NA,NA,NA
completions_llama/completion_L_t0.1_19.v,llama,L,0.1,19,0,0,0,NA,NA,NA
completions_llama/completion_L_t0.1_20.v,llama,L,0.1,20,0,0,0,NA,NA,NA
completions_llama/completion_L_t0.1_21.v,llama,L,0.1,21,0,0,0,NA,NA,NA
completions_llama/completion_L_t0.1_22.v,llama,L,0.1,22,0,0,0,NA,NA,NA
completions_llama/completion_L_t0.1_23.v,llama,L,0.1,23,0,0,0,NA,NA,NA
completions_llama/completion_L_t0.1_24.v,llama,L,0.1,24,0,0,0,NA,NA,NA
completions_llama/completion_L_t0.1_25.v,llama,L,0.1,25,0,0,0,NA,NA,NA
completions_llama/completion_L_t0.1_26.v,llama,L,0.1,26,0,0,0,NA,NA,NA
completions_llama/completion_L_t0.1_27.v,llama,L,0.1,27,0,0,0,NA,NA,NA
completions_llama/completion_L_t0.1_28.v,llama,L,0.1,28,0,0,0,NA,NA,NA
completions_llama/completion_L_t0.1_29.v,llama,L,0.1,29,0,0,0,NA,NA,NA
completions_llama/completion_L_t0.1_30.v,llama,L,0.1,30,0,0,0,NA,NA,NA
completions_llama/completion_L_t0.1_31.v,llama,L,0.1,31,0,0,0,NA,NA,NA
completions_llama/completion_L_t0.1_32.v,llama,L,0.1,32,0,0,0,NA,NA,NA
completions_llama/completion_L_t0.1_33.v,llama,L,0.1,33,0,0,0,NA,NA,NA
completions_llama/completion_L_t0.1_34.v,llama,L,0.1,34,0,0,0,NA,NA,NA
completions_llama/completion_L_t0.1_35.v,llama,L,0.1,35,0,0,0,NA,NA,NA
completions_llama/completion_L_t0.1_36.v,llama,L,0.1,36,0,0,0,NA,NA,NA
completions_llama/completion_L_t0.1_37.v,llama,L,0.1,37,0,0,0,NA,NA,NA
completions_llama/completion_L_t0.1_38.v,llama,L,0.1,38,0,0,0,NA,NA,NA
completions_llama/completion_L_t0.1_39.v,llama,L,0.1,39,0,0,0,NA,NA,NA
completions_llama/completion_L_t0.1_40.v,llama,L,0.1,40,0,0,0,NA,NA,NA
completions_llama/completion_L_t0.1_41.v,llama,L,0.1,41,0,0,0,NA,NA,NA
completions_llama/completion_L_t0.1_42.v,llama,L,0.1,42,0,0,0,NA,NA,NA
completions_llama/completion_L_t0.1_43.v,llama,L,0.1,43,0,0,0,NA,NA,NA
completions_llama/completion_L_t0.1_44.v,llama,L,0.1,44,0,0,0,NA,NA,NA
completions_llama/completion_L_t0.1_45.v,llama,L,0.1,45,0,0,0,NA,NA,NA
completions_llama/completion_L_t0.1_46.v,llama,L,0.1,46,0,0,0,NA,NA,NA
completions_llama/completion_L_t0.1_47.v,llama,L,0.1,47,0,0,0,NA,NA,NA
completions_llama/completion_L_t0.1_48.v,llama,L,0.1,48,0,0,0,NA,NA,NA
completions_llama/completion_L_t0.1_49.v,llama,L,0.1,49,0,0,0,NA,NA,NA
completions_llama/completion_L_t0.1_50.v,llama,L,0.1,50,0,0,0,NA,NA,NA
completions_llama/completion_L_t0.1_51.v,llama,L,0.1,51,0,0,0,NA,NA,NA
completions_llama/completion_L_t0.1_52.v,llama,L,0.1,52,0,0,0,NA,NA,NA
completions_llama/completion_L_t0.1_53.v,llama,L,0.1,53,0,0,0,NA,NA,NA
completions_llama/completion_L_t0.1_54.v,llama,L,0.1,54,0,0,0,NA,NA,NA
completions_llama/completion_L_t0.1_55.v,llama,L,0.1,55,0,0,0,NA,NA,NA
completions_llama/completion_L_t0.1_56.v,llama,L,0.1,56,0,0,0,NA,NA,NA
completions_llama/completion_L_t0.1_57.v,llama,L,0.1,57,0,0,0,NA,NA,NA
completions_llama/completion_L_t0.1_58.v,llama,L,0.1,58,0,0,0,NA,NA,NA
completions_llama/completion_L_t0.1_59.v,llama,L,0.1,59,0,0,0,NA,NA,NA
completions_llama/completion_L_t0.1_60.v,llama,L,0.1,60,0,0,0,NA,NA,NA
completions_llama/completion_L_t0.1_61.v,llama,L,0.1,61,0,0,0,NA,NA,NA
completions_llama/completion_L_t0.1_62.v,llama,L,0.1,62,0,0,0,NA,NA,NA
completions_llama/completion_L_t0.1_63.v,llama,L,0.1,63,0,0,0,NA,NA,NA
completions_llama/completion_L_t0.1_64.v,llama,L,0.1,64,0,0,0,NA,NA,NA
completions_llama/completion_L_t0.1_65.v,llama,L,0.1,65,0,0,0,NA,NA,NA
completions_llama/completion_L_t0.1_66.v,llama,L,0.1,66,0,0,0,NA,NA,NA
completions_llama/completion_L_t0.1_67.v,llama,L,0.1,67,0,0,0,NA,NA,NA
completions_llama/completion_L_t0.1_68.v,llama,L,0.1,68,0,0,0,NA,NA,NA
completions_llama/completion_L_t0.1_69.v,llama,L,0.1,69,0,0,0,NA,NA,NA
completions_llama/completion_L_t0.1_70.v,llama,L,0.1,70,0,0,0,NA,NA,NA
completions_llama/completion_L_t0.1_71.v,llama,L,0.1,71,0,0,0,NA,NA,NA
completions_llama/completion_L_t0.1_72.v,llama,L,0.1,72,0,0,0,NA,NA,NA
completions_llama/completion_L_t0.1_73.v,llama,L,0.1,73,0,0,0,NA,NA,NA
completions_llama/completion_L_t0.1_74.v,llama,L,0.1,74,0,0,0,NA,NA,NA
completions_llama/completion_L_t0.1_75.v,llama,L,0.1,75,0,0,0,NA,NA,NA
completions_llama/completion_L_t0.1_76.v,llama,L,0.1,76,0,0,0,NA,NA,NA
completions_llama/completion_L_t0.1_77.v,llama,L,0.1,77,0,0,0,NA,NA,NA
completions_llama/completion_L_t0.1_78.v,llama,L,0.1,78,0,0,0,NA,NA,NA
completions_llama/completion_L_t0.1_79.v,llama,L,0.1,79,0,0,0,NA,NA,NA
completions_llama/completion_L_t0.1_80.v,llama,L,0.1,80,0,0,0,NA,NA,NA
completions_llama/completion_L_t0.1_81.v,llama,L,0.1,81,0,0,0,NA,NA,NA
completions_llama/completion_L_t0.1_82.v,llama,L,0.1,82,0,0,0,NA,NA,NA
completions_llama/completion_L_t0.1_83.v,llama,L,0.1,83,0,0,0,NA,NA,NA
completions_llama/completion_L_t0.1_84.v,llama,L,0.1,84,0,0,0,NA,NA,NA
completions_llama/completion_L_t0.1_85.v,llama,L,0.1,85,0,0,0,NA,NA,NA
completions_llama/completion_L_t0.1_86.v,llama,L,0.1,86,0,0,0,NA,NA,NA
completions_llama/completion_L_t0.1_87.v,llama,L,0.1,87,0,0,0,NA,NA,NA
completions_llama/completion_L_t0.1_88.v,llama,L,0.1,88,0,0,0,NA,NA,NA
completions_llama/completion_L_t0.1_89.v,llama,L,0.1,89,0,0,0,NA,NA,NA
completions_llama/completion_L_t0.1_90.v,llama,L,0.1,90,0,0,0,NA,NA,NA
completions_llama/completion_L_t0.1_91.v,llama,L,0.1,91,0,0,0,NA,NA,NA
completions_llama/completion_L_t0.1_92.v,llama,L,0.1,92,0,0,0,NA,NA,NA
completions_llama/completion_L_t0.1_93.v,llama,L,0.1,93,0,0,0,NA,NA,NA
completions_llama/completion_L_t0.1_94.v,llama,L,0.1,94,0,0,0,NA,NA,NA
completions_llama/completion_L_t0.1_95.v,llama,L,0.1,95,0,0,0,NA,NA,NA
completions_llama/completion_L_t0.1_96.v,llama,L,0.1,96,0,0,0,NA,NA,NA
completions_llama/completion_L_t0.1_97.v,llama,L,0.1,97,0,0,0,NA,NA,NA
completions_llama/completion_L_t0.1_98.v,llama,L,0.1,98,0,0,0,NA,NA,NA
completions_llama/completion_L_t0.1_99.v,llama,L,0.1,99,0,0,0,NA,NA,NA
completions_llama/completion_L_t0.3_0.v,llama,L,0.3,0,0,0,0,NA,NA,NA
completions_llama/completion_L_t0.3_1.v,llama,L,0.3,1,0,0,0,NA,NA,NA
completions_llama/completion_L_t0.3_2.v,llama,L,0.3,2,0,0,0,NA,NA,NA
completions_llama/completion_L_t0.3_3.v,llama,L,0.3,3,0,0,0,NA,NA,NA
completions_llama/completion_L_t0.3_4.v,llama,L,0.3,4,0,0,0,NA,NA,NA
completions_llama/completion_L_t0.3_5.v,llama,L,0.3,5,0,0,0,NA,NA,NA
completions_llama/completion_L_t0.3_6.v,llama,L,0.3,6,0,0,0,NA,NA,NA
completions_llama/completion_L_t0.3_7.v,llama,L,0.3,7,0,0,0,NA,NA,NA
completions_llama/completion_L_t0.3_8.v,llama,L,0.3,8,0,0,0,NA,NA,NA
completions_llama/completion_L_t0.3_9.v,llama,L,0.3,9,0,0,0,NA,NA,NA
completions_llama/completion_L_t0.3_10.v,llama,L,0.3,10,0,0,0,NA,NA,NA
completions_llama/completion_L_t0.3_11.v,llama,L,0.3,11,0,0,0,NA,NA,NA
completions_llama/completion_L_t0.3_12.v,llama,L,0.3,12,0,0,0,NA,NA,NA
completions_llama/completion_L_t0.3_13.v,llama,L,0.3,13,0,0,0,NA,NA,NA
completions_llama/completion_L_t0.3_14.v,llama,L,0.3,14,0,0,0,NA,NA,NA
completions_llama/completion_L_t0.3_15.v,llama,L,0.3,15,0,0,0,NA,NA,NA
completions_llama/completion_L_t0.3_16.v,llama,L,0.3,16,0,0,0,NA,NA,NA
completions_llama/completion_L_t0.3_17.v,llama,L,0.3,17,0,0,0,NA,NA,NA
completions_llama/completion_L_t0.3_18.v,llama,L,0.3,18,0,0,0,NA,NA,NA
completions_llama/completion_L_t0.3_19.v,llama,L,0.3,19,0,0,0,NA,NA,NA
completions_llama/completion_L_t0.3_20.v,llama,L,0.3,20,0,0,0,NA,NA,NA
completions_llama/completion_L_t0.3_21.v,llama,L,0.3,21,0,0,0,NA,NA,NA
completions_llama/completion_L_t0.3_22.v,llama,L,0.3,22,0,0,0,NA,NA,NA
completions_llama/completion_L_t0.3_23.v,llama,L,0.3,23,0,0,0,NA,NA,NA
completions_llama/completion_L_t0.3_24.v,llama,L,0.3,24,0,0,0,NA,NA,NA
completions_llama/completion_L_t0.3_25.v,llama,L,0.3,25,0,0,0,NA,NA,NA
completions_llama/completion_L_t0.3_26.v,llama,L,0.3,26,0,0,0,NA,NA,NA
completions_llama/completion_L_t0.3_27.v,llama,L,0.3,27,0,0,0,NA,NA,NA
completions_llama/completion_L_t0.3_28.v,llama,L,0.3,28,0,0,0,NA,NA,NA
completions_llama/completion_L_t0.3_29.v,llama,L,0.3,29,0,0,0,NA,NA,NA
completions_llama/completion_L_t0.3_30.v,llama,L,0.3,30,0,0,0,NA,NA,NA
completions_llama/completion_L_t0.3_31.v,llama,L,0.3,31,0,0,0,NA,NA,NA
completions_llama/completion_L_t0.3_32.v,llama,L,0.3,32,0,0,0,NA,NA,NA
completions_llama/completion_L_t0.3_33.v,llama,L,0.3,33,0,0,0,NA,NA,NA
completions_llama/completion_L_t0.3_34.v,llama,L,0.3,34,0,0,0,NA,NA,NA
completions_llama/completion_L_t0.3_35.v,llama,L,0.3,35,0,0,0,NA,NA,NA
completions_llama/completion_L_t0.3_36.v,llama,L,0.3,36,0,0,0,NA,NA,NA
completions_llama/completion_L_t0.3_37.v,llama,L,0.3,37,0,0,0,NA,NA,NA
completions_llama/completion_L_t0.3_38.v,llama,L,0.3,38,0,0,0,NA,NA,NA
completions_llama/completion_L_t0.3_39.v,llama,L,0.3,39,0,0,0,NA,NA,NA
completions_llama/completion_L_t0.3_40.v,llama,L,0.3,40,0,0,0,NA,NA,NA
completions_llama/completion_L_t0.3_41.v,llama,L,0.3,41,0,0,0,NA,NA,NA
completions_llama/completion_L_t0.3_42.v,llama,L,0.3,42,0,0,0,NA,NA,NA
completions_llama/completion_L_t0.3_43.v,llama,L,0.3,43,0,0,0,NA,NA,NA
completions_llama/completion_L_t0.3_44.v,llama,L,0.3,44,0,0,0,NA,NA,NA
completions_llama/completion_L_t0.3_45.v,llama,L,0.3,45,0,0,0,NA,NA,NA
completions_llama/completion_L_t0.3_46.v,llama,L,0.3,46,0,0,0,NA,NA,NA
completions_llama/completion_L_t0.3_47.v,llama,L,0.3,47,0,0,0,NA,NA,NA
completions_llama/completion_L_t0.3_48.v,llama,L,0.3,48,0,0,0,NA,NA,NA
completions_llama/completion_L_t0.3_49.v,llama,L,0.3,49,0,0,0,NA,NA,NA
completions_llama/completion_L_t0.3_50.v,llama,L,0.3,50,0,0,0,NA,NA,NA
completions_llama/completion_L_t0.3_51.v,llama,L,0.3,51,0,0,0,NA,NA,NA
completions_llama/completion_L_t0.3_52.v,llama,L,0.3,52,0,0,0,NA,NA,NA
completions_llama/completion_L_t0.3_53.v,llama,L,0.3,53,0,0,0,NA,NA,NA
completions_llama/completion_L_t0.3_54.v,llama,L,0.3,54,0,0,0,NA,NA,NA
completions_llama/completion_L_t0.3_55.v,llama,L,0.3,55,0,0,0,NA,NA,NA
completions_llama/completion_L_t0.3_56.v,llama,L,0.3,56,0,0,0,NA,NA,NA
completions_llama/completion_L_t0.3_57.v,llama,L,0.3,57,0,0,0,NA,NA,NA
completions_llama/completion_L_t0.3_58.v,llama,L,0.3,58,0,0,0,NA,NA,NA
completions_llama/completion_L_t0.3_59.v,llama,L,0.3,59,0,0,0,NA,NA,NA
completions_llama/completion_L_t0.3_60.v,llama,L,0.3,60,0,0,0,NA,NA,NA
completions_llama/completion_L_t0.3_61.v,llama,L,0.3,61,0,0,0,NA,NA,NA
completions_llama/completion_L_t0.3_62.v,llama,L,0.3,62,0,0,0,NA,NA,NA
completions_llama/completion_L_t0.3_63.v,llama,L,0.3,63,0,0,0,NA,NA,NA
completions_llama/completion_L_t0.3_64.v,llama,L,0.3,64,0,0,0,NA,NA,NA
completions_llama/completion_L_t0.3_65.v,llama,L,0.3,65,0,0,0,NA,NA,NA
completions_llama/completion_L_t0.3_66.v,llama,L,0.3,66,0,0,0,NA,NA,NA
completions_llama/completion_L_t0.3_67.v,llama,L,0.3,67,0,0,0,NA,NA,NA
completions_llama/completion_L_t0.3_68.v,llama,L,0.3,68,0,0,0,NA,NA,NA
completions_llama/completion_L_t0.3_69.v,llama,L,0.3,69,0,0,0,NA,NA,NA
completions_llama/completion_L_t0.3_70.v,llama,L,0.3,70,0,0,0,NA,NA,NA
completions_llama/completion_L_t0.3_71.v,llama,L,0.3,71,0,0,0,NA,NA,NA
completions_llama/completion_L_t0.3_72.v,llama,L,0.3,72,0,0,0,NA,NA,NA
completions_llama/completion_L_t0.3_73.v,llama,L,0.3,73,0,0,0,NA,NA,NA
completions_llama/completion_L_t0.3_74.v,llama,L,0.3,74,0,0,0,NA,NA,NA
completions_llama/completion_L_t0.3_75.v,llama,L,0.3,75,0,0,0,NA,NA,NA
completions_llama/completion_L_t0.3_76.v,llama,L,0.3,76,0,0,0,NA,NA,NA
completions_llama/completion_L_t0.3_77.v,llama,L,0.3,77,0,0,0,NA,NA,NA
completions_llama/completion_L_t0.3_78.v,llama,L,0.3,78,0,0,0,NA,NA,NA
completions_llama/completion_L_t0.3_79.v,llama,L,0.3,79,0,0,0,NA,NA,NA
completions_llama/completion_L_t0.3_80.v,llama,L,0.3,80,0,0,0,NA,NA,NA
completions_llama/completion_L_t0.3_81.v,llama,L,0.3,81,0,0,0,NA,NA,NA
completions_llama/completion_L_t0.3_82.v,llama,L,0.3,82,0,0,0,NA,NA,NA
completions_llama/completion_L_t0.3_83.v,llama,L,0.3,83,0,0,0,NA,NA,NA
completions_llama/completion_L_t0.3_84.v,llama,L,0.3,84,0,0,0,NA,NA,NA
completions_llama/completion_L_t0.3_85.v,llama,L,0.3,85,0,0,0,NA,NA,NA
completions_llama/completion_L_t0.3_86.v,llama,L,0.3,86,0,0,0,NA,NA,NA
completions_llama/completion_L_t0.3_87.v,llama,L,0.3,87,0,0,0,NA,NA,NA
completions_llama/completion_L_t0.3_88.v,llama,L,0.3,88,0,0,0,NA,NA,NA
completions_llama/completion_L_t0.3_89.v,llama,L,0.3,89,0,0,0,NA,NA,NA
completions_llama/completion_L_t0.3_90.v,llama,L,0.3,90,0,0,0,NA,NA,NA
completions_llama/completion_L_t0.3_91.v,llama,L,0.3,91,0,0,0,NA,NA,NA
completions_llama/completion_L_t0.3_92.v,llama,L,0.3,92,0,0,0,NA,NA,NA
completions_llama/completion_L_t0.3_93.v,llama,L,0.3,93,0,0,0,NA,NA,NA
completions_llama/completion_L_t0.3_94.v,llama,L,0.3,94,0,0,0,NA,NA,NA
completions_llama/completion_L_t0.3_95.v,llama,L,0.3,95,0,0,0,NA,NA,NA
completions_llama/completion_L_t0.3_96.v,llama,L,0.3,96,0,0,0,NA,NA,NA
completions_llama/completion_L_t0.3_97.v,llama,L,0.3,97,0,0,0,NA,NA,NA
completions_llama/completion_L_t0.3_98.v,llama,L,0.3,98,0,0,0,NA,NA,NA
completions_llama/completion_L_t0.3_99.v,llama,L,0.3,99,0,0,0,NA,NA,NA
completions_llama/completion_L_t0.5_0.v,llama,L,0.5,0,0,0,0,NA,NA,NA
completions_llama/completion_L_t0.5_1.v,llama,L,0.5,1,0,0,0,NA,NA,NA
completions_llama/completion_L_t0.5_2.v,llama,L,0.5,2,0,0,0,NA,NA,NA
completions_llama/completion_L_t0.5_3.v,llama,L,0.5,3,0,0,0,NA,NA,NA
completions_llama/completion_L_t0.5_4.v,llama,L,0.5,4,0,0,0,NA,NA,NA
completions_llama/completion_L_t0.5_5.v,llama,L,0.5,5,0,0,0,NA,NA,NA
completions_llama/completion_L_t0.5_6.v,llama,L,0.5,6,0,0,0,NA,NA,NA
completions_llama/completion_L_t0.5_7.v,llama,L,0.5,7,0,0,0,NA,NA,NA
completions_llama/completion_L_t0.5_8.v,llama,L,0.5,8,0,0,0,NA,NA,NA
completions_llama/completion_L_t0.5_9.v,llama,L,0.5,9,0,0,0,NA,NA,NA
completions_llama/completion_L_t0.5_10.v,llama,L,0.5,10,0,0,0,NA,NA,NA
completions_llama/completion_L_t0.5_11.v,llama,L,0.5,11,0,0,0,NA,NA,NA
completions_llama/completion_L_t0.5_12.v,llama,L,0.5,12,0,0,0,NA,NA,NA
completions_llama/completion_L_t0.5_13.v,llama,L,0.5,13,0,0,0,NA,NA,NA
completions_llama/completion_L_t0.5_14.v,llama,L,0.5,14,0,0,0,NA,NA,NA
completions_llama/completion_L_t0.5_15.v,llama,L,0.5,15,0,0,0,NA,NA,NA
completions_llama/completion_L_t0.5_16.v,llama,L,0.5,16,0,0,0,NA,NA,NA
completions_llama/completion_L_t0.5_17.v,llama,L,0.5,17,0,0,0,NA,NA,NA
completions_llama/completion_L_t0.5_18.v,llama,L,0.5,18,0,0,0,NA,NA,NA
completions_llama/completion_L_t0.5_19.v,llama,L,0.5,19,0,0,0,NA,NA,NA
completions_llama/completion_L_t0.5_20.v,llama,L,0.5,20,0,0,0,NA,NA,NA
completions_llama/completion_L_t0.5_21.v,llama,L,0.5,21,0,0,0,NA,NA,NA
completions_llama/completion_L_t0.5_22.v,llama,L,0.5,22,0,0,0,NA,NA,NA
completions_llama/completion_L_t0.5_23.v,llama,L,0.5,23,0,0,0,NA,NA,NA
completions_llama/completion_L_t0.5_24.v,llama,L,0.5,24,0,0,0,NA,NA,NA
completions_llama/completion_L_t0.5_25.v,llama,L,0.5,25,0,0,0,NA,NA,NA
completions_llama/completion_L_t0.5_26.v,llama,L,0.5,26,0,0,0,NA,NA,NA
completions_llama/completion_L_t0.5_27.v,llama,L,0.5,27,0,0,0,NA,NA,NA
completions_llama/completion_L_t0.5_28.v,llama,L,0.5,28,0,0,0,NA,NA,NA
completions_llama/completion_L_t0.5_29.v,llama,L,0.5,29,0,0,0,NA,NA,NA
completions_llama/completion_L_t0.5_30.v,llama,L,0.5,30,0,0,0,NA,NA,NA
completions_llama/completion_L_t0.5_31.v,llama,L,0.5,31,0,0,0,NA,NA,NA
completions_llama/completion_L_t0.5_32.v,llama,L,0.5,32,0,0,0,NA,NA,NA
completions_llama/completion_L_t0.5_33.v,llama,L,0.5,33,0,0,0,NA,NA,NA
completions_llama/completion_L_t0.5_34.v,llama,L,0.5,34,0,0,0,NA,NA,NA
completions_llama/completion_L_t0.5_35.v,llama,L,0.5,35,0,0,0,NA,NA,NA
completions_llama/completion_L_t0.5_36.v,llama,L,0.5,36,0,0,0,NA,NA,NA
completions_llama/completion_L_t0.5_37.v,llama,L,0.5,37,0,0,0,NA,NA,NA
completions_llama/completion_L_t0.5_38.v,llama,L,0.5,38,0,0,0,NA,NA,NA
completions_llama/completion_L_t0.5_39.v,llama,L,0.5,39,0,0,0,NA,NA,NA
completions_llama/completion_L_t0.5_40.v,llama,L,0.5,40,0,0,0,NA,NA,NA
completions_llama/completion_L_t0.5_41.v,llama,L,0.5,41,0,0,0,NA,NA,NA
completions_llama/completion_L_t0.5_42.v,llama,L,0.5,42,0,0,0,NA,NA,NA
completions_llama/completion_L_t0.5_43.v,llama,L,0.5,43,0,0,0,NA,NA,NA
completions_llama/completion_L_t0.5_44.v,llama,L,0.5,44,0,0,0,NA,NA,NA
completions_llama/completion_L_t0.5_45.v,llama,L,0.5,45,0,0,0,NA,NA,NA
completions_llama/completion_L_t0.5_46.v,llama,L,0.5,46,0,0,0,NA,NA,NA
completions_llama/completion_L_t0.5_47.v,llama,L,0.5,47,0,0,0,NA,NA,NA
completions_llama/completion_L_t0.5_48.v,llama,L,0.5,48,0,0,0,NA,NA,NA
completions_llama/completion_L_t0.5_49.v,llama,L,0.5,49,0,0,0,NA,NA,NA
completions_llama/completion_L_t0.5_50.v,llama,L,0.5,50,0,0,0,NA,NA,NA
completions_llama/completion_L_t0.5_51.v,llama,L,0.5,51,0,0,0,NA,NA,NA
completions_llama/completion_L_t0.5_52.v,llama,L,0.5,52,0,0,0,NA,NA,NA
completions_llama/completion_L_t0.5_53.v,llama,L,0.5,53,0,0,0,NA,NA,NA
completions_llama/completion_L_t0.5_54.v,llama,L,0.5,54,0,0,0,NA,NA,NA
completions_llama/completion_L_t0.5_55.v,llama,L,0.5,55,0,0,0,NA,NA,NA
completions_llama/completion_L_t0.5_56.v,llama,L,0.5,56,0,0,0,NA,NA,NA
completions_llama/completion_L_t0.5_57.v,llama,L,0.5,57,0,0,0,NA,NA,NA
completions_llama/completion_L_t0.5_58.v,llama,L,0.5,58,0,0,0,NA,NA,NA
completions_llama/completion_L_t0.5_59.v,llama,L,0.5,59,0,0,0,NA,NA,NA
completions_llama/completion_L_t0.5_60.v,llama,L,0.5,60,0,0,0,NA,NA,NA
completions_llama/completion_L_t0.5_61.v,llama,L,0.5,61,0,0,0,NA,NA,NA
completions_llama/completion_L_t0.5_62.v,llama,L,0.5,62,0,0,0,NA,NA,NA
completions_llama/completion_L_t0.5_63.v,llama,L,0.5,63,0,0,0,NA,NA,NA
completions_llama/completion_L_t0.5_64.v,llama,L,0.5,64,0,0,0,NA,NA,NA
completions_llama/completion_L_t0.5_65.v,llama,L,0.5,65,0,0,0,NA,NA,NA
completions_llama/completion_L_t0.5_66.v,llama,L,0.5,66,0,0,0,NA,NA,NA
completions_llama/completion_L_t0.5_67.v,llama,L,0.5,67,0,0,0,NA,NA,NA
completions_llama/completion_L_t0.5_68.v,llama,L,0.5,68,0,0,0,NA,NA,NA
completions_llama/completion_L_t0.5_69.v,llama,L,0.5,69,0,0,0,NA,NA,NA
completions_llama/completion_L_t0.5_70.v,llama,L,0.5,70,0,0,0,NA,NA,NA
completions_llama/completion_L_t0.5_71.v,llama,L,0.5,71,0,0,0,NA,NA,NA
completions_llama/completion_L_t0.5_72.v,llama,L,0.5,72,0,0,0,NA,NA,NA
completions_llama/completion_L_t0.5_73.v,llama,L,0.5,73,0,0,0,NA,NA,NA
completions_llama/completion_L_t0.5_74.v,llama,L,0.5,74,0,0,0,NA,NA,NA
completions_llama/completion_L_t0.5_75.v,llama,L,0.5,75,0,0,0,NA,NA,NA
completions_llama/completion_L_t0.5_76.v,llama,L,0.5,76,0,0,0,NA,NA,NA
completions_llama/completion_L_t0.5_77.v,llama,L,0.5,77,0,0,0,NA,NA,NA
completions_llama/completion_L_t0.5_78.v,llama,L,0.5,78,0,0,0,NA,NA,NA
completions_llama/completion_L_t0.5_79.v,llama,L,0.5,79,0,0,0,NA,NA,NA
completions_llama/completion_L_t0.5_80.v,llama,L,0.5,80,0,0,0,NA,NA,NA
completions_llama/completion_L_t0.5_81.v,llama,L,0.5,81,0,0,0,NA,NA,NA
completions_llama/completion_L_t0.5_82.v,llama,L,0.5,82,0,0,0,NA,NA,NA
completions_llama/completion_L_t0.5_83.v,llama,L,0.5,83,0,0,0,NA,NA,NA
completions_llama/completion_L_t0.5_84.v,llama,L,0.5,84,0,0,0,NA,NA,NA
completions_llama/completion_L_t0.5_85.v,llama,L,0.5,85,0,0,0,NA,NA,NA
completions_llama/completion_L_t0.5_86.v,llama,L,0.5,86,0,0,0,NA,NA,NA
completions_llama/completion_L_t0.5_87.v,llama,L,0.5,87,0,0,0,NA,NA,NA
completions_llama/completion_L_t0.5_88.v,llama,L,0.5,88,0,0,0,NA,NA,NA
completions_llama/completion_L_t0.5_89.v,llama,L,0.5,89,0,0,0,NA,NA,NA
completions_llama/completion_L_t0.5_90.v,llama,L,0.5,90,0,0,0,NA,NA,NA
completions_llama/completion_L_t0.5_91.v,llama,L,0.5,91,0,0,0,NA,NA,NA
completions_llama/completion_L_t0.5_92.v,llama,L,0.5,92,0,0,0,NA,NA,NA
completions_llama/completion_L_t0.5_93.v,llama,L,0.5,93,0,0,0,NA,NA,NA
completions_llama/completion_L_t0.5_94.v,llama,L,0.5,94,0,0,0,NA,NA,NA
completions_llama/completion_L_t0.5_95.v,llama,L,0.5,95,0,0,0,NA,NA,NA
completions_llama/completion_L_t0.5_96.v,llama,L,0.5,96,0,0,0,NA,NA,NA
completions_llama/completion_L_t0.5_97.v,llama,L,0.5,97,0,0,0,NA,NA,NA
completions_llama/completion_L_t0.5_98.v,llama,L,0.5,98,0,0,0,NA,NA,NA
completions_llama/completion_L_t0.5_99.v,llama,L,0.5,99,0,0,0,NA,NA,NA
completions_llama/completion_L_t0.7_0.v,llama,L,0.7,0,0,0,0,NA,NA,NA
completions_llama/completion_L_t0.7_1.v,llama,L,0.7,1,0,0,0,NA,NA,NA
completions_llama/completion_L_t0.7_2.v,llama,L,0.7,2,0,0,0,NA,NA,NA
completions_llama/completion_L_t0.7_3.v,llama,L,0.7,3,0,0,0,NA,NA,NA
completions_llama/completion_L_t0.7_4.v,llama,L,0.7,4,0,0,0,NA,NA,NA
completions_llama/completion_L_t0.7_5.v,llama,L,0.7,5,0,0,0,NA,NA,NA
completions_llama/completion_L_t0.7_6.v,llama,L,0.7,6,0,0,0,NA,NA,NA
completions_llama/completion_L_t0.7_7.v,llama,L,0.7,7,0,0,0,NA,NA,NA
completions_llama/completion_L_t0.7_8.v,llama,L,0.7,8,0,0,0,NA,NA,NA
completions_llama/completion_L_t0.7_9.v,llama,L,0.7,9,0,0,0,NA,NA,NA
completions_llama/completion_L_t0.7_10.v,llama,L,0.7,10,0,0,0,NA,NA,NA
completions_llama/completion_L_t0.7_11.v,llama,L,0.7,11,0,0,0,NA,NA,NA
completions_llama/completion_L_t0.7_12.v,llama,L,0.7,12,0,0,0,NA,NA,NA
completions_llama/completion_L_t0.7_13.v,llama,L,0.7,13,0,0,0,NA,NA,NA
completions_llama/completion_L_t0.7_14.v,llama,L,0.7,14,0,0,0,NA,NA,NA
completions_llama/completion_L_t0.7_15.v,llama,L,0.7,15,0,0,0,NA,NA,NA
completions_llama/completion_L_t0.7_16.v,llama,L,0.7,16,0,0,0,NA,NA,NA
completions_llama/completion_L_t0.7_17.v,llama,L,0.7,17,0,0,0,NA,NA,NA
completions_llama/completion_L_t0.7_18.v,llama,L,0.7,18,0,0,0,NA,NA,NA
completions_llama/completion_L_t0.7_19.v,llama,L,0.7,19,0,0,0,NA,NA,NA
completions_llama/completion_L_t0.7_20.v,llama,L,0.7,20,0,0,0,NA,NA,NA
completions_llama/completion_L_t0.7_21.v,llama,L,0.7,21,0,0,0,NA,NA,NA
completions_llama/completion_L_t0.7_22.v,llama,L,0.7,22,0,0,0,NA,NA,NA
completions_llama/completion_L_t0.7_23.v,llama,L,0.7,23,0,0,0,NA,NA,NA
completions_llama/completion_L_t0.7_24.v,llama,L,0.7,24,0,0,0,NA,NA,NA
completions_llama/completion_L_t0.7_25.v,llama,L,0.7,25,0,0,0,NA,NA,NA
completions_llama/completion_L_t0.7_26.v,llama,L,0.7,26,0,0,0,NA,NA,NA
completions_llama/completion_L_t0.7_27.v,llama,L,0.7,27,0,0,0,NA,NA,NA
completions_llama/completion_L_t0.7_28.v,llama,L,0.7,28,0,0,0,NA,NA,NA
completions_llama/completion_L_t0.7_29.v,llama,L,0.7,29,0,0,0,NA,NA,NA
completions_llama/completion_L_t0.7_30.v,llama,L,0.7,30,0,0,0,NA,NA,NA
completions_llama/completion_L_t0.7_31.v,llama,L,0.7,31,0,0,0,NA,NA,NA
completions_llama/completion_L_t0.7_32.v,llama,L,0.7,32,0,0,0,NA,NA,NA
completions_llama/completion_L_t0.7_33.v,llama,L,0.7,33,0,0,0,NA,NA,NA
completions_llama/completion_L_t0.7_34.v,llama,L,0.7,34,0,0,0,NA,NA,NA
completions_llama/completion_L_t0.7_35.v,llama,L,0.7,35,0,0,0,NA,NA,NA
completions_llama/completion_L_t0.7_36.v,llama,L,0.7,36,0,0,0,NA,NA,NA
completions_llama/completion_L_t0.7_37.v,llama,L,0.7,37,0,0,0,NA,NA,NA
completions_llama/completion_L_t0.7_38.v,llama,L,0.7,38,0,0,0,NA,NA,NA
completions_llama/completion_L_t0.7_39.v,llama,L,0.7,39,0,0,0,NA,NA,NA
completions_llama/completion_L_t0.7_40.v,llama,L,0.7,40,0,0,0,NA,NA,NA
completions_llama/completion_L_t0.7_41.v,llama,L,0.7,41,0,0,0,NA,NA,NA
completions_llama/completion_L_t0.7_42.v,llama,L,0.7,42,0,0,0,NA,NA,NA
completions_llama/completion_L_t0.7_43.v,llama,L,0.7,43,0,0,0,NA,NA,NA
completions_llama/completion_L_t0.7_44.v,llama,L,0.7,44,0,0,0,NA,NA,NA
completions_llama/completion_L_t0.7_45.v,llama,L,0.7,45,0,0,0,NA,NA,NA
completions_llama/completion_L_t0.7_46.v,llama,L,0.7,46,0,0,0,NA,NA,NA
completions_llama/completion_L_t0.7_47.v,llama,L,0.7,47,0,0,0,NA,NA,NA
completions_llama/completion_L_t0.7_48.v,llama,L,0.7,48,0,0,0,NA,NA,NA
completions_llama/completion_L_t0.7_49.v,llama,L,0.7,49,0,0,0,NA,NA,NA
completions_llama/completion_L_t0.7_50.v,llama,L,0.7,50,0,0,0,NA,NA,NA
completions_llama/completion_L_t0.7_51.v,llama,L,0.7,51,0,0,0,NA,NA,NA
completions_llama/completion_L_t0.7_52.v,llama,L,0.7,52,0,0,0,NA,NA,NA
completions_llama/completion_L_t0.7_53.v,llama,L,0.7,53,0,0,0,NA,NA,NA
completions_llama/completion_L_t0.7_54.v,llama,L,0.7,54,0,0,0,NA,NA,NA
completions_llama/completion_L_t0.7_55.v,llama,L,0.7,55,0,0,0,NA,NA,NA
completions_llama/completion_L_t0.7_56.v,llama,L,0.7,56,0,0,0,NA,NA,NA
completions_llama/completion_L_t0.7_57.v,llama,L,0.7,57,0,0,0,NA,NA,NA
completions_llama/completion_L_t0.7_58.v,llama,L,0.7,58,0,0,0,NA,NA,NA
completions_llama/completion_L_t0.7_59.v,llama,L,0.7,59,0,0,0,NA,NA,NA
completions_llama/completion_L_t0.7_60.v,llama,L,0.7,60,0,0,0,NA,NA,NA
completions_llama/completion_L_t0.7_61.v,llama,L,0.7,61,0,0,0,NA,NA,NA
completions_llama/completion_L_t0.7_62.v,llama,L,0.7,62,0,0,0,NA,NA,NA
completions_llama/completion_L_t0.7_63.v,llama,L,0.7,63,0,0,0,NA,NA,NA
completions_llama/completion_L_t0.7_64.v,llama,L,0.7,64,0,0,0,NA,NA,NA
completions_llama/completion_L_t0.7_65.v,llama,L,0.7,65,0,0,0,NA,NA,NA
completions_llama/completion_L_t0.7_66.v,llama,L,0.7,66,0,0,0,NA,NA,NA
completions_llama/completion_L_t0.7_67.v,llama,L,0.7,67,0,0,0,NA,NA,NA
completions_llama/completion_L_t0.7_68.v,llama,L,0.7,68,0,0,0,NA,NA,NA
completions_llama/completion_L_t0.7_69.v,llama,L,0.7,69,0,0,0,NA,NA,NA
completions_llama/completion_L_t0.7_70.v,llama,L,0.7,70,0,0,0,NA,NA,NA
completions_llama/completion_L_t0.7_71.v,llama,L,0.7,71,0,0,0,NA,NA,NA
completions_llama/completion_L_t0.7_72.v,llama,L,0.7,72,0,0,0,NA,NA,NA
completions_llama/completion_L_t0.7_73.v,llama,L,0.7,73,0,0,0,NA,NA,NA
completions_llama/completion_L_t0.7_74.v,llama,L,0.7,74,0,0,0,NA,NA,NA
completions_llama/completion_L_t0.7_75.v,llama,L,0.7,75,0,0,0,NA,NA,NA
completions_llama/completion_L_t0.7_76.v,llama,L,0.7,76,0,0,0,NA,NA,NA
completions_llama/completion_L_t0.7_77.v,llama,L,0.7,77,0,0,0,NA,NA,NA
completions_llama/completion_L_t0.7_78.v,llama,L,0.7,78,0,0,0,NA,NA,NA
completions_llama/completion_L_t0.7_79.v,llama,L,0.7,79,0,0,0,NA,NA,NA
completions_llama/completion_L_t0.7_80.v,llama,L,0.7,80,0,0,0,NA,NA,NA
completions_llama/completion_L_t0.7_81.v,llama,L,0.7,81,0,0,0,NA,NA,NA
completions_llama/completion_L_t0.7_82.v,llama,L,0.7,82,0,0,0,NA,NA,NA
completions_llama/completion_L_t0.7_83.v,llama,L,0.7,83,0,0,0,NA,NA,NA
completions_llama/completion_L_t0.7_84.v,llama,L,0.7,84,0,0,0,NA,NA,NA
completions_llama/completion_L_t0.7_85.v,llama,L,0.7,85,0,0,0,NA,NA,NA
completions_llama/completion_L_t0.7_86.v,llama,L,0.7,86,0,0,0,NA,NA,NA
completions_llama/completion_L_t0.7_87.v,llama,L,0.7,87,0,0,0,NA,NA,NA
completions_llama/completion_L_t0.7_88.v,llama,L,0.7,88,0,0,0,NA,NA,NA
completions_llama/completion_L_t0.7_89.v,llama,L,0.7,89,0,0,0,NA,NA,NA
completions_llama/completion_L_t0.7_90.v,llama,L,0.7,90,0,0,0,NA,NA,NA
completions_llama/completion_L_t0.7_91.v,llama,L,0.7,91,0,0,0,NA,NA,NA
completions_llama/completion_L_t0.7_92.v,llama,L,0.7,92,0,0,0,NA,NA,NA
completions_llama/completion_L_t0.7_93.v,llama,L,0.7,93,0,0,0,NA,NA,NA
completions_llama/completion_L_t0.7_94.v,llama,L,0.7,94,0,0,0,NA,NA,NA
completions_llama/completion_L_t0.7_95.v,llama,L,0.7,95,0,0,0,NA,NA,NA
completions_llama/completion_L_t0.7_96.v,llama,L,0.7,96,0,0,0,NA,NA,NA
completions_llama/completion_L_t0.7_97.v,llama,L,0.7,97,0,0,0,NA,NA,NA
completions_llama/completion_L_t0.7_98.v,llama,L,0.7,98,0,0,0,NA,NA,NA
completions_llama/completion_L_t0.7_99.v,llama,L,0.7,99,0,0,0,NA,NA,NA
completions_llama/completion_L_t1.0_0.v,llama,L,1.0,0,0,0,0,NA,NA,NA
completions_llama/completion_L_t1.0_1.v,llama,L,1.0,1,0,0,0,NA,NA,NA
completions_llama/completion_L_t1.0_2.v,llama,L,1.0,2,0,0,0,NA,NA,NA
completions_llama/completion_L_t1.0_3.v,llama,L,1.0,3,0,0,0,NA,NA,NA
completions_llama/completion_L_t1.0_4.v,llama,L,1.0,4,0,0,0,NA,NA,NA
completions_llama/completion_L_t1.0_5.v,llama,L,1.0,5,0,0,0,NA,NA,NA
completions_llama/completion_L_t1.0_6.v,llama,L,1.0,6,0,0,0,NA,NA,NA
completions_llama/completion_L_t1.0_7.v,llama,L,1.0,7,0,0,0,NA,NA,NA
completions_llama/completion_L_t1.0_8.v,llama,L,1.0,8,0,0,0,NA,NA,NA
completions_llama/completion_L_t1.0_9.v,llama,L,1.0,9,0,0,0,NA,NA,NA
completions_llama/completion_L_t1.0_10.v,llama,L,1.0,10,0,0,0,NA,NA,NA
completions_llama/completion_L_t1.0_11.v,llama,L,1.0,11,0,0,0,NA,NA,NA
completions_llama/completion_L_t1.0_12.v,llama,L,1.0,12,0,0,0,NA,NA,NA
completions_llama/completion_L_t1.0_13.v,llama,L,1.0,13,0,0,0,NA,NA,NA
completions_llama/completion_L_t1.0_14.v,llama,L,1.0,14,0,0,0,NA,NA,NA
completions_llama/completion_L_t1.0_15.v,llama,L,1.0,15,0,0,0,NA,NA,NA
completions_llama/completion_L_t1.0_16.v,llama,L,1.0,16,0,0,0,NA,NA,NA
completions_llama/completion_L_t1.0_17.v,llama,L,1.0,17,0,0,0,NA,NA,NA
completions_llama/completion_L_t1.0_18.v,llama,L,1.0,18,0,0,0,NA,NA,NA
completions_llama/completion_L_t1.0_19.v,llama,L,1.0,19,0,0,0,NA,NA,NA
completions_llama/completion_L_t1.0_20.v,llama,L,1.0,20,0,0,0,NA,NA,NA
completions_llama/completion_L_t1.0_21.v,llama,L,1.0,21,0,0,0,NA,NA,NA
completions_llama/completion_L_t1.0_22.v,llama,L,1.0,22,0,0,0,NA,NA,NA
completions_llama/completion_L_t1.0_23.v,llama,L,1.0,23,0,0,0,NA,NA,NA
completions_llama/completion_L_t1.0_24.v,llama,L,1.0,24,0,0,0,NA,NA,NA
completions_llama/completion_L_t1.0_25.v,llama,L,1.0,25,0,0,0,NA,NA,NA
completions_llama/completion_L_t1.0_26.v,llama,L,1.0,26,0,0,0,NA,NA,NA
completions_llama/completion_L_t1.0_27.v,llama,L,1.0,27,0,0,0,NA,NA,NA
completions_llama/completion_L_t1.0_28.v,llama,L,1.0,28,0,0,0,NA,NA,NA
completions_llama/completion_L_t1.0_29.v,llama,L,1.0,29,0,0,0,NA,NA,NA
completions_llama/completion_L_t1.0_30.v,llama,L,1.0,30,0,0,0,NA,NA,NA
completions_llama/completion_L_t1.0_31.v,llama,L,1.0,31,0,0,0,NA,NA,NA
completions_llama/completion_L_t1.0_32.v,llama,L,1.0,32,0,0,0,NA,NA,NA
completions_llama/completion_L_t1.0_33.v,llama,L,1.0,33,0,0,0,NA,NA,NA
completions_llama/completion_L_t1.0_34.v,llama,L,1.0,34,0,0,0,NA,NA,NA
completions_llama/completion_L_t1.0_35.v,llama,L,1.0,35,0,0,0,NA,NA,NA
completions_llama/completion_L_t1.0_36.v,llama,L,1.0,36,0,0,0,NA,NA,NA
completions_llama/completion_L_t1.0_37.v,llama,L,1.0,37,0,0,0,NA,NA,NA
completions_llama/completion_L_t1.0_38.v,llama,L,1.0,38,0,0,0,NA,NA,NA
completions_llama/completion_L_t1.0_39.v,llama,L,1.0,39,0,0,0,NA,NA,NA
completions_llama/completion_L_t1.0_40.v,llama,L,1.0,40,0,0,0,NA,NA,NA
completions_llama/completion_L_t1.0_41.v,llama,L,1.0,41,0,0,0,NA,NA,NA
completions_llama/completion_L_t1.0_42.v,llama,L,1.0,42,0,0,0,NA,NA,NA
completions_llama/completion_L_t1.0_43.v,llama,L,1.0,43,0,0,0,NA,NA,NA
completions_llama/completion_L_t1.0_44.v,llama,L,1.0,44,0,0,0,NA,NA,NA
completions_llama/completion_L_t1.0_45.v,llama,L,1.0,45,0,0,0,NA,NA,NA
completions_llama/completion_L_t1.0_46.v,llama,L,1.0,46,0,0,0,NA,NA,NA
completions_llama/completion_L_t1.0_47.v,llama,L,1.0,47,0,0,0,NA,NA,NA
completions_llama/completion_L_t1.0_48.v,llama,L,1.0,48,0,0,0,NA,NA,NA
completions_llama/completion_L_t1.0_49.v,llama,L,1.0,49,0,0,0,NA,NA,NA
completions_llama/completion_L_t1.0_50.v,llama,L,1.0,50,0,0,0,NA,NA,NA
completions_llama/completion_L_t1.0_51.v,llama,L,1.0,51,0,0,0,NA,NA,NA
completions_llama/completion_L_t1.0_52.v,llama,L,1.0,52,0,0,0,NA,NA,NA
completions_llama/completion_L_t1.0_53.v,llama,L,1.0,53,0,0,0,NA,NA,NA
completions_llama/completion_L_t1.0_54.v,llama,L,1.0,54,0,0,0,NA,NA,NA
completions_llama/completion_L_t1.0_55.v,llama,L,1.0,55,0,0,0,NA,NA,NA
completions_llama/completion_L_t1.0_56.v,llama,L,1.0,56,0,0,0,NA,NA,NA
completions_llama/completion_L_t1.0_57.v,llama,L,1.0,57,0,0,0,NA,NA,NA
completions_llama/completion_L_t1.0_58.v,llama,L,1.0,58,0,0,0,NA,NA,NA
completions_llama/completion_L_t1.0_59.v,llama,L,1.0,59,0,0,0,NA,NA,NA
completions_llama/completion_L_t1.0_60.v,llama,L,1.0,60,0,0,0,NA,NA,NA
completions_llama/completion_L_t1.0_61.v,llama,L,1.0,61,0,0,0,NA,NA,NA
completions_llama/completion_L_t1.0_62.v,llama,L,1.0,62,0,0,0,NA,NA,NA
completions_llama/completion_L_t1.0_63.v,llama,L,1.0,63,0,0,0,NA,NA,NA
completions_llama/completion_L_t1.0_64.v,llama,L,1.0,64,0,0,0,NA,NA,NA
completions_llama/completion_L_t1.0_65.v,llama,L,1.0,65,0,0,0,NA,NA,NA
completions_llama/completion_L_t1.0_66.v,llama,L,1.0,66,0,0,0,NA,NA,NA
completions_llama/completion_L_t1.0_67.v,llama,L,1.0,67,0,0,0,NA,NA,NA
completions_llama/completion_L_t1.0_68.v,llama,L,1.0,68,0,0,0,NA,NA,NA
completions_llama/completion_L_t1.0_69.v,llama,L,1.0,69,0,0,0,NA,NA,NA
completions_llama/completion_L_t1.0_70.v,llama,L,1.0,70,0,0,0,NA,NA,NA
completions_llama/completion_L_t1.0_71.v,llama,L,1.0,71,0,0,0,NA,NA,NA
completions_llama/completion_L_t1.0_72.v,llama,L,1.0,72,0,0,0,NA,NA,NA
completions_llama/completion_L_t1.0_73.v,llama,L,1.0,73,0,0,0,NA,NA,NA
completions_llama/completion_L_t1.0_74.v,llama,L,1.0,74,0,0,0,NA,NA,NA
completions_llama/completion_L_t1.0_75.v,llama,L,1.0,75,0,0,0,NA,NA,NA
completions_llama/completion_L_t1.0_76.v,llama,L,1.0,76,0,0,0,NA,NA,NA
completions_llama/completion_L_t1.0_77.v,llama,L,1.0,77,0,0,0,NA,NA,NA
completions_llama/completion_L_t1.0_78.v,llama,L,1.0,78,0,0,0,NA,NA,NA
completions_llama/completion_L_t1.0_79.v,llama,L,1.0,79,0,0,0,NA,NA,NA
completions_llama/completion_L_t1.0_80.v,llama,L,1.0,80,0,0,0,NA,NA,NA
completions_llama/completion_L_t1.0_81.v,llama,L,1.0,81,0,0,0,NA,NA,NA
completions_llama/completion_L_t1.0_82.v,llama,L,1.0,82,0,0,0,NA,NA,NA
completions_llama/completion_L_t1.0_83.v,llama,L,1.0,83,0,0,0,NA,NA,NA
completions_llama/completion_L_t1.0_84.v,llama,L,1.0,84,0,0,0,NA,NA,NA
completions_llama/completion_L_t1.0_85.v,llama,L,1.0,85,0,0,0,NA,NA,NA
completions_llama/completion_L_t1.0_86.v,llama,L,1.0,86,0,0,0,NA,NA,NA
completions_llama/completion_L_t1.0_87.v,llama,L,1.0,87,0,0,0,NA,NA,NA
completions_llama/completion_L_t1.0_88.v,llama,L,1.0,88,0,0,0,NA,NA,NA
completions_llama/completion_L_t1.0_89.v,llama,L,1.0,89,0,0,0,NA,NA,NA
completions_llama/completion_L_t1.0_90.v,llama,L,1.0,90,0,0,0,NA,NA,NA
completions_llama/completion_L_t1.0_91.v,llama,L,1.0,91,0,0,0,NA,NA,NA
completions_llama/completion_L_t1.0_92.v,llama,L,1.0,92,0,0,0,NA,NA,NA
completions_llama/completion_L_t1.0_93.v,llama,L,1.0,93,0,0,0,NA,NA,NA
completions_llama/completion_L_t1.0_94.v,llama,L,1.0,94,0,0,0,NA,NA,NA
completions_llama/completion_L_t1.0_95.v,llama,L,1.0,95,0,0,0,NA,NA,NA
completions_llama/completion_L_t1.0_96.v,llama,L,1.0,96,0,0,0,NA,NA,NA
completions_llama/completion_L_t1.0_97.v,llama,L,1.0,97,0,0,0,NA,NA,NA
completions_llama/completion_L_t1.0_98.v,llama,L,1.0,98,0,0,0,NA,NA,NA
completions_llama/completion_L_t1.0_99.v,llama,L,1.0,99,0,0,0,NA,NA,NA
completions_llama/completion_M_t0.1_0.v,llama,M,0.1,0,0,0,0,NA,NA,NA
completions_llama/completion_M_t0.1_1.v,llama,M,0.1,1,0,0,0,NA,NA,NA
completions_llama/completion_M_t0.1_2.v,llama,M,0.1,2,0,0,0,NA,NA,NA
completions_llama/completion_M_t0.1_3.v,llama,M,0.1,3,0,0,0,NA,NA,NA
completions_llama/completion_M_t0.1_4.v,llama,M,0.1,4,0,0,0,NA,NA,NA
completions_llama/completion_M_t0.1_5.v,llama,M,0.1,5,0,0,0,NA,NA,NA
completions_llama/completion_M_t0.1_6.v,llama,M,0.1,6,0,0,0,NA,NA,NA
completions_llama/completion_M_t0.1_7.v,llama,M,0.1,7,0,0,0,NA,NA,NA
completions_llama/completion_M_t0.1_8.v,llama,M,0.1,8,0,0,0,NA,NA,NA
completions_llama/completion_M_t0.1_9.v,llama,M,0.1,9,0,0,0,NA,NA,NA
completions_llama/completion_M_t0.1_10.v,llama,M,0.1,10,0,0,0,NA,NA,NA
completions_llama/completion_M_t0.1_11.v,llama,M,0.1,11,0,0,0,NA,NA,NA
completions_llama/completion_M_t0.1_12.v,llama,M,0.1,12,0,0,0,NA,NA,NA
completions_llama/completion_M_t0.1_13.v,llama,M,0.1,13,0,0,0,NA,NA,NA
completions_llama/completion_M_t0.1_14.v,llama,M,0.1,14,0,0,0,NA,NA,NA
completions_llama/completion_M_t0.1_15.v,llama,M,0.1,15,0,0,0,NA,NA,NA
completions_llama/completion_M_t0.1_16.v,llama,M,0.1,16,0,0,0,NA,NA,NA
completions_llama/completion_M_t0.1_17.v,llama,M,0.1,17,0,0,0,NA,NA,NA
completions_llama/completion_M_t0.1_18.v,llama,M,0.1,18,0,0,0,NA,NA,NA
completions_llama/completion_M_t0.1_19.v,llama,M,0.1,19,0,0,0,NA,NA,NA
completions_llama/completion_M_t0.1_20.v,llama,M,0.1,20,0,0,0,NA,NA,NA
completions_llama/completion_M_t0.1_21.v,llama,M,0.1,21,0,0,0,NA,NA,NA
completions_llama/completion_M_t0.1_22.v,llama,M,0.1,22,0,0,0,NA,NA,NA
completions_llama/completion_M_t0.1_23.v,llama,M,0.1,23,0,0,0,NA,NA,NA
completions_llama/completion_M_t0.1_24.v,llama,M,0.1,24,0,0,0,NA,NA,NA
completions_llama/completion_M_t0.1_25.v,llama,M,0.1,25,0,0,0,NA,NA,NA
completions_llama/completion_M_t0.1_26.v,llama,M,0.1,26,0,0,0,NA,NA,NA
completions_llama/completion_M_t0.1_27.v,llama,M,0.1,27,0,0,0,NA,NA,NA
completions_llama/completion_M_t0.1_28.v,llama,M,0.1,28,0,0,0,NA,NA,NA
completions_llama/completion_M_t0.1_29.v,llama,M,0.1,29,0,0,0,NA,NA,NA
completions_llama/completion_M_t0.1_30.v,llama,M,0.1,30,0,0,0,NA,NA,NA
completions_llama/completion_M_t0.1_31.v,llama,M,0.1,31,0,0,0,NA,NA,NA
completions_llama/completion_M_t0.1_32.v,llama,M,0.1,32,0,0,0,NA,NA,NA
completions_llama/completion_M_t0.1_33.v,llama,M,0.1,33,0,0,0,NA,NA,NA
completions_llama/completion_M_t0.1_34.v,llama,M,0.1,34,0,0,0,NA,NA,NA
completions_llama/completion_M_t0.1_35.v,llama,M,0.1,35,0,0,0,NA,NA,NA
completions_llama/completion_M_t0.1_36.v,llama,M,0.1,36,0,0,0,NA,NA,NA
completions_llama/completion_M_t0.1_37.v,llama,M,0.1,37,0,0,0,NA,NA,NA
completions_llama/completion_M_t0.1_38.v,llama,M,0.1,38,0,0,0,NA,NA,NA
completions_llama/completion_M_t0.1_39.v,llama,M,0.1,39,0,0,0,NA,NA,NA
completions_llama/completion_M_t0.1_40.v,llama,M,0.1,40,0,0,0,NA,NA,NA
completions_llama/completion_M_t0.1_41.v,llama,M,0.1,41,0,0,0,NA,NA,NA
completions_llama/completion_M_t0.1_42.v,llama,M,0.1,42,0,0,0,NA,NA,NA
completions_llama/completion_M_t0.1_43.v,llama,M,0.1,43,0,0,0,NA,NA,NA
completions_llama/completion_M_t0.1_44.v,llama,M,0.1,44,0,0,0,NA,NA,NA
completions_llama/completion_M_t0.1_45.v,llama,M,0.1,45,0,0,0,NA,NA,NA
completions_llama/completion_M_t0.1_46.v,llama,M,0.1,46,0,0,0,NA,NA,NA
completions_llama/completion_M_t0.1_47.v,llama,M,0.1,47,0,0,0,NA,NA,NA
completions_llama/completion_M_t0.1_48.v,llama,M,0.1,48,0,0,0,NA,NA,NA
completions_llama/completion_M_t0.1_49.v,llama,M,0.1,49,0,0,0,NA,NA,NA
completions_llama/completion_M_t0.1_50.v,llama,M,0.1,50,0,0,0,NA,NA,NA
completions_llama/completion_M_t0.1_51.v,llama,M,0.1,51,0,0,0,NA,NA,NA
completions_llama/completion_M_t0.1_52.v,llama,M,0.1,52,0,0,0,NA,NA,NA
completions_llama/completion_M_t0.1_53.v,llama,M,0.1,53,0,0,0,NA,NA,NA
completions_llama/completion_M_t0.1_54.v,llama,M,0.1,54,0,0,0,NA,NA,NA
completions_llama/completion_M_t0.1_55.v,llama,M,0.1,55,0,0,0,NA,NA,NA
completions_llama/completion_M_t0.1_56.v,llama,M,0.1,56,0,0,0,NA,NA,NA
completions_llama/completion_M_t0.1_57.v,llama,M,0.1,57,0,0,0,NA,NA,NA
completions_llama/completion_M_t0.1_58.v,llama,M,0.1,58,0,0,0,NA,NA,NA
completions_llama/completion_M_t0.1_59.v,llama,M,0.1,59,0,0,0,NA,NA,NA
completions_llama/completion_M_t0.1_60.v,llama,M,0.1,60,0,0,0,NA,NA,NA
completions_llama/completion_M_t0.1_61.v,llama,M,0.1,61,0,0,0,NA,NA,NA
completions_llama/completion_M_t0.1_62.v,llama,M,0.1,62,0,0,0,NA,NA,NA
completions_llama/completion_M_t0.1_63.v,llama,M,0.1,63,0,0,0,NA,NA,NA
completions_llama/completion_M_t0.1_64.v,llama,M,0.1,64,0,0,0,NA,NA,NA
completions_llama/completion_M_t0.1_65.v,llama,M,0.1,65,0,0,0,NA,NA,NA
completions_llama/completion_M_t0.1_66.v,llama,M,0.1,66,0,0,0,NA,NA,NA
completions_llama/completion_M_t0.1_67.v,llama,M,0.1,67,0,0,0,NA,NA,NA
completions_llama/completion_M_t0.1_68.v,llama,M,0.1,68,0,0,0,NA,NA,NA
completions_llama/completion_M_t0.1_69.v,llama,M,0.1,69,0,0,0,NA,NA,NA
completions_llama/completion_M_t0.1_70.v,llama,M,0.1,70,0,0,0,NA,NA,NA
completions_llama/completion_M_t0.1_71.v,llama,M,0.1,71,0,0,0,NA,NA,NA
completions_llama/completion_M_t0.1_72.v,llama,M,0.1,72,0,0,0,NA,NA,NA
completions_llama/completion_M_t0.1_73.v,llama,M,0.1,73,0,0,0,NA,NA,NA
completions_llama/completion_M_t0.1_74.v,llama,M,0.1,74,0,0,0,NA,NA,NA
completions_llama/completion_M_t0.1_75.v,llama,M,0.1,75,0,0,0,NA,NA,NA
completions_llama/completion_M_t0.1_76.v,llama,M,0.1,76,0,0,0,NA,NA,NA
completions_llama/completion_M_t0.1_77.v,llama,M,0.1,77,0,0,0,NA,NA,NA
completions_llama/completion_M_t0.1_78.v,llama,M,0.1,78,0,0,0,NA,NA,NA
completions_llama/completion_M_t0.1_79.v,llama,M,0.1,79,0,0,0,NA,NA,NA
completions_llama/completion_M_t0.1_80.v,llama,M,0.1,80,0,0,0,NA,NA,NA
completions_llama/completion_M_t0.1_81.v,llama,M,0.1,81,0,0,0,NA,NA,NA
completions_llama/completion_M_t0.1_82.v,llama,M,0.1,82,0,0,0,NA,NA,NA
completions_llama/completion_M_t0.1_83.v,llama,M,0.1,83,0,0,0,NA,NA,NA
completions_llama/completion_M_t0.1_84.v,llama,M,0.1,84,0,0,0,NA,NA,NA
completions_llama/completion_M_t0.1_85.v,llama,M,0.1,85,0,0,0,NA,NA,NA
completions_llama/completion_M_t0.1_86.v,llama,M,0.1,86,0,0,0,NA,NA,NA
completions_llama/completion_M_t0.1_87.v,llama,M,0.1,87,0,0,0,NA,NA,NA
completions_llama/completion_M_t0.1_88.v,llama,M,0.1,88,0,0,0,NA,NA,NA
completions_llama/completion_M_t0.1_89.v,llama,M,0.1,89,0,0,0,NA,NA,NA
completions_llama/completion_M_t0.1_90.v,llama,M,0.1,90,0,0,0,NA,NA,NA
completions_llama/completion_M_t0.1_91.v,llama,M,0.1,91,0,0,0,NA,NA,NA
completions_llama/completion_M_t0.1_92.v,llama,M,0.1,92,0,0,0,NA,NA,NA
completions_llama/completion_M_t0.1_93.v,llama,M,0.1,93,0,0,0,NA,NA,NA
completions_llama/completion_M_t0.1_94.v,llama,M,0.1,94,0,0,0,NA,NA,NA
completions_llama/completion_M_t0.1_95.v,llama,M,0.1,95,0,0,0,NA,NA,NA
completions_llama/completion_M_t0.1_96.v,llama,M,0.1,96,0,0,0,NA,NA,NA
completions_llama/completion_M_t0.1_97.v,llama,M,0.1,97,0,0,0,NA,NA,NA
completions_llama/completion_M_t0.1_98.v,llama,M,0.1,98,0,0,0,NA,NA,NA
completions_llama/completion_M_t0.1_99.v,llama,M,0.1,99,0,0,0,NA,NA,NA
completions_llama/completion_M_t0.3_0.v,llama,M,0.3,0,0,0,0,NA,NA,NA
completions_llama/completion_M_t0.3_1.v,llama,M,0.3,1,0,0,0,NA,NA,NA
completions_llama/completion_M_t0.3_2.v,llama,M,0.3,2,0,0,0,NA,NA,NA
completions_llama/completion_M_t0.3_3.v,llama,M,0.3,3,0,0,0,NA,NA,NA
completions_llama/completion_M_t0.3_4.v,llama,M,0.3,4,0,0,0,NA,NA,NA
completions_llama/completion_M_t0.3_5.v,llama,M,0.3,5,0,0,0,NA,NA,NA
completions_llama/completion_M_t0.3_6.v,llama,M,0.3,6,0,0,0,NA,NA,NA
completions_llama/completion_M_t0.3_7.v,llama,M,0.3,7,0,0,0,NA,NA,NA
completions_llama/completion_M_t0.3_8.v,llama,M,0.3,8,0,0,0,NA,NA,NA
completions_llama/completion_M_t0.3_9.v,llama,M,0.3,9,0,0,0,NA,NA,NA
completions_llama/completion_M_t0.3_10.v,llama,M,0.3,10,0,0,0,NA,NA,NA
completions_llama/completion_M_t0.3_11.v,llama,M,0.3,11,0,0,0,NA,NA,NA
completions_llama/completion_M_t0.3_12.v,llama,M,0.3,12,0,0,0,NA,NA,NA
completions_llama/completion_M_t0.3_13.v,llama,M,0.3,13,0,0,0,NA,NA,NA
completions_llama/completion_M_t0.3_14.v,llama,M,0.3,14,0,0,0,NA,NA,NA
completions_llama/completion_M_t0.3_15.v,llama,M,0.3,15,0,0,0,NA,NA,NA
completions_llama/completion_M_t0.3_16.v,llama,M,0.3,16,0,0,0,NA,NA,NA
completions_llama/completion_M_t0.3_17.v,llama,M,0.3,17,0,0,0,NA,NA,NA
completions_llama/completion_M_t0.3_18.v,llama,M,0.3,18,0,0,0,NA,NA,NA
completions_llama/completion_M_t0.3_19.v,llama,M,0.3,19,0,0,0,NA,NA,NA
completions_llama/completion_M_t0.3_20.v,llama,M,0.3,20,0,0,0,NA,NA,NA
completions_llama/completion_M_t0.3_21.v,llama,M,0.3,21,0,0,0,NA,NA,NA
completions_llama/completion_M_t0.3_22.v,llama,M,0.3,22,0,0,0,NA,NA,NA
completions_llama/completion_M_t0.3_23.v,llama,M,0.3,23,0,0,0,NA,NA,NA
completions_llama/completion_M_t0.3_24.v,llama,M,0.3,24,0,0,0,NA,NA,NA
completions_llama/completion_M_t0.3_25.v,llama,M,0.3,25,0,0,0,NA,NA,NA
completions_llama/completion_M_t0.3_26.v,llama,M,0.3,26,0,0,0,NA,NA,NA
completions_llama/completion_M_t0.3_27.v,llama,M,0.3,27,0,0,0,NA,NA,NA
completions_llama/completion_M_t0.3_28.v,llama,M,0.3,28,0,0,0,NA,NA,NA
completions_llama/completion_M_t0.3_29.v,llama,M,0.3,29,0,0,0,NA,NA,NA
completions_llama/completion_M_t0.3_30.v,llama,M,0.3,30,0,0,0,NA,NA,NA
completions_llama/completion_M_t0.3_31.v,llama,M,0.3,31,0,0,0,NA,NA,NA
completions_llama/completion_M_t0.3_32.v,llama,M,0.3,32,0,0,0,NA,NA,NA
completions_llama/completion_M_t0.3_33.v,llama,M,0.3,33,0,0,0,NA,NA,NA
completions_llama/completion_M_t0.3_34.v,llama,M,0.3,34,0,0,0,NA,NA,NA
completions_llama/completion_M_t0.3_35.v,llama,M,0.3,35,0,0,0,NA,NA,NA
completions_llama/completion_M_t0.3_36.v,llama,M,0.3,36,0,0,0,NA,NA,NA
completions_llama/completion_M_t0.3_37.v,llama,M,0.3,37,0,0,0,NA,NA,NA
completions_llama/completion_M_t0.3_38.v,llama,M,0.3,38,0,0,0,NA,NA,NA
completions_llama/completion_M_t0.3_39.v,llama,M,0.3,39,0,0,0,NA,NA,NA
completions_llama/completion_M_t0.3_40.v,llama,M,0.3,40,0,0,0,NA,NA,NA
completions_llama/completion_M_t0.3_41.v,llama,M,0.3,41,0,0,0,NA,NA,NA
completions_llama/completion_M_t0.3_42.v,llama,M,0.3,42,0,0,0,NA,NA,NA
completions_llama/completion_M_t0.3_43.v,llama,M,0.3,43,0,0,0,NA,NA,NA
completions_llama/completion_M_t0.3_44.v,llama,M,0.3,44,0,0,0,NA,NA,NA
completions_llama/completion_M_t0.3_45.v,llama,M,0.3,45,0,0,0,NA,NA,NA
completions_llama/completion_M_t0.3_46.v,llama,M,0.3,46,0,0,0,NA,NA,NA
completions_llama/completion_M_t0.3_47.v,llama,M,0.3,47,0,0,0,NA,NA,NA
completions_llama/completion_M_t0.3_48.v,llama,M,0.3,48,0,0,0,NA,NA,NA
completions_llama/completion_M_t0.3_49.v,llama,M,0.3,49,0,0,0,NA,NA,NA
completions_llama/completion_M_t0.3_50.v,llama,M,0.3,50,0,0,0,NA,NA,NA
completions_llama/completion_M_t0.3_51.v,llama,M,0.3,51,0,0,0,NA,NA,NA
completions_llama/completion_M_t0.3_52.v,llama,M,0.3,52,0,0,0,NA,NA,NA
completions_llama/completion_M_t0.3_53.v,llama,M,0.3,53,0,0,0,NA,NA,NA
completions_llama/completion_M_t0.3_54.v,llama,M,0.3,54,0,0,0,NA,NA,NA
completions_llama/completion_M_t0.3_55.v,llama,M,0.3,55,0,0,0,NA,NA,NA
completions_llama/completion_M_t0.3_56.v,llama,M,0.3,56,0,0,0,NA,NA,NA
completions_llama/completion_M_t0.3_57.v,llama,M,0.3,57,0,0,0,NA,NA,NA
completions_llama/completion_M_t0.3_58.v,llama,M,0.3,58,0,0,0,NA,NA,NA
completions_llama/completion_M_t0.3_59.v,llama,M,0.3,59,0,0,0,NA,NA,NA
completions_llama/completion_M_t0.3_60.v,llama,M,0.3,60,0,0,0,NA,NA,NA
completions_llama/completion_M_t0.3_61.v,llama,M,0.3,61,0,0,0,NA,NA,NA
completions_llama/completion_M_t0.3_62.v,llama,M,0.3,62,0,0,0,NA,NA,NA
completions_llama/completion_M_t0.3_63.v,llama,M,0.3,63,0,0,0,NA,NA,NA
completions_llama/completion_M_t0.3_64.v,llama,M,0.3,64,0,0,0,NA,NA,NA
completions_llama/completion_M_t0.3_65.v,llama,M,0.3,65,0,0,0,NA,NA,NA
completions_llama/completion_M_t0.3_66.v,llama,M,0.3,66,0,0,0,NA,NA,NA
completions_llama/completion_M_t0.3_67.v,llama,M,0.3,67,0,0,0,NA,NA,NA
completions_llama/completion_M_t0.3_68.v,llama,M,0.3,68,0,0,0,NA,NA,NA
completions_llama/completion_M_t0.3_69.v,llama,M,0.3,69,0,0,0,NA,NA,NA
completions_llama/completion_M_t0.3_70.v,llama,M,0.3,70,0,0,0,NA,NA,NA
completions_llama/completion_M_t0.3_71.v,llama,M,0.3,71,0,0,0,NA,NA,NA
completions_llama/completion_M_t0.3_72.v,llama,M,0.3,72,0,0,0,NA,NA,NA
completions_llama/completion_M_t0.3_73.v,llama,M,0.3,73,0,0,0,NA,NA,NA
completions_llama/completion_M_t0.3_74.v,llama,M,0.3,74,0,0,0,NA,NA,NA
completions_llama/completion_M_t0.3_75.v,llama,M,0.3,75,0,0,0,NA,NA,NA
completions_llama/completion_M_t0.3_76.v,llama,M,0.3,76,0,0,0,NA,NA,NA
completions_llama/completion_M_t0.3_77.v,llama,M,0.3,77,0,0,0,NA,NA,NA
completions_llama/completion_M_t0.3_78.v,llama,M,0.3,78,0,0,0,NA,NA,NA
completions_llama/completion_M_t0.3_79.v,llama,M,0.3,79,0,0,0,NA,NA,NA
completions_llama/completion_M_t0.3_80.v,llama,M,0.3,80,0,0,0,NA,NA,NA
completions_llama/completion_M_t0.3_81.v,llama,M,0.3,81,0,0,0,NA,NA,NA
completions_llama/completion_M_t0.3_82.v,llama,M,0.3,82,0,0,0,NA,NA,NA
completions_llama/completion_M_t0.3_83.v,llama,M,0.3,83,0,0,0,NA,NA,NA
completions_llama/completion_M_t0.3_84.v,llama,M,0.3,84,0,0,0,NA,NA,NA
completions_llama/completion_M_t0.3_85.v,llama,M,0.3,85,0,0,0,NA,NA,NA
completions_llama/completion_M_t0.3_86.v,llama,M,0.3,86,0,0,0,NA,NA,NA
completions_llama/completion_M_t0.3_87.v,llama,M,0.3,87,0,0,0,NA,NA,NA
completions_llama/completion_M_t0.3_88.v,llama,M,0.3,88,0,0,0,NA,NA,NA
completions_llama/completion_M_t0.3_89.v,llama,M,0.3,89,0,0,0,NA,NA,NA
completions_llama/completion_M_t0.3_90.v,llama,M,0.3,90,0,0,0,NA,NA,NA
completions_llama/completion_M_t0.3_91.v,llama,M,0.3,91,0,0,0,NA,NA,NA
completions_llama/completion_M_t0.3_92.v,llama,M,0.3,92,0,0,0,NA,NA,NA
completions_llama/completion_M_t0.3_93.v,llama,M,0.3,93,0,0,0,NA,NA,NA
completions_llama/completion_M_t0.3_94.v,llama,M,0.3,94,0,0,0,NA,NA,NA
completions_llama/completion_M_t0.3_95.v,llama,M,0.3,95,0,0,0,NA,NA,NA
completions_llama/completion_M_t0.3_96.v,llama,M,0.3,96,0,0,0,NA,NA,NA
completions_llama/completion_M_t0.3_97.v,llama,M,0.3,97,0,0,0,NA,NA,NA
completions_llama/completion_M_t0.3_98.v,llama,M,0.3,98,0,0,0,NA,NA,NA
completions_llama/completion_M_t0.3_99.v,llama,M,0.3,99,0,0,0,NA,NA,NA
completions_llama/completion_M_t0.5_0.v,llama,M,0.5,0,0,0,0,NA,NA,NA
completions_llama/completion_M_t0.5_1.v,llama,M,0.5,1,0,0,0,NA,NA,NA
completions_llama/completion_M_t0.5_2.v,llama,M,0.5,2,0,0,0,NA,NA,NA
completions_llama/completion_M_t0.5_3.v,llama,M,0.5,3,0,0,0,NA,NA,NA
completions_llama/completion_M_t0.5_4.v,llama,M,0.5,4,0,0,0,NA,NA,NA
completions_llama/completion_M_t0.5_5.v,llama,M,0.5,5,0,0,0,NA,NA,NA
completions_llama/completion_M_t0.5_6.v,llama,M,0.5,6,0,0,0,NA,NA,NA
completions_llama/completion_M_t0.5_7.v,llama,M,0.5,7,0,0,0,NA,NA,NA
completions_llama/completion_M_t0.5_8.v,llama,M,0.5,8,0,0,0,NA,NA,NA
completions_llama/completion_M_t0.5_9.v,llama,M,0.5,9,0,0,0,NA,NA,NA
completions_llama/completion_M_t0.5_10.v,llama,M,0.5,10,0,0,0,NA,NA,NA
completions_llama/completion_M_t0.5_11.v,llama,M,0.5,11,0,0,0,NA,NA,NA
completions_llama/completion_M_t0.5_12.v,llama,M,0.5,12,0,0,0,NA,NA,NA
completions_llama/completion_M_t0.5_13.v,llama,M,0.5,13,0,0,0,NA,NA,NA
completions_llama/completion_M_t0.5_14.v,llama,M,0.5,14,0,0,0,NA,NA,NA
completions_llama/completion_M_t0.5_15.v,llama,M,0.5,15,0,0,0,NA,NA,NA
completions_llama/completion_M_t0.5_16.v,llama,M,0.5,16,0,0,0,NA,NA,NA
completions_llama/completion_M_t0.5_17.v,llama,M,0.5,17,0,0,0,NA,NA,NA
completions_llama/completion_M_t0.5_18.v,llama,M,0.5,18,0,0,0,NA,NA,NA
completions_llama/completion_M_t0.5_19.v,llama,M,0.5,19,0,0,0,NA,NA,NA
completions_llama/completion_M_t0.5_20.v,llama,M,0.5,20,0,0,0,NA,NA,NA
completions_llama/completion_M_t0.5_21.v,llama,M,0.5,21,0,0,0,NA,NA,NA
completions_llama/completion_M_t0.5_22.v,llama,M,0.5,22,0,0,0,NA,NA,NA
completions_llama/completion_M_t0.5_23.v,llama,M,0.5,23,0,0,0,NA,NA,NA
completions_llama/completion_M_t0.5_24.v,llama,M,0.5,24,0,0,0,NA,NA,NA
completions_llama/completion_M_t0.5_25.v,llama,M,0.5,25,0,0,0,NA,NA,NA
completions_llama/completion_M_t0.5_26.v,llama,M,0.5,26,0,0,0,NA,NA,NA
completions_llama/completion_M_t0.5_27.v,llama,M,0.5,27,0,0,0,NA,NA,NA
completions_llama/completion_M_t0.5_28.v,llama,M,0.5,28,0,0,0,NA,NA,NA
completions_llama/completion_M_t0.5_29.v,llama,M,0.5,29,0,0,0,NA,NA,NA
completions_llama/completion_M_t0.5_30.v,llama,M,0.5,30,0,0,0,NA,NA,NA
completions_llama/completion_M_t0.5_31.v,llama,M,0.5,31,0,0,0,NA,NA,NA
completions_llama/completion_M_t0.5_32.v,llama,M,0.5,32,0,0,0,NA,NA,NA
completions_llama/completion_M_t0.5_33.v,llama,M,0.5,33,0,0,0,NA,NA,NA
completions_llama/completion_M_t0.5_34.v,llama,M,0.5,34,0,0,0,NA,NA,NA
completions_llama/completion_M_t0.5_35.v,llama,M,0.5,35,0,0,0,NA,NA,NA
completions_llama/completion_M_t0.5_36.v,llama,M,0.5,36,0,0,0,NA,NA,NA
completions_llama/completion_M_t0.5_37.v,llama,M,0.5,37,0,0,0,NA,NA,NA
completions_llama/completion_M_t0.5_38.v,llama,M,0.5,38,0,0,0,NA,NA,NA
completions_llama/completion_M_t0.5_39.v,llama,M,0.5,39,0,0,0,NA,NA,NA
completions_llama/completion_M_t0.5_40.v,llama,M,0.5,40,0,0,0,NA,NA,NA
completions_llama/completion_M_t0.5_41.v,llama,M,0.5,41,0,0,0,NA,NA,NA
completions_llama/completion_M_t0.5_42.v,llama,M,0.5,42,0,0,0,NA,NA,NA
completions_llama/completion_M_t0.5_43.v,llama,M,0.5,43,0,0,0,NA,NA,NA
completions_llama/completion_M_t0.5_44.v,llama,M,0.5,44,0,0,0,NA,NA,NA
completions_llama/completion_M_t0.5_45.v,llama,M,0.5,45,0,0,0,NA,NA,NA
completions_llama/completion_M_t0.5_46.v,llama,M,0.5,46,0,0,0,NA,NA,NA
completions_llama/completion_M_t0.5_47.v,llama,M,0.5,47,0,0,0,NA,NA,NA
completions_llama/completion_M_t0.5_48.v,llama,M,0.5,48,0,0,0,NA,NA,NA
completions_llama/completion_M_t0.5_49.v,llama,M,0.5,49,0,0,0,NA,NA,NA
completions_llama/completion_M_t0.5_50.v,llama,M,0.5,50,0,0,0,NA,NA,NA
completions_llama/completion_M_t0.5_51.v,llama,M,0.5,51,0,0,0,NA,NA,NA
completions_llama/completion_M_t0.5_52.v,llama,M,0.5,52,0,0,0,NA,NA,NA
completions_llama/completion_M_t0.5_53.v,llama,M,0.5,53,0,0,0,NA,NA,NA
completions_llama/completion_M_t0.5_54.v,llama,M,0.5,54,0,0,0,NA,NA,NA
completions_llama/completion_M_t0.5_55.v,llama,M,0.5,55,0,0,0,NA,NA,NA
completions_llama/completion_M_t0.5_56.v,llama,M,0.5,56,0,0,0,NA,NA,NA
completions_llama/completion_M_t0.5_57.v,llama,M,0.5,57,0,0,0,NA,NA,NA
completions_llama/completion_M_t0.5_58.v,llama,M,0.5,58,0,0,0,NA,NA,NA
completions_llama/completion_M_t0.5_59.v,llama,M,0.5,59,0,0,0,NA,NA,NA
completions_llama/completion_M_t0.5_60.v,llama,M,0.5,60,0,0,0,NA,NA,NA
completions_llama/completion_M_t0.5_61.v,llama,M,0.5,61,0,0,0,NA,NA,NA
completions_llama/completion_M_t0.5_62.v,llama,M,0.5,62,0,0,0,NA,NA,NA
completions_llama/completion_M_t0.5_63.v,llama,M,0.5,63,0,0,0,NA,NA,NA
completions_llama/completion_M_t0.5_64.v,llama,M,0.5,64,0,0,0,NA,NA,NA
completions_llama/completion_M_t0.5_65.v,llama,M,0.5,65,0,0,0,NA,NA,NA
completions_llama/completion_M_t0.5_66.v,llama,M,0.5,66,0,0,0,NA,NA,NA
completions_llama/completion_M_t0.5_67.v,llama,M,0.5,67,0,0,0,NA,NA,NA
completions_llama/completion_M_t0.5_68.v,llama,M,0.5,68,0,0,0,NA,NA,NA
completions_llama/completion_M_t0.5_69.v,llama,M,0.5,69,0,0,0,NA,NA,NA
completions_llama/completion_M_t0.5_70.v,llama,M,0.5,70,0,0,0,NA,NA,NA
completions_llama/completion_M_t0.5_71.v,llama,M,0.5,71,0,0,0,NA,NA,NA
completions_llama/completion_M_t0.5_72.v,llama,M,0.5,72,0,0,0,NA,NA,NA
completions_llama/completion_M_t0.5_73.v,llama,M,0.5,73,0,0,0,NA,NA,NA
completions_llama/completion_M_t0.5_74.v,llama,M,0.5,74,0,0,0,NA,NA,NA
completions_llama/completion_M_t0.5_75.v,llama,M,0.5,75,0,0,0,NA,NA,NA
completions_llama/completion_M_t0.5_76.v,llama,M,0.5,76,0,0,0,NA,NA,NA
completions_llama/completion_M_t0.5_77.v,llama,M,0.5,77,0,0,0,NA,NA,NA
completions_llama/completion_M_t0.5_78.v,llama,M,0.5,78,0,0,0,NA,NA,NA
completions_llama/completion_M_t0.5_79.v,llama,M,0.5,79,0,0,0,NA,NA,NA
completions_llama/completion_M_t0.5_80.v,llama,M,0.5,80,0,0,0,NA,NA,NA
completions_llama/completion_M_t0.5_81.v,llama,M,0.5,81,0,0,0,NA,NA,NA
completions_llama/completion_M_t0.5_82.v,llama,M,0.5,82,0,0,0,NA,NA,NA
completions_llama/completion_M_t0.5_83.v,llama,M,0.5,83,0,0,0,NA,NA,NA
completions_llama/completion_M_t0.5_84.v,llama,M,0.5,84,0,0,0,NA,NA,NA
completions_llama/completion_M_t0.5_85.v,llama,M,0.5,85,0,0,0,NA,NA,NA
completions_llama/completion_M_t0.5_86.v,llama,M,0.5,86,0,0,0,NA,NA,NA
completions_llama/completion_M_t0.5_87.v,llama,M,0.5,87,0,0,0,NA,NA,NA
completions_llama/completion_M_t0.5_88.v,llama,M,0.5,88,0,0,0,NA,NA,NA
completions_llama/completion_M_t0.5_89.v,llama,M,0.5,89,0,0,0,NA,NA,NA
completions_llama/completion_M_t0.5_90.v,llama,M,0.5,90,0,0,0,NA,NA,NA
completions_llama/completion_M_t0.5_91.v,llama,M,0.5,91,0,0,0,NA,NA,NA
completions_llama/completion_M_t0.5_92.v,llama,M,0.5,92,0,0,0,NA,NA,NA
completions_llama/completion_M_t0.5_93.v,llama,M,0.5,93,0,0,0,NA,NA,NA
completions_llama/completion_M_t0.5_94.v,llama,M,0.5,94,0,0,0,NA,NA,NA
completions_llama/completion_M_t0.5_95.v,llama,M,0.5,95,0,0,0,NA,NA,NA
completions_llama/completion_M_t0.5_96.v,llama,M,0.5,96,0,0,0,NA,NA,NA
completions_llama/completion_M_t0.5_97.v,llama,M,0.5,97,0,0,0,NA,NA,NA
completions_llama/completion_M_t0.5_98.v,llama,M,0.5,98,0,0,0,NA,NA,NA
completions_llama/completion_M_t0.5_99.v,llama,M,0.5,99,0,0,0,NA,NA,NA
completions_llama/completion_M_t0.7_0.v,llama,M,0.7,0,0,0,0,NA,NA,NA
completions_llama/completion_M_t0.7_1.v,llama,M,0.7,1,0,0,0,NA,NA,NA
completions_llama/completion_M_t0.7_2.v,llama,M,0.7,2,0,0,0,NA,NA,NA
completions_llama/completion_M_t0.7_3.v,llama,M,0.7,3,0,0,0,NA,NA,NA
completions_llama/completion_M_t0.7_4.v,llama,M,0.7,4,0,0,0,NA,NA,NA
completions_llama/completion_M_t0.7_5.v,llama,M,0.7,5,0,0,0,NA,NA,NA
completions_llama/completion_M_t0.7_6.v,llama,M,0.7,6,0,0,0,NA,NA,NA
completions_llama/completion_M_t0.7_7.v,llama,M,0.7,7,0,0,0,NA,NA,NA
completions_llama/completion_M_t0.7_8.v,llama,M,0.7,8,0,0,0,NA,NA,NA
completions_llama/completion_M_t0.7_9.v,llama,M,0.7,9,0,0,0,NA,NA,NA
completions_llama/completion_M_t0.7_10.v,llama,M,0.7,10,0,0,0,NA,NA,NA
completions_llama/completion_M_t0.7_11.v,llama,M,0.7,11,0,0,0,NA,NA,NA
completions_llama/completion_M_t0.7_12.v,llama,M,0.7,12,0,0,0,NA,NA,NA
completions_llama/completion_M_t0.7_13.v,llama,M,0.7,13,0,0,0,NA,NA,NA
completions_llama/completion_M_t0.7_14.v,llama,M,0.7,14,0,0,0,NA,NA,NA
completions_llama/completion_M_t0.7_15.v,llama,M,0.7,15,0,0,0,NA,NA,NA
completions_llama/completion_M_t0.7_16.v,llama,M,0.7,16,0,0,0,NA,NA,NA
completions_llama/completion_M_t0.7_17.v,llama,M,0.7,17,0,0,0,NA,NA,NA
completions_llama/completion_M_t0.7_18.v,llama,M,0.7,18,0,0,0,NA,NA,NA
completions_llama/completion_M_t0.7_19.v,llama,M,0.7,19,0,0,0,NA,NA,NA
completions_llama/completion_M_t0.7_20.v,llama,M,0.7,20,0,0,0,NA,NA,NA
completions_llama/completion_M_t0.7_21.v,llama,M,0.7,21,0,0,0,NA,NA,NA
completions_llama/completion_M_t0.7_22.v,llama,M,0.7,22,0,0,0,NA,NA,NA
completions_llama/completion_M_t0.7_23.v,llama,M,0.7,23,0,0,0,NA,NA,NA
completions_llama/completion_M_t0.7_24.v,llama,M,0.7,24,0,0,0,NA,NA,NA
completions_llama/completion_M_t0.7_25.v,llama,M,0.7,25,0,0,0,NA,NA,NA
completions_llama/completion_M_t0.7_26.v,llama,M,0.7,26,0,0,0,NA,NA,NA
completions_llama/completion_M_t0.7_27.v,llama,M,0.7,27,0,0,0,NA,NA,NA
completions_llama/completion_M_t0.7_28.v,llama,M,0.7,28,0,0,0,NA,NA,NA
completions_llama/completion_M_t0.7_29.v,llama,M,0.7,29,0,0,0,NA,NA,NA
completions_llama/completion_M_t0.7_30.v,llama,M,0.7,30,0,0,0,NA,NA,NA
completions_llama/completion_M_t0.7_31.v,llama,M,0.7,31,0,0,0,NA,NA,NA
completions_llama/completion_M_t0.7_32.v,llama,M,0.7,32,0,0,0,NA,NA,NA
completions_llama/completion_M_t0.7_33.v,llama,M,0.7,33,0,0,0,NA,NA,NA
completions_llama/completion_M_t0.7_34.v,llama,M,0.7,34,0,0,0,NA,NA,NA
completions_llama/completion_M_t0.7_35.v,llama,M,0.7,35,0,0,0,NA,NA,NA
completions_llama/completion_M_t0.7_36.v,llama,M,0.7,36,0,0,0,NA,NA,NA
completions_llama/completion_M_t0.7_37.v,llama,M,0.7,37,0,0,0,NA,NA,NA
completions_llama/completion_M_t0.7_38.v,llama,M,0.7,38,0,0,0,NA,NA,NA
completions_llama/completion_M_t0.7_39.v,llama,M,0.7,39,0,0,0,NA,NA,NA
completions_llama/completion_M_t0.7_40.v,llama,M,0.7,40,0,0,0,NA,NA,NA
completions_llama/completion_M_t0.7_41.v,llama,M,0.7,41,0,0,0,NA,NA,NA
completions_llama/completion_M_t0.7_42.v,llama,M,0.7,42,0,0,0,NA,NA,NA
completions_llama/completion_M_t0.7_43.v,llama,M,0.7,43,0,0,0,NA,NA,NA
completions_llama/completion_M_t0.7_44.v,llama,M,0.7,44,0,0,0,NA,NA,NA
completions_llama/completion_M_t0.7_45.v,llama,M,0.7,45,0,0,0,NA,NA,NA
completions_llama/completion_M_t0.7_46.v,llama,M,0.7,46,0,0,0,NA,NA,NA
completions_llama/completion_M_t0.7_47.v,llama,M,0.7,47,0,0,0,NA,NA,NA
completions_llama/completion_M_t0.7_48.v,llama,M,0.7,48,0,0,0,NA,NA,NA
completions_llama/completion_M_t0.7_49.v,llama,M,0.7,49,0,0,0,NA,NA,NA
completions_llama/completion_M_t0.7_50.v,llama,M,0.7,50,0,0,0,NA,NA,NA
completions_llama/completion_M_t0.7_51.v,llama,M,0.7,51,0,0,0,NA,NA,NA
completions_llama/completion_M_t0.7_52.v,llama,M,0.7,52,0,0,0,NA,NA,NA
completions_llama/completion_M_t0.7_53.v,llama,M,0.7,53,0,0,0,NA,NA,NA
completions_llama/completion_M_t0.7_54.v,llama,M,0.7,54,0,0,0,NA,NA,NA
completions_llama/completion_M_t0.7_55.v,llama,M,0.7,55,0,0,0,NA,NA,NA
completions_llama/completion_M_t0.7_56.v,llama,M,0.7,56,0,0,0,NA,NA,NA
completions_llama/completion_M_t0.7_57.v,llama,M,0.7,57,0,0,0,NA,NA,NA
completions_llama/completion_M_t0.7_58.v,llama,M,0.7,58,0,0,0,NA,NA,NA
completions_llama/completion_M_t0.7_59.v,llama,M,0.7,59,0,0,0,NA,NA,NA
completions_llama/completion_M_t0.7_60.v,llama,M,0.7,60,0,0,0,NA,NA,NA
completions_llama/completion_M_t0.7_61.v,llama,M,0.7,61,0,0,0,NA,NA,NA
completions_llama/completion_M_t0.7_62.v,llama,M,0.7,62,0,0,0,NA,NA,NA
completions_llama/completion_M_t0.7_63.v,llama,M,0.7,63,0,0,0,NA,NA,NA
completions_llama/completion_M_t0.7_64.v,llama,M,0.7,64,0,0,0,NA,NA,NA
completions_llama/completion_M_t0.7_65.v,llama,M,0.7,65,0,0,0,NA,NA,NA
completions_llama/completion_M_t0.7_66.v,llama,M,0.7,66,0,0,0,NA,NA,NA
completions_llama/completion_M_t0.7_67.v,llama,M,0.7,67,0,0,0,NA,NA,NA
completions_llama/completion_M_t0.7_68.v,llama,M,0.7,68,0,0,0,NA,NA,NA
completions_llama/completion_M_t0.7_69.v,llama,M,0.7,69,0,0,0,NA,NA,NA
completions_llama/completion_M_t0.7_70.v,llama,M,0.7,70,0,0,0,NA,NA,NA
completions_llama/completion_M_t0.7_71.v,llama,M,0.7,71,0,0,0,NA,NA,NA
completions_llama/completion_M_t0.7_72.v,llama,M,0.7,72,0,0,0,NA,NA,NA
completions_llama/completion_M_t0.7_73.v,llama,M,0.7,73,0,0,0,NA,NA,NA
completions_llama/completion_M_t0.7_74.v,llama,M,0.7,74,0,0,0,NA,NA,NA
completions_llama/completion_M_t0.7_75.v,llama,M,0.7,75,0,0,0,NA,NA,NA
completions_llama/completion_M_t0.7_76.v,llama,M,0.7,76,0,0,0,NA,NA,NA
completions_llama/completion_M_t0.7_77.v,llama,M,0.7,77,0,0,0,NA,NA,NA
completions_llama/completion_M_t0.7_78.v,llama,M,0.7,78,0,0,0,NA,NA,NA
completions_llama/completion_M_t0.7_79.v,llama,M,0.7,79,0,0,0,NA,NA,NA
completions_llama/completion_M_t0.7_80.v,llama,M,0.7,80,0,0,0,NA,NA,NA
completions_llama/completion_M_t0.7_81.v,llama,M,0.7,81,0,0,0,NA,NA,NA
completions_llama/completion_M_t0.7_82.v,llama,M,0.7,82,0,0,0,NA,NA,NA
completions_llama/completion_M_t0.7_83.v,llama,M,0.7,83,0,0,0,NA,NA,NA
completions_llama/completion_M_t0.7_84.v,llama,M,0.7,84,0,0,0,NA,NA,NA
completions_llama/completion_M_t0.7_85.v,llama,M,0.7,85,0,0,0,NA,NA,NA
completions_llama/completion_M_t0.7_86.v,llama,M,0.7,86,0,0,0,NA,NA,NA
completions_llama/completion_M_t0.7_87.v,llama,M,0.7,87,0,0,0,NA,NA,NA
completions_llama/completion_M_t0.7_88.v,llama,M,0.7,88,0,0,0,NA,NA,NA
completions_llama/completion_M_t0.7_89.v,llama,M,0.7,89,0,0,0,NA,NA,NA
completions_llama/completion_M_t0.7_90.v,llama,M,0.7,90,0,0,0,NA,NA,NA
completions_llama/completion_M_t0.7_91.v,llama,M,0.7,91,0,0,0,NA,NA,NA
completions_llama/completion_M_t0.7_92.v,llama,M,0.7,92,0,0,0,NA,NA,NA
completions_llama/completion_M_t0.7_93.v,llama,M,0.7,93,0,0,0,NA,NA,NA
completions_llama/completion_M_t0.7_94.v,llama,M,0.7,94,0,0,0,NA,NA,NA
completions_llama/completion_M_t0.7_95.v,llama,M,0.7,95,0,0,0,NA,NA,NA
completions_llama/completion_M_t0.7_96.v,llama,M,0.7,96,0,0,0,NA,NA,NA
completions_llama/completion_M_t0.7_97.v,llama,M,0.7,97,0,0,0,NA,NA,NA
completions_llama/completion_M_t0.7_98.v,llama,M,0.7,98,0,0,0,NA,NA,NA
completions_llama/completion_M_t0.7_99.v,llama,M,0.7,99,0,0,0,NA,NA,NA
completions_llama/completion_M_t1.0_0.v,llama,M,1.0,0,0,0,0,NA,NA,NA
completions_llama/completion_M_t1.0_1.v,llama,M,1.0,1,0,0,0,NA,NA,NA
completions_llama/completion_M_t1.0_2.v,llama,M,1.0,2,0,0,0,NA,NA,NA
completions_llama/completion_M_t1.0_3.v,llama,M,1.0,3,0,0,0,NA,NA,NA
completions_llama/completion_M_t1.0_4.v,llama,M,1.0,4,0,0,0,NA,NA,NA
completions_llama/completion_M_t1.0_5.v,llama,M,1.0,5,0,0,0,NA,NA,NA
completions_llama/completion_M_t1.0_6.v,llama,M,1.0,6,0,0,0,NA,NA,NA
completions_llama/completion_M_t1.0_7.v,llama,M,1.0,7,0,0,0,NA,NA,NA
completions_llama/completion_M_t1.0_8.v,llama,M,1.0,8,0,0,0,NA,NA,NA
completions_llama/completion_M_t1.0_9.v,llama,M,1.0,9,0,0,0,NA,NA,NA
completions_llama/completion_M_t1.0_10.v,llama,M,1.0,10,0,0,0,NA,NA,NA
completions_llama/completion_M_t1.0_11.v,llama,M,1.0,11,0,0,0,NA,NA,NA
completions_llama/completion_M_t1.0_12.v,llama,M,1.0,12,0,0,0,NA,NA,NA
completions_llama/completion_M_t1.0_13.v,llama,M,1.0,13,0,0,0,NA,NA,NA
completions_llama/completion_M_t1.0_14.v,llama,M,1.0,14,0,0,0,NA,NA,NA
completions_llama/completion_M_t1.0_15.v,llama,M,1.0,15,0,0,0,NA,NA,NA
completions_llama/completion_M_t1.0_16.v,llama,M,1.0,16,0,0,0,NA,NA,NA
completions_llama/completion_M_t1.0_17.v,llama,M,1.0,17,0,0,0,NA,NA,NA
completions_llama/completion_M_t1.0_18.v,llama,M,1.0,18,0,0,0,NA,NA,NA
completions_llama/completion_M_t1.0_19.v,llama,M,1.0,19,0,0,0,NA,NA,NA
completions_llama/completion_M_t1.0_20.v,llama,M,1.0,20,0,0,0,NA,NA,NA
completions_llama/completion_M_t1.0_21.v,llama,M,1.0,21,0,0,0,NA,NA,NA
completions_llama/completion_M_t1.0_22.v,llama,M,1.0,22,0,0,0,NA,NA,NA
completions_llama/completion_M_t1.0_23.v,llama,M,1.0,23,0,0,0,NA,NA,NA
completions_llama/completion_M_t1.0_24.v,llama,M,1.0,24,0,0,0,NA,NA,NA
completions_llama/completion_M_t1.0_25.v,llama,M,1.0,25,0,0,0,NA,NA,NA
completions_llama/completion_M_t1.0_26.v,llama,M,1.0,26,0,0,0,NA,NA,NA
completions_llama/completion_M_t1.0_27.v,llama,M,1.0,27,0,0,0,NA,NA,NA
completions_llama/completion_M_t1.0_28.v,llama,M,1.0,28,0,0,0,NA,NA,NA
completions_llama/completion_M_t1.0_29.v,llama,M,1.0,29,0,0,0,NA,NA,NA
completions_llama/completion_M_t1.0_30.v,llama,M,1.0,30,0,0,0,NA,NA,NA
completions_llama/completion_M_t1.0_31.v,llama,M,1.0,31,0,0,0,NA,NA,NA
completions_llama/completion_M_t1.0_32.v,llama,M,1.0,32,0,0,0,NA,NA,NA
completions_llama/completion_M_t1.0_33.v,llama,M,1.0,33,0,0,0,NA,NA,NA
completions_llama/completion_M_t1.0_34.v,llama,M,1.0,34,0,0,0,NA,NA,NA
completions_llama/completion_M_t1.0_35.v,llama,M,1.0,35,0,0,0,NA,NA,NA
completions_llama/completion_M_t1.0_36.v,llama,M,1.0,36,0,0,0,NA,NA,NA
completions_llama/completion_M_t1.0_37.v,llama,M,1.0,37,0,0,0,NA,NA,NA
completions_llama/completion_M_t1.0_38.v,llama,M,1.0,38,0,0,0,NA,NA,NA
completions_llama/completion_M_t1.0_39.v,llama,M,1.0,39,0,0,0,NA,NA,NA
completions_llama/completion_M_t1.0_40.v,llama,M,1.0,40,0,0,0,NA,NA,NA
completions_llama/completion_M_t1.0_41.v,llama,M,1.0,41,0,0,0,NA,NA,NA
completions_llama/completion_M_t1.0_42.v,llama,M,1.0,42,0,0,0,NA,NA,NA
completions_llama/completion_M_t1.0_43.v,llama,M,1.0,43,0,0,0,NA,NA,NA
completions_llama/completion_M_t1.0_44.v,llama,M,1.0,44,0,0,0,NA,NA,NA
completions_llama/completion_M_t1.0_45.v,llama,M,1.0,45,0,0,0,NA,NA,NA
completions_llama/completion_M_t1.0_46.v,llama,M,1.0,46,0,0,0,NA,NA,NA
completions_llama/completion_M_t1.0_47.v,llama,M,1.0,47,0,0,0,NA,NA,NA
completions_llama/completion_M_t1.0_48.v,llama,M,1.0,48,0,0,0,NA,NA,NA
completions_llama/completion_M_t1.0_49.v,llama,M,1.0,49,0,0,0,NA,NA,NA
completions_llama/completion_M_t1.0_50.v,llama,M,1.0,50,0,0,0,NA,NA,NA
completions_llama/completion_M_t1.0_51.v,llama,M,1.0,51,0,0,0,NA,NA,NA
completions_llama/completion_M_t1.0_52.v,llama,M,1.0,52,0,0,0,NA,NA,NA
completions_llama/completion_M_t1.0_53.v,llama,M,1.0,53,0,0,0,NA,NA,NA
completions_llama/completion_M_t1.0_54.v,llama,M,1.0,54,0,0,0,NA,NA,NA
completions_llama/completion_M_t1.0_55.v,llama,M,1.0,55,0,0,0,NA,NA,NA
completions_llama/completion_M_t1.0_56.v,llama,M,1.0,56,0,0,0,NA,NA,NA
completions_llama/completion_M_t1.0_57.v,llama,M,1.0,57,0,0,0,NA,NA,NA
completions_llama/completion_M_t1.0_58.v,llama,M,1.0,58,0,0,0,NA,NA,NA
completions_llama/completion_M_t1.0_59.v,llama,M,1.0,59,0,0,0,NA,NA,NA
completions_llama/completion_M_t1.0_60.v,llama,M,1.0,60,0,0,0,NA,NA,NA
completions_llama/completion_M_t1.0_61.v,llama,M,1.0,61,0,0,0,NA,NA,NA
completions_llama/completion_M_t1.0_62.v,llama,M,1.0,62,0,0,0,NA,NA,NA
completions_llama/completion_M_t1.0_63.v,llama,M,1.0,63,0,0,0,NA,NA,NA
completions_llama/completion_M_t1.0_64.v,llama,M,1.0,64,0,0,0,NA,NA,NA
completions_llama/completion_M_t1.0_65.v,llama,M,1.0,65,0,0,0,NA,NA,NA
completions_llama/completion_M_t1.0_66.v,llama,M,1.0,66,0,0,0,NA,NA,NA
completions_llama/completion_M_t1.0_67.v,llama,M,1.0,67,0,0,0,NA,NA,NA
completions_llama/completion_M_t1.0_68.v,llama,M,1.0,68,0,0,0,NA,NA,NA
completions_llama/completion_M_t1.0_69.v,llama,M,1.0,69,0,0,0,NA,NA,NA
completions_llama/completion_M_t1.0_70.v,llama,M,1.0,70,0,0,0,NA,NA,NA
completions_llama/completion_M_t1.0_71.v,llama,M,1.0,71,0,0,0,NA,NA,NA
completions_llama/completion_M_t1.0_72.v,llama,M,1.0,72,0,0,0,NA,NA,NA
completions_llama/completion_M_t1.0_73.v,llama,M,1.0,73,0,0,0,NA,NA,NA
completions_llama/completion_M_t1.0_74.v,llama,M,1.0,74,0,0,0,NA,NA,NA
completions_llama/completion_M_t1.0_75.v,llama,M,1.0,75,0,0,0,NA,NA,NA
completions_llama/completion_M_t1.0_76.v,llama,M,1.0,76,0,0,0,NA,NA,NA
completions_llama/completion_M_t1.0_77.v,llama,M,1.0,77,0,0,0,NA,NA,NA
completions_llama/completion_M_t1.0_78.v,llama,M,1.0,78,0,0,0,NA,NA,NA
completions_llama/completion_M_t1.0_79.v,llama,M,1.0,79,0,0,0,NA,NA,NA
completions_llama/completion_M_t1.0_80.v,llama,M,1.0,80,0,0,0,NA,NA,NA
completions_llama/completion_M_t1.0_81.v,llama,M,1.0,81,0,0,0,NA,NA,NA
completions_llama/completion_M_t1.0_82.v,llama,M,1.0,82,0,0,0,NA,NA,NA
completions_llama/completion_M_t1.0_83.v,llama,M,1.0,83,0,0,0,NA,NA,NA
completions_llama/completion_M_t1.0_84.v,llama,M,1.0,84,0,0,0,NA,NA,NA
completions_llama/completion_M_t1.0_85.v,llama,M,1.0,85,0,0,0,NA,NA,NA
completions_llama/completion_M_t1.0_86.v,llama,M,1.0,86,0,0,0,NA,NA,NA
completions_llama/completion_M_t1.0_87.v,llama,M,1.0,87,0,0,0,NA,NA,NA
completions_llama/completion_M_t1.0_88.v,llama,M,1.0,88,0,0,0,NA,NA,NA
completions_llama/completion_M_t1.0_89.v,llama,M,1.0,89,0,0,0,NA,NA,NA
completions_llama/completion_M_t1.0_90.v,llama,M,1.0,90,0,0,0,NA,NA,NA
completions_llama/completion_M_t1.0_91.v,llama,M,1.0,91,0,0,0,NA,NA,NA
completions_llama/completion_M_t1.0_92.v,llama,M,1.0,92,0,0,0,NA,NA,NA
completions_llama/completion_M_t1.0_93.v,llama,M,1.0,93,0,0,0,NA,NA,NA
completions_llama/completion_M_t1.0_94.v,llama,M,1.0,94,0,0,0,NA,NA,NA
completions_llama/completion_M_t1.0_95.v,llama,M,1.0,95,0,0,0,NA,NA,NA
completions_llama/completion_M_t1.0_96.v,llama,M,1.0,96,0,0,0,NA,NA,NA
completions_llama/completion_M_t1.0_97.v,llama,M,1.0,97,0,0,0,NA,NA,NA
completions_llama/completion_M_t1.0_98.v,llama,M,1.0,98,0,0,0,NA,NA,NA
completions_llama/completion_M_t1.0_99.v,llama,M,1.0,99,0,0,0,NA,NA,NA
completions_llama/completion_H_t0.1_0.v,llama,H,0.1,0,0,0,0,NA,NA,NA
completions_llama/completion_H_t0.1_1.v,llama,H,0.1,1,0,0,0,NA,NA,NA
completions_llama/completion_H_t0.1_2.v,llama,H,0.1,2,0,0,0,NA,NA,NA
completions_llama/completion_H_t0.1_3.v,llama,H,0.1,3,0,0,0,NA,NA,NA
completions_llama/completion_H_t0.1_4.v,llama,H,0.1,4,0,0,0,NA,NA,NA
completions_llama/completion_H_t0.1_5.v,llama,H,0.1,5,0,0,0,NA,NA,NA
completions_llama/completion_H_t0.1_6.v,llama,H,0.1,6,0,0,0,NA,NA,NA
completions_llama/completion_H_t0.1_7.v,llama,H,0.1,7,0,0,0,NA,NA,NA
completions_llama/completion_H_t0.1_8.v,llama,H,0.1,8,0,0,0,NA,NA,NA
completions_llama/completion_H_t0.1_9.v,llama,H,0.1,9,0,0,0,NA,NA,NA
completions_llama/completion_H_t0.1_10.v,llama,H,0.1,10,0,0,0,NA,NA,NA
completions_llama/completion_H_t0.1_11.v,llama,H,0.1,11,0,0,0,NA,NA,NA
completions_llama/completion_H_t0.1_12.v,llama,H,0.1,12,0,0,0,NA,NA,NA
completions_llama/completion_H_t0.1_13.v,llama,H,0.1,13,0,0,0,NA,NA,NA
completions_llama/completion_H_t0.1_14.v,llama,H,0.1,14,0,0,0,NA,NA,NA
completions_llama/completion_H_t0.1_15.v,llama,H,0.1,15,0,0,0,NA,NA,NA
completions_llama/completion_H_t0.1_16.v,llama,H,0.1,16,0,0,0,NA,NA,NA
completions_llama/completion_H_t0.1_17.v,llama,H,0.1,17,0,0,0,NA,NA,NA
completions_llama/completion_H_t0.1_18.v,llama,H,0.1,18,0,0,0,NA,NA,NA
completions_llama/completion_H_t0.1_19.v,llama,H,0.1,19,0,0,0,NA,NA,NA
completions_llama/completion_H_t0.1_20.v,llama,H,0.1,20,0,0,0,NA,NA,NA
completions_llama/completion_H_t0.1_21.v,llama,H,0.1,21,0,0,0,NA,NA,NA
completions_llama/completion_H_t0.1_22.v,llama,H,0.1,22,0,0,0,NA,NA,NA
completions_llama/completion_H_t0.1_23.v,llama,H,0.1,23,0,0,0,NA,NA,NA
completions_llama/completion_H_t0.1_24.v,llama,H,0.1,24,0,0,0,NA,NA,NA
completions_llama/completion_H_t0.1_25.v,llama,H,0.1,25,0,0,0,NA,NA,NA
completions_llama/completion_H_t0.1_26.v,llama,H,0.1,26,0,0,0,NA,NA,NA
completions_llama/completion_H_t0.1_27.v,llama,H,0.1,27,0,0,0,NA,NA,NA
completions_llama/completion_H_t0.1_28.v,llama,H,0.1,28,0,0,0,NA,NA,NA
completions_llama/completion_H_t0.1_29.v,llama,H,0.1,29,0,0,0,NA,NA,NA
completions_llama/completion_H_t0.1_30.v,llama,H,0.1,30,0,0,0,NA,NA,NA
completions_llama/completion_H_t0.1_31.v,llama,H,0.1,31,0,0,0,NA,NA,NA
completions_llama/completion_H_t0.1_32.v,llama,H,0.1,32,0,0,0,NA,NA,NA
completions_llama/completion_H_t0.1_33.v,llama,H,0.1,33,0,0,0,NA,NA,NA
completions_llama/completion_H_t0.1_34.v,llama,H,0.1,34,0,0,0,NA,NA,NA
completions_llama/completion_H_t0.1_35.v,llama,H,0.1,35,0,0,0,NA,NA,NA
completions_llama/completion_H_t0.1_36.v,llama,H,0.1,36,0,0,0,NA,NA,NA
completions_llama/completion_H_t0.1_37.v,llama,H,0.1,37,0,0,0,NA,NA,NA
completions_llama/completion_H_t0.1_38.v,llama,H,0.1,38,0,0,0,NA,NA,NA
completions_llama/completion_H_t0.1_39.v,llama,H,0.1,39,0,0,0,NA,NA,NA
completions_llama/completion_H_t0.1_40.v,llama,H,0.1,40,0,0,0,NA,NA,NA
completions_llama/completion_H_t0.1_41.v,llama,H,0.1,41,0,0,0,NA,NA,NA
completions_llama/completion_H_t0.1_42.v,llama,H,0.1,42,0,0,0,NA,NA,NA
completions_llama/completion_H_t0.1_43.v,llama,H,0.1,43,0,0,0,NA,NA,NA
completions_llama/completion_H_t0.1_44.v,llama,H,0.1,44,0,0,0,NA,NA,NA
completions_llama/completion_H_t0.1_45.v,llama,H,0.1,45,0,0,0,NA,NA,NA
completions_llama/completion_H_t0.1_46.v,llama,H,0.1,46,0,0,0,NA,NA,NA
completions_llama/completion_H_t0.1_47.v,llama,H,0.1,47,0,0,0,NA,NA,NA
completions_llama/completion_H_t0.1_48.v,llama,H,0.1,48,0,0,0,NA,NA,NA
completions_llama/completion_H_t0.1_49.v,llama,H,0.1,49,0,0,0,NA,NA,NA
completions_llama/completion_H_t0.1_50.v,llama,H,0.1,50,0,0,0,NA,NA,NA
completions_llama/completion_H_t0.1_51.v,llama,H,0.1,51,0,0,0,NA,NA,NA
completions_llama/completion_H_t0.1_52.v,llama,H,0.1,52,0,0,0,NA,NA,NA
completions_llama/completion_H_t0.1_53.v,llama,H,0.1,53,0,0,0,NA,NA,NA
completions_llama/completion_H_t0.1_54.v,llama,H,0.1,54,0,0,0,NA,NA,NA
completions_llama/completion_H_t0.1_55.v,llama,H,0.1,55,0,0,0,NA,NA,NA
completions_llama/completion_H_t0.1_56.v,llama,H,0.1,56,0,0,0,NA,NA,NA
completions_llama/completion_H_t0.1_57.v,llama,H,0.1,57,0,0,0,NA,NA,NA
completions_llama/completion_H_t0.1_58.v,llama,H,0.1,58,0,0,0,NA,NA,NA
completions_llama/completion_H_t0.1_59.v,llama,H,0.1,59,0,0,0,NA,NA,NA
completions_llama/completion_H_t0.1_60.v,llama,H,0.1,60,0,0,0,NA,NA,NA
completions_llama/completion_H_t0.1_61.v,llama,H,0.1,61,0,0,0,NA,NA,NA
completions_llama/completion_H_t0.1_62.v,llama,H,0.1,62,0,0,0,NA,NA,NA
completions_llama/completion_H_t0.1_63.v,llama,H,0.1,63,0,0,0,NA,NA,NA
completions_llama/completion_H_t0.1_64.v,llama,H,0.1,64,0,0,0,NA,NA,NA
completions_llama/completion_H_t0.1_65.v,llama,H,0.1,65,0,0,0,NA,NA,NA
completions_llama/completion_H_t0.1_66.v,llama,H,0.1,66,0,0,0,NA,NA,NA
completions_llama/completion_H_t0.1_67.v,llama,H,0.1,67,0,0,0,NA,NA,NA
completions_llama/completion_H_t0.1_68.v,llama,H,0.1,68,0,0,0,NA,NA,NA
completions_llama/completion_H_t0.1_69.v,llama,H,0.1,69,0,0,0,NA,NA,NA
completions_llama/completion_H_t0.1_70.v,llama,H,0.1,70,0,0,0,NA,NA,NA
completions_llama/completion_H_t0.1_71.v,llama,H,0.1,71,0,0,0,NA,NA,NA
completions_llama/completion_H_t0.1_72.v,llama,H,0.1,72,0,0,0,NA,NA,NA
completions_llama/completion_H_t0.1_73.v,llama,H,0.1,73,0,0,0,NA,NA,NA
completions_llama/completion_H_t0.1_74.v,llama,H,0.1,74,0,0,0,NA,NA,NA
completions_llama/completion_H_t0.1_75.v,llama,H,0.1,75,0,0,0,NA,NA,NA
completions_llama/completion_H_t0.1_76.v,llama,H,0.1,76,0,0,0,NA,NA,NA
completions_llama/completion_H_t0.1_77.v,llama,H,0.1,77,0,0,0,NA,NA,NA
completions_llama/completion_H_t0.1_78.v,llama,H,0.1,78,0,0,0,NA,NA,NA
completions_llama/completion_H_t0.1_79.v,llama,H,0.1,79,0,0,0,NA,NA,NA
completions_llama/completion_H_t0.1_80.v,llama,H,0.1,80,0,0,0,NA,NA,NA
completions_llama/completion_H_t0.1_81.v,llama,H,0.1,81,0,0,0,NA,NA,NA
completions_llama/completion_H_t0.1_82.v,llama,H,0.1,82,0,0,0,NA,NA,NA
completions_llama/completion_H_t0.1_83.v,llama,H,0.1,83,0,0,0,NA,NA,NA
completions_llama/completion_H_t0.1_84.v,llama,H,0.1,84,0,0,0,NA,NA,NA
completions_llama/completion_H_t0.1_85.v,llama,H,0.1,85,0,0,0,NA,NA,NA
completions_llama/completion_H_t0.1_86.v,llama,H,0.1,86,0,0,0,NA,NA,NA
completions_llama/completion_H_t0.1_87.v,llama,H,0.1,87,0,0,0,NA,NA,NA
completions_llama/completion_H_t0.1_88.v,llama,H,0.1,88,0,0,0,NA,NA,NA
completions_llama/completion_H_t0.1_89.v,llama,H,0.1,89,0,0,0,NA,NA,NA
completions_llama/completion_H_t0.1_90.v,llama,H,0.1,90,0,0,0,NA,NA,NA
completions_llama/completion_H_t0.1_91.v,llama,H,0.1,91,0,0,0,NA,NA,NA
completions_llama/completion_H_t0.1_92.v,llama,H,0.1,92,0,0,0,NA,NA,NA
completions_llama/completion_H_t0.1_93.v,llama,H,0.1,93,0,0,0,NA,NA,NA
completions_llama/completion_H_t0.1_94.v,llama,H,0.1,94,0,0,0,NA,NA,NA
completions_llama/completion_H_t0.1_95.v,llama,H,0.1,95,0,0,0,NA,NA,NA
completions_llama/completion_H_t0.1_96.v,llama,H,0.1,96,0,0,0,NA,NA,NA
completions_llama/completion_H_t0.1_97.v,llama,H,0.1,97,0,0,0,NA,NA,NA
completions_llama/completion_H_t0.1_98.v,llama,H,0.1,98,0,0,0,NA,NA,NA
completions_llama/completion_H_t0.1_99.v,llama,H,0.1,99,0,0,0,NA,NA,NA
completions_llama/completion_H_t0.3_0.v,llama,H,0.3,0,0,0,0,NA,NA,NA
completions_llama/completion_H_t0.3_1.v,llama,H,0.3,1,0,0,0,NA,NA,NA
completions_llama/completion_H_t0.3_2.v,llama,H,0.3,2,0,0,0,NA,NA,NA
completions_llama/completion_H_t0.3_3.v,llama,H,0.3,3,0,0,0,NA,NA,NA
completions_llama/completion_H_t0.3_4.v,llama,H,0.3,4,0,0,0,NA,NA,NA
completions_llama/completion_H_t0.3_5.v,llama,H,0.3,5,0,0,0,NA,NA,NA
completions_llama/completion_H_t0.3_6.v,llama,H,0.3,6,0,0,0,NA,NA,NA
completions_llama/completion_H_t0.3_7.v,llama,H,0.3,7,0,0,0,NA,NA,NA
completions_llama/completion_H_t0.3_8.v,llama,H,0.3,8,0,0,0,NA,NA,NA
completions_llama/completion_H_t0.3_9.v,llama,H,0.3,9,0,0,0,NA,NA,NA
completions_llama/completion_H_t0.3_10.v,llama,H,0.3,10,0,0,0,NA,NA,NA
completions_llama/completion_H_t0.3_11.v,llama,H,0.3,11,0,0,0,NA,NA,NA
completions_llama/completion_H_t0.3_12.v,llama,H,0.3,12,0,0,0,NA,NA,NA
completions_llama/completion_H_t0.3_13.v,llama,H,0.3,13,0,0,0,NA,NA,NA
completions_llama/completion_H_t0.3_14.v,llama,H,0.3,14,0,0,0,NA,NA,NA
completions_llama/completion_H_t0.3_15.v,llama,H,0.3,15,0,0,0,NA,NA,NA
completions_llama/completion_H_t0.3_16.v,llama,H,0.3,16,0,0,0,NA,NA,NA
completions_llama/completion_H_t0.3_17.v,llama,H,0.3,17,0,0,0,NA,NA,NA
completions_llama/completion_H_t0.3_18.v,llama,H,0.3,18,0,0,0,NA,NA,NA
completions_llama/completion_H_t0.3_19.v,llama,H,0.3,19,0,0,0,NA,NA,NA
completions_llama/completion_H_t0.3_20.v,llama,H,0.3,20,0,0,0,NA,NA,NA
completions_llama/completion_H_t0.3_21.v,llama,H,0.3,21,0,0,0,NA,NA,NA
completions_llama/completion_H_t0.3_22.v,llama,H,0.3,22,0,0,0,NA,NA,NA
completions_llama/completion_H_t0.3_23.v,llama,H,0.3,23,0,0,0,NA,NA,NA
completions_llama/completion_H_t0.3_24.v,llama,H,0.3,24,0,0,0,NA,NA,NA
completions_llama/completion_H_t0.3_25.v,llama,H,0.3,25,0,0,0,NA,NA,NA
completions_llama/completion_H_t0.3_26.v,llama,H,0.3,26,0,0,0,NA,NA,NA
completions_llama/completion_H_t0.3_27.v,llama,H,0.3,27,0,0,0,NA,NA,NA
completions_llama/completion_H_t0.3_28.v,llama,H,0.3,28,0,0,0,NA,NA,NA
completions_llama/completion_H_t0.3_29.v,llama,H,0.3,29,0,0,0,NA,NA,NA
completions_llama/completion_H_t0.3_30.v,llama,H,0.3,30,0,0,0,NA,NA,NA
completions_llama/completion_H_t0.3_31.v,llama,H,0.3,31,0,0,0,NA,NA,NA
completions_llama/completion_H_t0.3_32.v,llama,H,0.3,32,0,0,0,NA,NA,NA
completions_llama/completion_H_t0.3_33.v,llama,H,0.3,33,0,0,0,NA,NA,NA
completions_llama/completion_H_t0.3_34.v,llama,H,0.3,34,0,0,0,NA,NA,NA
completions_llama/completion_H_t0.3_35.v,llama,H,0.3,35,0,0,0,NA,NA,NA
completions_llama/completion_H_t0.3_36.v,llama,H,0.3,36,0,0,0,NA,NA,NA
completions_llama/completion_H_t0.3_37.v,llama,H,0.3,37,0,0,0,NA,NA,NA
completions_llama/completion_H_t0.3_38.v,llama,H,0.3,38,0,0,0,NA,NA,NA
completions_llama/completion_H_t0.3_39.v,llama,H,0.3,39,0,0,0,NA,NA,NA
completions_llama/completion_H_t0.3_40.v,llama,H,0.3,40,0,0,0,NA,NA,NA
completions_llama/completion_H_t0.3_41.v,llama,H,0.3,41,0,0,0,NA,NA,NA
completions_llama/completion_H_t0.3_42.v,llama,H,0.3,42,0,0,0,NA,NA,NA
completions_llama/completion_H_t0.3_43.v,llama,H,0.3,43,0,0,0,NA,NA,NA
completions_llama/completion_H_t0.3_44.v,llama,H,0.3,44,0,0,0,NA,NA,NA
completions_llama/completion_H_t0.3_45.v,llama,H,0.3,45,0,0,0,NA,NA,NA
completions_llama/completion_H_t0.3_46.v,llama,H,0.3,46,0,0,0,NA,NA,NA
completions_llama/completion_H_t0.3_47.v,llama,H,0.3,47,0,0,0,NA,NA,NA
completions_llama/completion_H_t0.3_48.v,llama,H,0.3,48,0,0,0,NA,NA,NA
completions_llama/completion_H_t0.3_49.v,llama,H,0.3,49,0,0,0,NA,NA,NA
completions_llama/completion_H_t0.3_50.v,llama,H,0.3,50,0,0,0,NA,NA,NA
completions_llama/completion_H_t0.3_51.v,llama,H,0.3,51,0,0,0,NA,NA,NA
completions_llama/completion_H_t0.3_52.v,llama,H,0.3,52,0,0,0,NA,NA,NA
completions_llama/completion_H_t0.3_53.v,llama,H,0.3,53,0,0,0,NA,NA,NA
completions_llama/completion_H_t0.3_54.v,llama,H,0.3,54,0,0,0,NA,NA,NA
completions_llama/completion_H_t0.3_55.v,llama,H,0.3,55,0,0,0,NA,NA,NA
completions_llama/completion_H_t0.3_56.v,llama,H,0.3,56,0,0,0,NA,NA,NA
completions_llama/completion_H_t0.3_57.v,llama,H,0.3,57,0,0,0,NA,NA,NA
completions_llama/completion_H_t0.3_58.v,llama,H,0.3,58,0,0,0,NA,NA,NA
completions_llama/completion_H_t0.3_59.v,llama,H,0.3,59,0,0,0,NA,NA,NA
completions_llama/completion_H_t0.3_60.v,llama,H,0.3,60,0,0,0,NA,NA,NA
completions_llama/completion_H_t0.3_61.v,llama,H,0.3,61,0,0,0,NA,NA,NA
completions_llama/completion_H_t0.3_62.v,llama,H,0.3,62,0,0,0,NA,NA,NA
completions_llama/completion_H_t0.3_63.v,llama,H,0.3,63,0,0,0,NA,NA,NA
completions_llama/completion_H_t0.3_64.v,llama,H,0.3,64,0,0,0,NA,NA,NA
completions_llama/completion_H_t0.3_65.v,llama,H,0.3,65,0,0,0,NA,NA,NA
completions_llama/completion_H_t0.3_66.v,llama,H,0.3,66,0,0,0,NA,NA,NA
completions_llama/completion_H_t0.3_67.v,llama,H,0.3,67,0,0,0,NA,NA,NA
completions_llama/completion_H_t0.3_68.v,llama,H,0.3,68,0,0,0,NA,NA,NA
completions_llama/completion_H_t0.3_69.v,llama,H,0.3,69,0,0,0,NA,NA,NA
completions_llama/completion_H_t0.3_70.v,llama,H,0.3,70,0,0,0,NA,NA,NA
completions_llama/completion_H_t0.3_71.v,llama,H,0.3,71,0,0,0,NA,NA,NA
completions_llama/completion_H_t0.3_72.v,llama,H,0.3,72,0,0,0,NA,NA,NA
completions_llama/completion_H_t0.3_73.v,llama,H,0.3,73,0,0,0,NA,NA,NA
completions_llama/completion_H_t0.3_74.v,llama,H,0.3,74,0,0,0,NA,NA,NA
completions_llama/completion_H_t0.3_75.v,llama,H,0.3,75,0,0,0,NA,NA,NA
completions_llama/completion_H_t0.3_76.v,llama,H,0.3,76,0,0,0,NA,NA,NA
completions_llama/completion_H_t0.3_77.v,llama,H,0.3,77,0,0,0,NA,NA,NA
completions_llama/completion_H_t0.3_78.v,llama,H,0.3,78,0,0,0,NA,NA,NA
completions_llama/completion_H_t0.3_79.v,llama,H,0.3,79,0,0,0,NA,NA,NA
completions_llama/completion_H_t0.3_80.v,llama,H,0.3,80,0,0,0,NA,NA,NA
completions_llama/completion_H_t0.3_81.v,llama,H,0.3,81,0,0,0,NA,NA,NA
completions_llama/completion_H_t0.3_82.v,llama,H,0.3,82,0,0,0,NA,NA,NA
completions_llama/completion_H_t0.3_83.v,llama,H,0.3,83,0,0,0,NA,NA,NA
completions_llama/completion_H_t0.3_84.v,llama,H,0.3,84,0,0,0,NA,NA,NA
completions_llama/completion_H_t0.3_85.v,llama,H,0.3,85,0,0,0,NA,NA,NA
completions_llama/completion_H_t0.3_86.v,llama,H,0.3,86,0,0,0,NA,NA,NA
completions_llama/completion_H_t0.3_87.v,llama,H,0.3,87,0,0,0,NA,NA,NA
completions_llama/completion_H_t0.3_88.v,llama,H,0.3,88,0,0,0,NA,NA,NA
completions_llama/completion_H_t0.3_89.v,llama,H,0.3,89,0,0,0,NA,NA,NA
completions_llama/completion_H_t0.3_90.v,llama,H,0.3,90,0,0,0,NA,NA,NA
completions_llama/completion_H_t0.3_91.v,llama,H,0.3,91,0,0,0,NA,NA,NA
completions_llama/completion_H_t0.3_92.v,llama,H,0.3,92,0,0,0,NA,NA,NA
completions_llama/completion_H_t0.3_93.v,llama,H,0.3,93,0,0,0,NA,NA,NA
completions_llama/completion_H_t0.3_94.v,llama,H,0.3,94,0,0,0,NA,NA,NA
completions_llama/completion_H_t0.3_95.v,llama,H,0.3,95,0,0,0,NA,NA,NA
completions_llama/completion_H_t0.3_96.v,llama,H,0.3,96,0,0,0,NA,NA,NA
completions_llama/completion_H_t0.3_97.v,llama,H,0.3,97,0,0,0,NA,NA,NA
completions_llama/completion_H_t0.3_98.v,llama,H,0.3,98,0,0,0,NA,NA,NA
completions_llama/completion_H_t0.3_99.v,llama,H,0.3,99,0,0,0,NA,NA,NA
completions_llama/completion_H_t0.5_0.v,llama,H,0.5,0,0,0,0,NA,NA,NA
completions_llama/completion_H_t0.5_1.v,llama,H,0.5,1,0,0,0,NA,NA,NA
completions_llama/completion_H_t0.5_2.v,llama,H,0.5,2,0,0,0,NA,NA,NA
completions_llama/completion_H_t0.5_3.v,llama,H,0.5,3,0,0,0,NA,NA,NA
completions_llama/completion_H_t0.5_4.v,llama,H,0.5,4,0,0,0,NA,NA,NA
completions_llama/completion_H_t0.5_5.v,llama,H,0.5,5,0,0,0,NA,NA,NA
completions_llama/completion_H_t0.5_6.v,llama,H,0.5,6,0,0,0,NA,NA,NA
completions_llama/completion_H_t0.5_7.v,llama,H,0.5,7,0,0,0,NA,NA,NA
completions_llama/completion_H_t0.5_8.v,llama,H,0.5,8,0,0,0,NA,NA,NA
completions_llama/completion_H_t0.5_9.v,llama,H,0.5,9,0,0,0,NA,NA,NA
completions_llama/completion_H_t0.5_10.v,llama,H,0.5,10,0,0,0,NA,NA,NA
completions_llama/completion_H_t0.5_11.v,llama,H,0.5,11,0,0,0,NA,NA,NA
completions_llama/completion_H_t0.5_12.v,llama,H,0.5,12,0,0,0,NA,NA,NA
completions_llama/completion_H_t0.5_13.v,llama,H,0.5,13,0,0,0,NA,NA,NA
completions_llama/completion_H_t0.5_14.v,llama,H,0.5,14,0,0,0,NA,NA,NA
completions_llama/completion_H_t0.5_15.v,llama,H,0.5,15,0,0,0,NA,NA,NA
completions_llama/completion_H_t0.5_16.v,llama,H,0.5,16,0,0,0,NA,NA,NA
completions_llama/completion_H_t0.5_17.v,llama,H,0.5,17,0,0,0,NA,NA,NA
completions_llama/completion_H_t0.5_18.v,llama,H,0.5,18,0,0,0,NA,NA,NA
completions_llama/completion_H_t0.5_19.v,llama,H,0.5,19,0,0,0,NA,NA,NA
completions_llama/completion_H_t0.5_20.v,llama,H,0.5,20,0,0,0,NA,NA,NA
completions_llama/completion_H_t0.5_21.v,llama,H,0.5,21,0,0,0,NA,NA,NA
completions_llama/completion_H_t0.5_22.v,llama,H,0.5,22,0,0,0,NA,NA,NA
completions_llama/completion_H_t0.5_23.v,llama,H,0.5,23,0,0,0,NA,NA,NA
completions_llama/completion_H_t0.5_24.v,llama,H,0.5,24,0,0,0,NA,NA,NA
completions_llama/completion_H_t0.5_25.v,llama,H,0.5,25,0,0,0,NA,NA,NA
completions_llama/completion_H_t0.5_26.v,llama,H,0.5,26,0,0,0,NA,NA,NA
completions_llama/completion_H_t0.5_27.v,llama,H,0.5,27,0,0,0,NA,NA,NA
completions_llama/completion_H_t0.5_28.v,llama,H,0.5,28,0,0,0,NA,NA,NA
completions_llama/completion_H_t0.5_29.v,llama,H,0.5,29,0,0,0,NA,NA,NA
completions_llama/completion_H_t0.5_30.v,llama,H,0.5,30,0,0,0,NA,NA,NA
completions_llama/completion_H_t0.5_31.v,llama,H,0.5,31,0,0,0,NA,NA,NA
completions_llama/completion_H_t0.5_32.v,llama,H,0.5,32,0,0,0,NA,NA,NA
completions_llama/completion_H_t0.5_33.v,llama,H,0.5,33,0,0,0,NA,NA,NA
completions_llama/completion_H_t0.5_34.v,llama,H,0.5,34,0,0,0,NA,NA,NA
completions_llama/completion_H_t0.5_35.v,llama,H,0.5,35,0,0,0,NA,NA,NA
completions_llama/completion_H_t0.5_36.v,llama,H,0.5,36,0,0,0,NA,NA,NA
completions_llama/completion_H_t0.5_37.v,llama,H,0.5,37,0,0,0,NA,NA,NA
completions_llama/completion_H_t0.5_38.v,llama,H,0.5,38,0,0,0,NA,NA,NA
completions_llama/completion_H_t0.5_39.v,llama,H,0.5,39,0,0,0,NA,NA,NA
completions_llama/completion_H_t0.5_40.v,llama,H,0.5,40,0,0,0,NA,NA,NA
completions_llama/completion_H_t0.5_41.v,llama,H,0.5,41,0,0,0,NA,NA,NA
completions_llama/completion_H_t0.5_42.v,llama,H,0.5,42,0,0,0,NA,NA,NA
completions_llama/completion_H_t0.5_43.v,llama,H,0.5,43,0,0,0,NA,NA,NA
completions_llama/completion_H_t0.5_44.v,llama,H,0.5,44,0,0,0,NA,NA,NA
completions_llama/completion_H_t0.5_45.v,llama,H,0.5,45,0,0,0,NA,NA,NA
completions_llama/completion_H_t0.5_46.v,llama,H,0.5,46,0,0,0,NA,NA,NA
completions_llama/completion_H_t0.5_47.v,llama,H,0.5,47,0,0,0,NA,NA,NA
completions_llama/completion_H_t0.5_48.v,llama,H,0.5,48,0,0,0,NA,NA,NA
completions_llama/completion_H_t0.5_49.v,llama,H,0.5,49,0,0,0,NA,NA,NA
completions_llama/completion_H_t0.5_50.v,llama,H,0.5,50,0,0,0,NA,NA,NA
completions_llama/completion_H_t0.5_51.v,llama,H,0.5,51,0,0,0,NA,NA,NA
completions_llama/completion_H_t0.5_52.v,llama,H,0.5,52,0,0,0,NA,NA,NA
completions_llama/completion_H_t0.5_53.v,llama,H,0.5,53,0,0,0,NA,NA,NA
completions_llama/completion_H_t0.5_54.v,llama,H,0.5,54,0,0,0,NA,NA,NA
completions_llama/completion_H_t0.5_55.v,llama,H,0.5,55,0,0,0,NA,NA,NA
completions_llama/completion_H_t0.5_56.v,llama,H,0.5,56,0,0,0,NA,NA,NA
completions_llama/completion_H_t0.5_57.v,llama,H,0.5,57,0,0,0,NA,NA,NA
completions_llama/completion_H_t0.5_58.v,llama,H,0.5,58,0,0,0,NA,NA,NA
completions_llama/completion_H_t0.5_59.v,llama,H,0.5,59,0,0,0,NA,NA,NA
completions_llama/completion_H_t0.5_60.v,llama,H,0.5,60,0,0,0,NA,NA,NA
completions_llama/completion_H_t0.5_61.v,llama,H,0.5,61,0,0,0,NA,NA,NA
completions_llama/completion_H_t0.5_62.v,llama,H,0.5,62,0,0,0,NA,NA,NA
completions_llama/completion_H_t0.5_63.v,llama,H,0.5,63,0,0,0,NA,NA,NA
completions_llama/completion_H_t0.5_64.v,llama,H,0.5,64,0,0,0,NA,NA,NA
completions_llama/completion_H_t0.5_65.v,llama,H,0.5,65,0,0,0,NA,NA,NA
completions_llama/completion_H_t0.5_66.v,llama,H,0.5,66,0,0,0,NA,NA,NA
completions_llama/completion_H_t0.5_67.v,llama,H,0.5,67,0,0,0,NA,NA,NA
completions_llama/completion_H_t0.5_68.v,llama,H,0.5,68,0,0,0,NA,NA,NA
completions_llama/completion_H_t0.5_69.v,llama,H,0.5,69,0,0,0,NA,NA,NA
completions_llama/completion_H_t0.5_70.v,llama,H,0.5,70,0,0,0,NA,NA,NA
completions_llama/completion_H_t0.5_71.v,llama,H,0.5,71,0,0,0,NA,NA,NA
completions_llama/completion_H_t0.5_72.v,llama,H,0.5,72,0,0,0,NA,NA,NA
completions_llama/completion_H_t0.5_73.v,llama,H,0.5,73,0,0,0,NA,NA,NA
completions_llama/completion_H_t0.5_74.v,llama,H,0.5,74,0,0,0,NA,NA,NA
completions_llama/completion_H_t0.5_75.v,llama,H,0.5,75,0,0,0,NA,NA,NA
completions_llama/completion_H_t0.5_76.v,llama,H,0.5,76,0,0,0,NA,NA,NA
completions_llama/completion_H_t0.5_77.v,llama,H,0.5,77,0,0,0,NA,NA,NA
completions_llama/completion_H_t0.5_78.v,llama,H,0.5,78,0,0,0,NA,NA,NA
completions_llama/completion_H_t0.5_79.v,llama,H,0.5,79,0,0,0,NA,NA,NA
completions_llama/completion_H_t0.5_80.v,llama,H,0.5,80,0,0,0,NA,NA,NA
completions_llama/completion_H_t0.5_81.v,llama,H,0.5,81,0,0,0,NA,NA,NA
completions_llama/completion_H_t0.5_82.v,llama,H,0.5,82,0,0,0,NA,NA,NA
completions_llama/completion_H_t0.5_83.v,llama,H,0.5,83,0,0,0,NA,NA,NA
completions_llama/completion_H_t0.5_84.v,llama,H,0.5,84,0,0,0,NA,NA,NA
completions_llama/completion_H_t0.5_85.v,llama,H,0.5,85,0,0,0,NA,NA,NA
completions_llama/completion_H_t0.5_86.v,llama,H,0.5,86,0,0,0,NA,NA,NA
completions_llama/completion_H_t0.5_87.v,llama,H,0.5,87,0,0,0,NA,NA,NA
completions_llama/completion_H_t0.5_88.v,llama,H,0.5,88,0,0,0,NA,NA,NA
completions_llama/completion_H_t0.5_89.v,llama,H,0.5,89,0,0,0,NA,NA,NA
completions_llama/completion_H_t0.5_90.v,llama,H,0.5,90,0,0,0,NA,NA,NA
completions_llama/completion_H_t0.5_91.v,llama,H,0.5,91,0,0,0,NA,NA,NA
completions_llama/completion_H_t0.5_92.v,llama,H,0.5,92,0,0,0,NA,NA,NA
completions_llama/completion_H_t0.5_93.v,llama,H,0.5,93,0,0,0,NA,NA,NA
completions_llama/completion_H_t0.5_94.v,llama,H,0.5,94,0,0,0,NA,NA,NA
completions_llama/completion_H_t0.5_95.v,llama,H,0.5,95,0,0,0,NA,NA,NA
completions_llama/completion_H_t0.5_96.v,llama,H,0.5,96,0,0,0,NA,NA,NA
completions_llama/completion_H_t0.5_97.v,llama,H,0.5,97,0,0,0,NA,NA,NA
completions_llama/completion_H_t0.5_98.v,llama,H,0.5,98,0,0,0,NA,NA,NA
completions_llama/completion_H_t0.5_99.v,llama,H,0.5,99,0,0,0,NA,NA,NA
completions_llama/completion_H_t0.7_0.v,llama,H,0.7,0,0,0,0,NA,NA,NA
completions_llama/completion_H_t0.7_1.v,llama,H,0.7,1,0,0,0,NA,NA,NA
completions_llama/completion_H_t0.7_2.v,llama,H,0.7,2,0,0,0,NA,NA,NA
completions_llama/completion_H_t0.7_3.v,llama,H,0.7,3,0,0,0,NA,NA,NA
completions_llama/completion_H_t0.7_4.v,llama,H,0.7,4,0,0,0,NA,NA,NA
completions_llama/completion_H_t0.7_5.v,llama,H,0.7,5,0,0,0,NA,NA,NA
completions_llama/completion_H_t0.7_6.v,llama,H,0.7,6,0,0,0,NA,NA,NA
completions_llama/completion_H_t0.7_7.v,llama,H,0.7,7,0,0,0,NA,NA,NA
completions_llama/completion_H_t0.7_8.v,llama,H,0.7,8,0,0,0,NA,NA,NA
completions_llama/completion_H_t0.7_9.v,llama,H,0.7,9,0,0,0,NA,NA,NA
completions_llama/completion_H_t0.7_10.v,llama,H,0.7,10,0,0,0,NA,NA,NA
completions_llama/completion_H_t0.7_11.v,llama,H,0.7,11,0,0,0,NA,NA,NA
completions_llama/completion_H_t0.7_12.v,llama,H,0.7,12,0,0,0,NA,NA,NA
completions_llama/completion_H_t0.7_13.v,llama,H,0.7,13,0,0,0,NA,NA,NA
completions_llama/completion_H_t0.7_14.v,llama,H,0.7,14,0,0,0,NA,NA,NA
completions_llama/completion_H_t0.7_15.v,llama,H,0.7,15,0,0,0,NA,NA,NA
completions_llama/completion_H_t0.7_16.v,llama,H,0.7,16,0,0,0,NA,NA,NA
completions_llama/completion_H_t0.7_17.v,llama,H,0.7,17,0,0,0,NA,NA,NA
completions_llama/completion_H_t0.7_18.v,llama,H,0.7,18,0,0,0,NA,NA,NA
completions_llama/completion_H_t0.7_19.v,llama,H,0.7,19,0,0,0,NA,NA,NA
completions_llama/completion_H_t0.7_20.v,llama,H,0.7,20,0,0,0,NA,NA,NA
completions_llama/completion_H_t0.7_21.v,llama,H,0.7,21,0,0,0,NA,NA,NA
completions_llama/completion_H_t0.7_22.v,llama,H,0.7,22,0,0,0,NA,NA,NA
completions_llama/completion_H_t0.7_23.v,llama,H,0.7,23,0,0,0,NA,NA,NA
completions_llama/completion_H_t0.7_24.v,llama,H,0.7,24,0,0,0,NA,NA,NA
completions_llama/completion_H_t0.7_25.v,llama,H,0.7,25,0,0,0,NA,NA,NA
completions_llama/completion_H_t0.7_26.v,llama,H,0.7,26,0,0,0,NA,NA,NA
completions_llama/completion_H_t0.7_27.v,llama,H,0.7,27,0,0,0,NA,NA,NA
completions_llama/completion_H_t0.7_28.v,llama,H,0.7,28,0,0,0,NA,NA,NA
completions_llama/completion_H_t0.7_29.v,llama,H,0.7,29,0,0,0,NA,NA,NA
completions_llama/completion_H_t0.7_30.v,llama,H,0.7,30,0,0,0,NA,NA,NA
completions_llama/completion_H_t0.7_31.v,llama,H,0.7,31,0,0,0,NA,NA,NA
completions_llama/completion_H_t0.7_32.v,llama,H,0.7,32,0,0,0,NA,NA,NA
completions_llama/completion_H_t0.7_33.v,llama,H,0.7,33,0,0,0,NA,NA,NA
completions_llama/completion_H_t0.7_34.v,llama,H,0.7,34,0,0,0,NA,NA,NA
completions_llama/completion_H_t0.7_35.v,llama,H,0.7,35,0,0,0,NA,NA,NA
completions_llama/completion_H_t0.7_36.v,llama,H,0.7,36,0,0,0,NA,NA,NA
completions_llama/completion_H_t0.7_37.v,llama,H,0.7,37,0,0,0,NA,NA,NA
completions_llama/completion_H_t0.7_38.v,llama,H,0.7,38,0,0,0,NA,NA,NA
completions_llama/completion_H_t0.7_39.v,llama,H,0.7,39,0,0,0,NA,NA,NA
completions_llama/completion_H_t0.7_40.v,llama,H,0.7,40,0,0,0,NA,NA,NA
completions_llama/completion_H_t0.7_41.v,llama,H,0.7,41,0,0,0,NA,NA,NA
completions_llama/completion_H_t0.7_42.v,llama,H,0.7,42,0,0,0,NA,NA,NA
completions_llama/completion_H_t0.7_43.v,llama,H,0.7,43,0,0,0,NA,NA,NA
completions_llama/completion_H_t0.7_44.v,llama,H,0.7,44,0,0,0,NA,NA,NA
completions_llama/completion_H_t0.7_45.v,llama,H,0.7,45,0,0,0,NA,NA,NA
completions_llama/completion_H_t0.7_46.v,llama,H,0.7,46,0,0,0,NA,NA,NA
completions_llama/completion_H_t0.7_47.v,llama,H,0.7,47,0,0,0,NA,NA,NA
completions_llama/completion_H_t0.7_48.v,llama,H,0.7,48,0,0,0,NA,NA,NA
completions_llama/completion_H_t0.7_49.v,llama,H,0.7,49,0,0,0,NA,NA,NA
completions_llama/completion_H_t0.7_50.v,llama,H,0.7,50,0,0,0,NA,NA,NA
completions_llama/completion_H_t0.7_51.v,llama,H,0.7,51,0,0,0,NA,NA,NA
completions_llama/completion_H_t0.7_52.v,llama,H,0.7,52,0,0,0,NA,NA,NA
completions_llama/completion_H_t0.7_53.v,llama,H,0.7,53,0,0,0,NA,NA,NA
completions_llama/completion_H_t0.7_54.v,llama,H,0.7,54,0,0,0,NA,NA,NA
completions_llama/completion_H_t0.7_55.v,llama,H,0.7,55,0,0,0,NA,NA,NA
completions_llama/completion_H_t0.7_56.v,llama,H,0.7,56,0,0,0,NA,NA,NA
completions_llama/completion_H_t0.7_57.v,llama,H,0.7,57,0,0,0,NA,NA,NA
completions_llama/completion_H_t0.7_58.v,llama,H,0.7,58,0,0,0,NA,NA,NA
completions_llama/completion_H_t0.7_59.v,llama,H,0.7,59,0,0,0,NA,NA,NA
completions_llama/completion_H_t0.7_60.v,llama,H,0.7,60,0,0,0,NA,NA,NA
completions_llama/completion_H_t0.7_61.v,llama,H,0.7,61,0,0,0,NA,NA,NA
completions_llama/completion_H_t0.7_62.v,llama,H,0.7,62,0,0,0,NA,NA,NA
completions_llama/completion_H_t0.7_63.v,llama,H,0.7,63,0,0,0,NA,NA,NA
completions_llama/completion_H_t0.7_64.v,llama,H,0.7,64,0,0,0,NA,NA,NA
completions_llama/completion_H_t0.7_65.v,llama,H,0.7,65,0,0,0,NA,NA,NA
completions_llama/completion_H_t0.7_66.v,llama,H,0.7,66,0,0,0,NA,NA,NA
completions_llama/completion_H_t0.7_67.v,llama,H,0.7,67,0,0,0,NA,NA,NA
completions_llama/completion_H_t0.7_68.v,llama,H,0.7,68,0,0,0,NA,NA,NA
completions_llama/completion_H_t0.7_69.v,llama,H,0.7,69,0,0,0,NA,NA,NA
completions_llama/completion_H_t0.7_70.v,llama,H,0.7,70,0,0,0,NA,NA,NA
completions_llama/completion_H_t0.7_71.v,llama,H,0.7,71,0,0,0,NA,NA,NA
completions_llama/completion_H_t0.7_72.v,llama,H,0.7,72,0,0,0,NA,NA,NA
completions_llama/completion_H_t0.7_73.v,llama,H,0.7,73,0,0,0,NA,NA,NA
completions_llama/completion_H_t0.7_74.v,llama,H,0.7,74,0,0,0,NA,NA,NA
completions_llama/completion_H_t0.7_75.v,llama,H,0.7,75,0,0,0,NA,NA,NA
completions_llama/completion_H_t0.7_76.v,llama,H,0.7,76,0,0,0,NA,NA,NA
completions_llama/completion_H_t0.7_77.v,llama,H,0.7,77,0,0,0,NA,NA,NA
completions_llama/completion_H_t0.7_78.v,llama,H,0.7,78,0,0,0,NA,NA,NA
completions_llama/completion_H_t0.7_79.v,llama,H,0.7,79,0,0,0,NA,NA,NA
completions_llama/completion_H_t0.7_80.v,llama,H,0.7,80,0,0,0,NA,NA,NA
completions_llama/completion_H_t0.7_81.v,llama,H,0.7,81,0,0,0,NA,NA,NA
completions_llama/completion_H_t0.7_82.v,llama,H,0.7,82,0,0,0,NA,NA,NA
completions_llama/completion_H_t0.7_83.v,llama,H,0.7,83,0,0,0,NA,NA,NA
completions_llama/completion_H_t0.7_84.v,llama,H,0.7,84,0,0,0,NA,NA,NA
completions_llama/completion_H_t0.7_85.v,llama,H,0.7,85,0,0,0,NA,NA,NA
completions_llama/completion_H_t0.7_86.v,llama,H,0.7,86,0,0,0,NA,NA,NA
completions_llama/completion_H_t0.7_87.v,llama,H,0.7,87,0,0,0,NA,NA,NA
completions_llama/completion_H_t0.7_88.v,llama,H,0.7,88,0,0,0,NA,NA,NA
completions_llama/completion_H_t0.7_89.v,llama,H,0.7,89,0,0,0,NA,NA,NA
completions_llama/completion_H_t0.7_90.v,llama,H,0.7,90,0,0,0,NA,NA,NA
completions_llama/completion_H_t0.7_91.v,llama,H,0.7,91,0,0,0,NA,NA,NA
completions_llama/completion_H_t0.7_92.v,llama,H,0.7,92,0,0,0,NA,NA,NA
completions_llama/completion_H_t0.7_93.v,llama,H,0.7,93,0,0,0,NA,NA,NA
completions_llama/completion_H_t0.7_94.v,llama,H,0.7,94,0,0,0,NA,NA,NA
completions_llama/completion_H_t0.7_95.v,llama,H,0.7,95,0,0,0,NA,NA,NA
completions_llama/completion_H_t0.7_96.v,llama,H,0.7,96,0,0,0,NA,NA,NA
completions_llama/completion_H_t0.7_97.v,llama,H,0.7,97,0,0,0,NA,NA,NA
completions_llama/completion_H_t0.7_98.v,llama,H,0.7,98,0,0,0,NA,NA,NA
completions_llama/completion_H_t0.7_99.v,llama,H,0.7,99,0,0,0,NA,NA,NA
completions_llama/completion_H_t1.0_0.v,llama,H,1.0,0,0,0,0,NA,NA,NA
completions_llama/completion_H_t1.0_1.v,llama,H,1.0,1,0,0,0,NA,NA,NA
completions_llama/completion_H_t1.0_2.v,llama,H,1.0,2,0,0,0,NA,NA,NA
completions_llama/completion_H_t1.0_3.v,llama,H,1.0,3,0,0,0,NA,NA,NA
completions_llama/completion_H_t1.0_4.v,llama,H,1.0,4,0,0,0,NA,NA,NA
completions_llama/completion_H_t1.0_5.v,llama,H,1.0,5,0,0,0,NA,NA,NA
completions_llama/completion_H_t1.0_6.v,llama,H,1.0,6,0,0,0,NA,NA,NA
completions_llama/completion_H_t1.0_7.v,llama,H,1.0,7,0,0,0,NA,NA,NA
completions_llama/completion_H_t1.0_8.v,llama,H,1.0,8,0,0,0,NA,NA,NA
completions_llama/completion_H_t1.0_9.v,llama,H,1.0,9,0,0,0,NA,NA,NA
completions_llama/completion_H_t1.0_10.v,llama,H,1.0,10,0,0,0,NA,NA,NA
completions_llama/completion_H_t1.0_11.v,llama,H,1.0,11,0,0,0,NA,NA,NA
completions_llama/completion_H_t1.0_12.v,llama,H,1.0,12,0,0,0,NA,NA,NA
completions_llama/completion_H_t1.0_13.v,llama,H,1.0,13,0,0,0,NA,NA,NA
completions_llama/completion_H_t1.0_14.v,llama,H,1.0,14,0,0,0,NA,NA,NA
completions_llama/completion_H_t1.0_15.v,llama,H,1.0,15,0,0,0,NA,NA,NA
completions_llama/completion_H_t1.0_16.v,llama,H,1.0,16,0,0,0,NA,NA,NA
completions_llama/completion_H_t1.0_17.v,llama,H,1.0,17,0,0,0,NA,NA,NA
completions_llama/completion_H_t1.0_18.v,llama,H,1.0,18,0,0,0,NA,NA,NA
completions_llama/completion_H_t1.0_19.v,llama,H,1.0,19,0,0,0,NA,NA,NA
completions_llama/completion_H_t1.0_20.v,llama,H,1.0,20,0,0,0,NA,NA,NA
completions_llama/completion_H_t1.0_21.v,llama,H,1.0,21,0,0,0,NA,NA,NA
completions_llama/completion_H_t1.0_22.v,llama,H,1.0,22,0,0,0,NA,NA,NA
completions_llama/completion_H_t1.0_23.v,llama,H,1.0,23,0,0,0,NA,NA,NA
completions_llama/completion_H_t1.0_24.v,llama,H,1.0,24,0,0,0,NA,NA,NA
completions_llama/completion_H_t1.0_25.v,llama,H,1.0,25,0,0,0,NA,NA,NA
completions_llama/completion_H_t1.0_26.v,llama,H,1.0,26,0,0,0,NA,NA,NA
completions_llama/completion_H_t1.0_27.v,llama,H,1.0,27,0,0,0,NA,NA,NA
completions_llama/completion_H_t1.0_28.v,llama,H,1.0,28,0,0,0,NA,NA,NA
completions_llama/completion_H_t1.0_29.v,llama,H,1.0,29,0,0,0,NA,NA,NA
completions_llama/completion_H_t1.0_30.v,llama,H,1.0,30,0,0,0,NA,NA,NA
completions_llama/completion_H_t1.0_31.v,llama,H,1.0,31,0,0,0,NA,NA,NA
completions_llama/completion_H_t1.0_32.v,llama,H,1.0,32,0,0,0,NA,NA,NA
completions_llama/completion_H_t1.0_33.v,llama,H,1.0,33,0,0,0,NA,NA,NA
completions_llama/completion_H_t1.0_34.v,llama,H,1.0,34,0,0,0,NA,NA,NA
completions_llama/completion_H_t1.0_35.v,llama,H,1.0,35,0,0,0,NA,NA,NA
completions_llama/completion_H_t1.0_36.v,llama,H,1.0,36,0,0,0,NA,NA,NA
completions_llama/completion_H_t1.0_37.v,llama,H,1.0,37,0,0,0,NA,NA,NA
completions_llama/completion_H_t1.0_38.v,llama,H,1.0,38,0,0,0,NA,NA,NA
completions_llama/completion_H_t1.0_39.v,llama,H,1.0,39,0,0,0,NA,NA,NA
completions_llama/completion_H_t1.0_40.v,llama,H,1.0,40,0,0,0,NA,NA,NA
completions_llama/completion_H_t1.0_41.v,llama,H,1.0,41,0,0,0,NA,NA,NA
completions_llama/completion_H_t1.0_42.v,llama,H,1.0,42,0,0,0,NA,NA,NA
completions_llama/completion_H_t1.0_43.v,llama,H,1.0,43,0,0,0,NA,NA,NA
completions_llama/completion_H_t1.0_44.v,llama,H,1.0,44,0,0,0,NA,NA,NA
completions_llama/completion_H_t1.0_45.v,llama,H,1.0,45,0,0,0,NA,NA,NA
completions_llama/completion_H_t1.0_46.v,llama,H,1.0,46,0,0,0,NA,NA,NA
completions_llama/completion_H_t1.0_47.v,llama,H,1.0,47,0,0,0,NA,NA,NA
completions_llama/completion_H_t1.0_48.v,llama,H,1.0,48,0,0,0,NA,NA,NA
completions_llama/completion_H_t1.0_49.v,llama,H,1.0,49,0,0,0,NA,NA,NA
completions_llama/completion_H_t1.0_50.v,llama,H,1.0,50,0,0,0,NA,NA,NA
completions_llama/completion_H_t1.0_51.v,llama,H,1.0,51,0,0,0,NA,NA,NA
completions_llama/completion_H_t1.0_52.v,llama,H,1.0,52,0,0,0,NA,NA,NA
completions_llama/completion_H_t1.0_53.v,llama,H,1.0,53,0,0,0,NA,NA,NA
completions_llama/completion_H_t1.0_54.v,llama,H,1.0,54,0,0,0,NA,NA,NA
completions_llama/completion_H_t1.0_55.v,llama,H,1.0,55,0,0,0,NA,NA,NA
completions_llama/completion_H_t1.0_56.v,llama,H,1.0,56,0,0,0,NA,NA,NA
completions_llama/completion_H_t1.0_57.v,llama,H,1.0,57,0,0,0,NA,NA,NA
completions_llama/completion_H_t1.0_58.v,llama,H,1.0,58,0,0,0,NA,NA,NA
completions_llama/completion_H_t1.0_59.v,llama,H,1.0,59,0,0,0,NA,NA,NA
completions_llama/completion_H_t1.0_60.v,llama,H,1.0,60,0,0,0,NA,NA,NA
completions_llama/completion_H_t1.0_61.v,llama,H,1.0,61,0,0,0,NA,NA,NA
completions_llama/completion_H_t1.0_62.v,llama,H,1.0,62,0,0,0,NA,NA,NA
completions_llama/completion_H_t1.0_63.v,llama,H,1.0,63,0,0,0,NA,NA,NA
completions_llama/completion_H_t1.0_64.v,llama,H,1.0,64,0,0,0,NA,NA,NA
completions_llama/completion_H_t1.0_65.v,llama,H,1.0,65,0,0,0,NA,NA,NA
completions_llama/completion_H_t1.0_66.v,llama,H,1.0,66,0,0,0,NA,NA,NA
completions_llama/completion_H_t1.0_67.v,llama,H,1.0,67,0,0,0,NA,NA,NA
completions_llama/completion_H_t1.0_68.v,llama,H,1.0,68,0,0,0,NA,NA,NA
completions_llama/completion_H_t1.0_69.v,llama,H,1.0,69,0,0,0,NA,NA,NA
completions_llama/completion_H_t1.0_70.v,llama,H,1.0,70,0,0,0,NA,NA,NA
completions_llama/completion_H_t1.0_71.v,llama,H,1.0,71,0,0,0,NA,NA,NA
completions_llama/completion_H_t1.0_72.v,llama,H,1.0,72,0,0,0,NA,NA,NA
completions_llama/completion_H_t1.0_73.v,llama,H,1.0,73,0,0,0,NA,NA,NA
completions_llama/completion_H_t1.0_74.v,llama,H,1.0,74,0,0,0,NA,NA,NA
completions_llama/completion_H_t1.0_75.v,llama,H,1.0,75,0,0,0,NA,NA,NA
completions_llama/completion_H_t1.0_76.v,llama,H,1.0,76,0,0,0,NA,NA,NA
completions_llama/completion_H_t1.0_77.v,llama,H,1.0,77,0,0,0,NA,NA,NA
completions_llama/completion_H_t1.0_78.v,llama,H,1.0,78,0,0,0,NA,NA,NA
completions_llama/completion_H_t1.0_79.v,llama,H,1.0,79,0,0,0,NA,NA,NA
completions_llama/completion_H_t1.0_80.v,llama,H,1.0,80,0,0,0,NA,NA,NA
completions_llama/completion_H_t1.0_81.v,llama,H,1.0,81,0,0,0,NA,NA,NA
completions_llama/completion_H_t1.0_82.v,llama,H,1.0,82,0,0,0,NA,NA,NA
completions_llama/completion_H_t1.0_83.v,llama,H,1.0,83,0,0,0,NA,NA,NA
completions_llama/completion_H_t1.0_84.v,llama,H,1.0,84,0,0,0,NA,NA,NA
completions_llama/completion_H_t1.0_85.v,llama,H,1.0,85,0,0,0,NA,NA,NA
completions_llama/completion_H_t1.0_86.v,llama,H,1.0,86,0,0,0,NA,NA,NA
completions_llama/completion_H_t1.0_87.v,llama,H,1.0,87,0,0,0,NA,NA,NA
completions_llama/completion_H_t1.0_88.v,llama,H,1.0,88,0,0,0,NA,NA,NA
completions_llama/completion_H_t1.0_89.v,llama,H,1.0,89,0,0,0,NA,NA,NA
completions_llama/completion_H_t1.0_90.v,llama,H,1.0,90,0,0,0,NA,NA,NA
completions_llama/completion_H_t1.0_91.v,llama,H,1.0,91,0,0,0,NA,NA,NA
completions_llama/completion_H_t1.0_92.v,llama,H,1.0,92,0,0,0,NA,NA,NA
completions_llama/completion_H_t1.0_93.v,llama,H,1.0,93,0,0,0,NA,NA,NA
completions_llama/completion_H_t1.0_94.v,llama,H,1.0,94,0,0,0,NA,NA,NA
completions_llama/completion_H_t1.0_95.v,llama,H,1.0,95,0,0,0,NA,NA,NA
completions_llama/completion_H_t1.0_96.v,llama,H,1.0,96,0,0,0,NA,NA,NA
completions_llama/completion_H_t1.0_97.v,llama,H,1.0,97,0,0,0,NA,NA,NA
completions_llama/completion_H_t1.0_98.v,llama,H,1.0,98,0,0,0,NA,NA,NA
completions_llama/completion_H_t1.0_99.v,llama,H,1.0,99,0,0,0,NA,NA,NA
completions_mistral/completion_L_t0.1_0.v,mistral,L,0.1,0,1,1,0,"40FCAB08216DE04F376E3B42ABAC4AC3
",2548,57.999361
completions_mistral/completion_L_t0.1_1.v,mistral,L,0.1,1,1,1,0,"4D9C48FCA9024703E66F5A045B4344A3
",2527,302.776323
completions_mistral/completion_L_t0.1_2.v,mistral,L,0.1,2,1,1,0,"4D9C48FCA9024703E66F5A045B4344A3
",2527,302.776323
completions_mistral/completion_L_t0.1_3.v,mistral,L,0.1,3,0,0,0,NA,NA,NA
completions_mistral/completion_L_t0.1_4.v,mistral,L,0.1,4,1,1,0,"D093E254A90F691586B79CB8FA2CC9BB
",2535,302.776323
completions_mistral/completion_L_t0.1_5.v,mistral,L,0.1,5,1,1,0,"4D9C48FCA9024703E66F5A045B4344A3
",2527,302.776323
completions_mistral/completion_L_t0.1_6.v,mistral,L,0.1,6,1,1,0,"4D9C48FCA9024703E66F5A045B4344A3
",2527,302.776323
completions_mistral/completion_L_t0.1_7.v,mistral,L,0.1,7,1,1,0,"F7176DB018731FC4901E0122179A5840
",2543,NA
completions_mistral/completion_L_t0.1_8.v,mistral,L,0.1,8,0,0,0,NA,NA,NA
completions_mistral/completion_L_t0.1_9.v,mistral,L,0.1,9,1,1,0,"40FCAB7D216DB54F377C3B4210AC4A1D
",2523,53.526528
completions_mistral/completion_L_t0.1_10.v,mistral,L,0.1,10,0,0,0,NA,NA,NA
completions_mistral/completion_L_t0.1_11.v,mistral,L,0.1,11,0,0,0,NA,NA,NA
completions_mistral/completion_L_t0.1_12.v,mistral,L,0.1,12,1,1,0,"D093E254A90F691586B79CB8FA2CC9BB
",2535,302.776323
completions_mistral/completion_L_t0.1_13.v,mistral,L,0.1,13,1,1,0,"4D9C48FCA9024703E66F5A045B4344A3
",2527,302.776323
completions_mistral/completion_L_t0.1_14.v,mistral,L,0.1,14,1,1,0,"D093E254A90F691586B79CB8FA2CC9BB
",2535,302.776323
completions_mistral/completion_L_t0.1_15.v,mistral,L,0.1,15,1,1,0,"D093E254A90F691586B79CB8FA2CC9BB
",2535,302.776323
completions_mistral/completion_L_t0.1_16.v,mistral,L,0.1,16,0,0,0,NA,NA,NA
completions_mistral/completion_L_t0.1_17.v,mistral,L,0.1,17,1,1,0,"4D9C48FCA9024703E66F5A045B4344A3
",2527,302.776323
completions_mistral/completion_L_t0.1_18.v,mistral,L,0.1,18,1,1,0,"D093E254A90F691586B79CB8FA2CC9BB
",2535,302.776323
completions_mistral/completion_L_t0.1_19.v,mistral,L,0.1,19,0,0,0,NA,NA,NA
completions_mistral/completion_L_t0.1_20.v,mistral,L,0.1,20,1,1,0,"D093E254A90F691586B79CB8FA2CC9BB
",2535,302.776323
completions_mistral/completion_L_t0.1_21.v,mistral,L,0.1,21,1,1,0,"D093E254A90F691586B79CB8FA2CC9BB
",2535,302.776323
completions_mistral/completion_L_t0.1_22.v,mistral,L,0.1,22,0,0,0,NA,NA,NA
completions_mistral/completion_L_t0.1_23.v,mistral,L,0.1,23,1,1,0,"40FCAB54216DCB4F37323B429DAC4AC3
",2539,36.421632
completions_mistral/completion_L_t0.1_24.v,mistral,L,0.1,24,1,1,0,"D093E254A90F691586B79CB8FA2CC9BB
",2535,302.776323
completions_mistral/completion_L_t0.1_25.v,mistral,L,0.1,25,1,1,0,"4D9C48FCA9024703E66F5A045B4344A3
",2527,302.776323
completions_mistral/completion_L_t0.1_26.v,mistral,L,0.1,26,1,1,0,"D093E254A90F691586B79CB8FA2CC9BB
",2535,302.776323
completions_mistral/completion_L_t0.1_27.v,mistral,L,0.1,27,1,1,0,"8CFC9FA20793B8B2A77A27C307E13D15
",2527,294.027267
completions_mistral/completion_L_t0.1_28.v,mistral,L,0.1,28,1,1,0,"8C5A05916D435A340325D27B959F329F
",2506,64.585728
completions_mistral/completion_L_t0.1_29.v,mistral,L,0.1,29,1,1,0,"446D8FE54A925F6C0372659C4DC45434
",2524,302.776323
completions_mistral/completion_L_t0.1_30.v,mistral,L,0.1,30,0,0,0,NA,NA,NA
completions_mistral/completion_L_t0.1_31.v,mistral,L,0.1,31,0,0,0,NA,NA,NA
completions_mistral/completion_L_t0.1_32.v,mistral,L,0.1,32,1,1,0,"D093E254A90F691586B79CB8FA2CC9BB
",2535,302.776323
completions_mistral/completion_L_t0.1_33.v,mistral,L,0.1,33,0,0,0,NA,NA,NA
completions_mistral/completion_L_t0.1_34.v,mistral,L,0.1,34,0,0,0,NA,NA,NA
completions_mistral/completion_L_t0.1_35.v,mistral,L,0.1,35,1,1,0,"4D9C48FCA9024703E66F5A045B4344A3
",2527,302.776323
completions_mistral/completion_L_t0.1_36.v,mistral,L,0.1,36,1,1,0,"D093E254A90F691586B79CB8FA2CC9BB
",2535,302.776323
completions_mistral/completion_L_t0.1_37.v,mistral,L,0.1,37,1,1,0,"4D9C48FCA9024703E66F5A045B4344A3
",2527,302.776323
completions_mistral/completion_L_t0.1_38.v,mistral,L,0.1,38,0,0,0,NA,NA,NA
completions_mistral/completion_L_t0.1_39.v,mistral,L,0.1,39,0,0,0,NA,NA,NA
completions_mistral/completion_L_t0.1_40.v,mistral,L,0.1,40,0,0,0,NA,NA,NA
completions_mistral/completion_L_t0.1_41.v,mistral,L,0.1,41,1,1,0,"F7176DB018731FC4901E0122179A5840
",2543,NA
completions_mistral/completion_L_t0.1_42.v,mistral,L,0.1,42,1,1,0,"446D8FE54A925F6C0372659C4DC45434
",2524,302.776323
completions_mistral/completion_L_t0.1_43.v,mistral,L,0.1,43,1,1,0,"D093E254A90F691586B79CB8FA2CC9BB
",2535,302.776323
completions_mistral/completion_L_t0.1_44.v,mistral,L,0.1,44,1,1,0,"D093E254A90F691586B79CB8FA2CC9BB
",2535,302.776323
completions_mistral/completion_L_t0.1_45.v,mistral,L,0.1,45,1,1,0,"D093E254A90F691586B79CB8FA2CC9BB
",2535,302.776323
completions_mistral/completion_L_t0.1_46.v,mistral,L,0.1,46,1,1,0,"D093E254A90F691586B79CB8FA2CC9BB
",2535,302.776323
completions_mistral/completion_L_t0.1_47.v,mistral,L,0.1,47,1,1,0,"F7176DB018731FC4901E0122179A5840
",2543,NA
completions_mistral/completion_L_t0.1_48.v,mistral,L,0.1,48,0,0,0,NA,NA,NA
completions_mistral/completion_L_t0.1_49.v,mistral,L,0.1,49,1,1,0,"80BD3D80FA9D34AE3B38ACD6E6325E39
",2532,338.755587
completions_mistral/completion_L_t0.1_50.v,mistral,L,0.1,50,0,0,0,NA,NA,NA
completions_mistral/completion_L_t0.1_51.v,mistral,L,0.1,51,1,1,0,"D093E254A90F691586B79CB8FA2CC9BB
",2535,302.776323
completions_mistral/completion_L_t0.1_52.v,mistral,L,0.1,52,1,1,0,"4D9C48FCA9024703E66F5A045B4344A3
",2527,302.776323
completions_mistral/completion_L_t0.1_53.v,mistral,L,0.1,53,1,1,0,"4D9C48FCA9024703E66F5A045B4344A3
",2527,302.776323
completions_mistral/completion_L_t0.1_54.v,mistral,L,0.1,54,0,0,0,NA,NA,NA
completions_mistral/completion_L_t0.1_55.v,mistral,L,0.1,55,1,1,0,"F7176DB018731FC4901E0122179A5840
",2543,NA
completions_mistral/completion_L_t0.1_56.v,mistral,L,0.1,56,1,1,0,"8EDA6DB0E7731FBE901EDEE1175A1940
",2539,126.812161
completions_mistral/completion_L_t0.1_57.v,mistral,L,0.1,57,0,0,0,NA,NA,NA
completions_mistral/completion_L_t0.1_58.v,mistral,L,0.1,58,1,1,0,"446D8FE54A925F6C0372659C4DC45434
",2524,302.776323
completions_mistral/completion_L_t0.1_59.v,mistral,L,0.1,59,0,0,0,NA,NA,NA
completions_mistral/completion_L_t0.1_60.v,mistral,L,0.1,60,1,1,0,"8CFC9FA20793B8B2A77A27C307E13D15
",2527,294.027267
completions_mistral/completion_L_t0.1_61.v,mistral,L,0.1,61,1,1,0,"4D9C48FCA9024703E66F5A045B4344A3
",2527,302.776323
completions_mistral/completion_L_t0.1_62.v,mistral,L,0.1,62,1,1,0,"D093E254A90F691586B79CB8FA2CC9BB
",2535,302.776323
completions_mistral/completion_L_t0.1_63.v,mistral,L,0.1,63,1,1,0,"D093E254A90F691586B79CB8FA2CC9BB
",2535,302.776323
completions_mistral/completion_L_t0.1_64.v,mistral,L,0.1,64,1,1,0,"F0BCE923B3050FCA29AD6E220E17E5AC
",2499,275.103747
completions_mistral/completion_L_t0.1_65.v,mistral,L,0.1,65,1,1,0,"D093E254A90F691586B79CB8FA2CC9BB
",2535,302.776323
completions_mistral/completion_L_t0.1_66.v,mistral,L,0.1,66,0,0,0,NA,NA,NA
completions_mistral/completion_L_t0.1_67.v,mistral,L,0.1,67,1,1,0,"4D9C48FCA9024703E66F5A045B4344A3
",2527,302.776323
completions_mistral/completion_L_t0.1_68.v,mistral,L,0.1,68,0,0,0,NA,NA,NA
completions_mistral/completion_L_t0.1_69.v,mistral,L,0.1,69,1,1,0,"40FCAB1B216D0A4F37403B42A7AC4AC3
",2536,48.365568
completions_mistral/completion_L_t0.1_70.v,mistral,L,0.1,70,1,1,0,"D093E254A90F691586B79CB8FA2CC9BB
",2535,302.776323
completions_mistral/completion_L_t0.1_71.v,mistral,L,0.1,71,1,1,0,"4D9C48FCA9024703E66F5A045B4344A3
",2527,302.776323
completions_mistral/completion_L_t0.1_72.v,mistral,L,0.1,72,1,1,0,"25E0FA6F175E96DD1F771F2691365EA1
",2535,138.903552
completions_mistral/completion_L_t0.1_73.v,mistral,L,0.1,73,1,1,0,"446D8FE54A925F6C0372659C4DC45434
",2524,302.776323
completions_mistral/completion_L_t0.1_74.v,mistral,L,0.1,74,1,1,0,"D093E254A90F691586B79CB8FA2CC9BB
",2535,302.776323
completions_mistral/completion_L_t0.1_75.v,mistral,L,0.1,75,1,1,0,"D093E254A90F691586B79CB8FA2CC9BB
",2535,302.776323
completions_mistral/completion_L_t0.1_76.v,mistral,L,0.1,76,1,1,0,"D093E254A90F691586B79CB8FA2CC9BB
",2535,302.776323
completions_mistral/completion_L_t0.1_77.v,mistral,L,0.1,77,1,1,0,"F7176DB018731FC4901E0122179A5840
",2543,NA
completions_mistral/completion_L_t0.1_78.v,mistral,L,0.1,78,1,1,0,"446D8FE54A925F6C0372659C4DC45434
",2524,302.776323
completions_mistral/completion_L_t0.1_79.v,mistral,L,0.1,79,1,1,0,"831A2AAAFFC013AD7A18FBBE1F6E6704
",2531,222.363648
completions_mistral/completion_L_t0.1_80.v,mistral,L,0.1,80,0,0,0,NA,NA,NA
completions_mistral/completion_L_t0.1_81.v,mistral,L,0.1,81,0,0,0,NA,NA,NA
completions_mistral/completion_L_t0.1_82.v,mistral,L,0.1,82,0,0,0,NA,NA,NA
completions_mistral/completion_L_t0.1_83.v,mistral,L,0.1,83,0,0,0,NA,NA,NA
completions_mistral/completion_L_t0.1_84.v,mistral,L,0.1,84,1,1,0,"F7176DB018731FC4901E0122179A5840
",2543,NA
completions_mistral/completion_L_t0.1_85.v,mistral,L,0.1,85,0,0,0,NA,NA,NA
completions_mistral/completion_L_t0.1_86.v,mistral,L,0.1,86,0,0,0,NA,NA,NA
completions_mistral/completion_L_t0.1_87.v,mistral,L,0.1,87,0,0,0,NA,NA,NA
completions_mistral/completion_L_t0.1_88.v,mistral,L,0.1,88,0,0,0,NA,NA,NA
completions_mistral/completion_L_t0.1_89.v,mistral,L,0.1,89,0,0,0,NA,NA,NA
completions_mistral/completion_L_t0.1_90.v,mistral,L,0.1,90,1,1,0,"D093E254A90F691586B79CB8FA2CC9BB
",2535,302.776323
completions_mistral/completion_L_t0.1_91.v,mistral,L,0.1,91,1,1,0,"D093E254A90F691586B79CB8FA2CC9BB
",2535,302.776323
completions_mistral/completion_L_t0.1_92.v,mistral,L,0.1,92,1,1,0,"D093E254A90F691586B79CB8FA2CC9BB
",2535,302.776323
completions_mistral/completion_L_t0.1_93.v,mistral,L,0.1,93,1,1,0,"D093E254A90F691586B79CB8FA2CC9BB
",2535,302.776323
completions_mistral/completion_L_t0.1_94.v,mistral,L,0.1,94,1,1,0,"40FCAB7D216DB54F377C3B4210AC4A1D
",2523,53.526528
completions_mistral/completion_L_t0.1_95.v,mistral,L,0.1,95,0,0,0,NA,NA,NA
completions_mistral/completion_L_t0.1_96.v,mistral,L,0.1,96,1,1,0,"D093E254A90F691586B79CB8FA2CC9BB
",2535,302.776323
completions_mistral/completion_L_t0.1_97.v,mistral,L,0.1,97,1,1,0,"446D8FE54A925F6C0372659C4DC45434
",2524,302.776323
completions_mistral/completion_L_t0.1_98.v,mistral,L,0.1,98,1,1,0,"D093E254A90F691586B79CB8FA2CC9BB
",2535,302.776323
completions_mistral/completion_L_t0.1_99.v,mistral,L,0.1,99,0,0,0,NA,NA,NA
completions_mistral/completion_L_t0.3_0.v,mistral,L,0.3,0,1,1,0,"A21CBE8A60376D2CB87BFA6D9203A0BF
",2535,302.776323
completions_mistral/completion_L_t0.3_1.v,mistral,L,0.3,1,1,1,0,"4D9C48FCA9024703E66F5A045B4344A3
",2527,302.776323
completions_mistral/completion_L_t0.3_2.v,mistral,L,0.3,2,1,1,0,"F7C263A81C97656ADB0118E4EEE7C05E
",2537,NA
completions_mistral/completion_L_t0.3_3.v,mistral,L,0.3,3,0,0,0,NA,NA,NA
completions_mistral/completion_L_t0.3_4.v,mistral,L,0.3,4,1,1,0,"40FCABB9216D284F377A3B425CAC4AC3
",2525,100.466689
completions_mistral/completion_L_t0.3_5.v,mistral,L,0.3,5,0,0,0,NA,NA,NA
completions_mistral/completion_L_t0.3_6.v,mistral,L,0.3,6,1,1,0,"16A793DE80912AD985DFA4B565DDC8E7
",2548,302.776323
completions_mistral/completion_L_t0.3_7.v,mistral,L,0.3,7,1,1,0,"A21CBE8A60376D2CB87BFA6D9203A0BF
",2535,302.776323
completions_mistral/completion_L_t0.3_8.v,mistral,L,0.3,8,0,0,0,NA,NA,NA
completions_mistral/completion_L_t0.3_9.v,mistral,L,0.3,9,1,1,0,"4D9C48FCA9024703E66F5A045B4344A3
",2527,302.776323
completions_mistral/completion_L_t0.3_10.v,mistral,L,0.3,10,0,0,0,NA,NA,NA
completions_mistral/completion_L_t0.3_11.v,mistral,L,0.3,11,0,0,0,NA,NA,NA
completions_mistral/completion_L_t0.3_12.v,mistral,L,0.3,12,1,1,0,"D093E254A90F691586B79CB8FA2CC9BB
",2535,302.776323
completions_mistral/completion_L_t0.3_13.v,mistral,L,0.3,13,1,1,0,"3CAA4C5B5B015EA1FFB72CBEB51848A7
",2517,164.757505
completions_mistral/completion_L_t0.3_14.v,mistral,L,0.3,14,1,1,0,"A8D67D60C1C264922ED4D6865B4420A7
",2534,231.997443
completions_mistral/completion_L_t0.3_15.v,mistral,L,0.3,15,1,1,0,"4D9C48FCA9024703E66F5A045B4344A3
",2527,302.776323
completions_mistral/completion_L_t0.3_16.v,mistral,L,0.3,16,1,1,0,"268CB7EC33B4863E53DA7C5FF7C2C9F6
",2575,302.776323
completions_mistral/completion_L_t0.3_17.v,mistral,L,0.3,17,1,1,0,"F7176DB018731FC4901E0122179A5840
",2543,NA
completions_mistral/completion_L_t0.3_18.v,mistral,L,0.3,18,1,1,0,"4D9C48FCA9024703E66F5A045B4344A3
",2527,302.776323
completions_mistral/completion_L_t0.3_19.v,mistral,L,0.3,19,1,1,0,"4D9C48FCA9024703E66F5A045B4344A3
",2527,302.776323
completions_mistral/completion_L_t0.3_20.v,mistral,L,0.3,20,1,1,0,"6C35FC106117A6B47DBA7D9DD738D2B3
",2541,302.776323
completions_mistral/completion_L_t0.3_21.v,mistral,L,0.3,21,1,1,0,"40FCAB9E216D294F37693B42D5AC4A0C
",2539,79.626240
completions_mistral/completion_L_t0.3_22.v,mistral,L,0.3,22,1,1,0,"D093E254A90F691586B79CB8FA2CC9BB
",2535,302.776323
completions_mistral/completion_L_t0.3_23.v,mistral,L,0.3,23,1,1,0,"4D9C48FCA9024703E66F5A045B4344A3
",2527,302.776323
completions_mistral/completion_L_t0.3_24.v,mistral,L,0.3,24,1,1,0,"C8F57C96ABC6F4C6D10FAA3FDA804104
",2542,78.299136
completions_mistral/completion_L_t0.3_25.v,mistral,L,0.3,25,1,1,0,"D4285AEEA08A045FE737F8B765183736
",2542,294.027267
completions_mistral/completion_L_t0.3_26.v,mistral,L,0.3,26,1,1,0,"12176DB018731F17901E632217805840
",2548,75.694081
completions_mistral/completion_L_t0.3_27.v,mistral,L,0.3,27,1,1,0,"BEE0DF0A6A959C5F6A4114554335EB6D
",2541,43.057152
completions_mistral/completion_L_t0.3_28.v,mistral,L,0.3,28,0,0,0,NA,NA,NA
completions_mistral/completion_L_t0.3_29.v,mistral,L,0.3,29,1,1,0,"F7176DB018731FC4901E0122179A5840
",2543,NA
completions_mistral/completion_L_t0.3_30.v,mistral,L,0.3,30,1,1,0,"253FE54433C4D6714D954ACECCF7BFB5
",2539,42.467328
completions_mistral/completion_L_t0.3_31.v,mistral,L,0.3,31,1,1,0,"4D9C48FCA9024703E66F5A045B4344A3
",2527,302.776323
completions_mistral/completion_L_t0.3_32.v,mistral,L,0.3,32,0,0,0,NA,NA,NA
completions_mistral/completion_L_t0.3_33.v,mistral,L,0.3,33,1,1,0,"BEE0DF0A6A959C5F6A4114554335EB6D
",2541,43.057152
completions_mistral/completion_L_t0.3_34.v,mistral,L,0.3,34,0,0,0,NA,NA,NA
completions_mistral/completion_L_t0.3_35.v,mistral,L,0.3,35,0,0,0,NA,NA,NA
completions_mistral/completion_L_t0.3_36.v,mistral,L,0.3,36,1,1,0,"A1E5632783B0BA76F1F2B58EF3347C8D
",2509,270.925827
completions_mistral/completion_L_t0.3_37.v,mistral,L,0.3,37,1,1,0,"40FCABA9216D7D4F37323B429DAC4AC3
",2537,0.000000
completions_mistral/completion_L_t0.3_38.v,mistral,L,0.3,38,0,0,0,NA,NA,NA
completions_mistral/completion_L_t0.3_39.v,mistral,L,0.3,39,0,0,0,NA,NA,NA
completions_mistral/completion_L_t0.3_40.v,mistral,L,0.3,40,0,0,0,NA,NA,NA
completions_mistral/completion_L_t0.3_41.v,mistral,L,0.3,41,0,0,0,NA,NA,NA
completions_mistral/completion_L_t0.3_42.v,mistral,L,0.3,42,0,0,0,NA,NA,NA
completions_mistral/completion_L_t0.3_43.v,mistral,L,0.3,43,1,1,0,"A21CBE8A60376D2CB87BFA6D9203A0BF
",2535,302.776323
completions_mistral/completion_L_t0.3_44.v,mistral,L,0.3,44,0,0,0,NA,NA,NA
completions_mistral/completion_L_t0.3_45.v,mistral,L,0.3,45,1,1,0,"12176DB018731F17901E632217805840
",2548,75.694081
completions_mistral/completion_L_t0.3_46.v,mistral,L,0.3,46,0,0,0,NA,NA,NA
completions_mistral/completion_L_t0.3_47.v,mistral,L,0.3,47,0,0,0,NA,NA,NA
completions_mistral/completion_L_t0.3_48.v,mistral,L,0.3,48,1,1,0,"5C3F05B05EDA1F10AE1E0EA117B2EA95
",2528,259.031041
completions_mistral/completion_L_t0.3_49.v,mistral,L,0.3,49,0,0,0,NA,NA,NA
completions_mistral/completion_L_t0.3_50.v,mistral,L,0.3,50,0,0,0,NA,NA,NA
completions_mistral/completion_L_t0.3_51.v,mistral,L,0.3,51,1,1,0,"4D9C48FCA9024703E66F5A045B4344A3
",2527,302.776323
completions_mistral/completion_L_t0.3_52.v,mistral,L,0.3,52,1,1,0,"9A14FD82DEC05F6C3E687E93253C63E1
",2534,174.784513
completions_mistral/completion_L_t0.3_53.v,mistral,L,0.3,53,1,1,0,"1B2C92928B946A69A917B99816B7C71D
",2562,444.579841
completions_mistral/completion_L_t0.3_54.v,mistral,L,0.3,54,1,1,0,"4D9C48FCA9024703E66F5A045B4344A3
",2527,302.776323
completions_mistral/completion_L_t0.3_55.v,mistral,L,0.3,55,1,1,0,"F7176DB018731FC4901E0122179A5840
",2543,NA
completions_mistral/completion_L_t0.3_56.v,mistral,L,0.3,56,1,1,0,"4D9C48FCA9024703E66F5A045B4344A3
",2527,302.776323
completions_mistral/completion_L_t0.3_57.v,mistral,L,0.3,57,1,1,0,"4D9C48FCA9024703E66F5A045B4344A3
",2527,302.776323
completions_mistral/completion_L_t0.3_58.v,mistral,L,0.3,58,1,1,0,"F7176DB018731FC4901E0122179A5840
",2543,0.000000
completions_mistral/completion_L_t0.3_59.v,mistral,L,0.3,59,0,0,0,NA,NA,NA
completions_mistral/completion_L_t0.3_60.v,mistral,L,0.3,60,1,1,0,"4D9C48FCA9024703E66F5A045B4344A3
",2527,302.776323
completions_mistral/completion_L_t0.3_61.v,mistral,L,0.3,61,1,1,0,"40FCAB68216DF24F375C3B422FAC4AC3
",2520,75.694081
completions_mistral/completion_L_t0.3_62.v,mistral,L,0.3,62,1,1,0,"4D9C48FCA9024703E66F5A045B4344A3
",2527,302.776323
completions_mistral/completion_L_t0.3_63.v,mistral,L,0.3,63,0,0,0,NA,NA,NA
completions_mistral/completion_L_t0.3_64.v,mistral,L,0.3,64,0,0,0,NA,NA,NA
completions_mistral/completion_L_t0.3_65.v,mistral,L,0.3,65,1,1,0,"A6176DB018731F43901E4822179F5840
",2541,292.405251
completions_mistral/completion_L_t0.3_66.v,mistral,L,0.3,66,1,1,0,"F7176DB018731FC4901E0122179A5840
",2543,NA
completions_mistral/completion_L_t0.3_67.v,mistral,L,0.3,67,0,0,0,NA,NA,NA
completions_mistral/completion_L_t0.3_68.v,mistral,L,0.3,68,1,1,0,"4D9C48FCA9024703E66F5A045B4344A3
",2527,302.776323
completions_mistral/completion_L_t0.3_69.v,mistral,L,0.3,69,1,1,0,"4D9C48FCA9024703E66F5A045B4344A3
",2527,302.776323
completions_mistral/completion_L_t0.3_70.v,mistral,L,0.3,70,1,1,0,"4D9C48FCA9024703E66F5A045B4344A3
",2527,302.776323
completions_mistral/completion_L_t0.3_71.v,mistral,L,0.3,71,1,1,0,"8CFC9FA20793B8B2A77A27C307E13D15
",2527,294.027267
completions_mistral/completion_L_t0.3_72.v,mistral,L,0.3,72,1,1,0,"F7176DB018731FC4901E0122179A5840
",2543,NA
completions_mistral/completion_L_t0.3_73.v,mistral,L,0.3,73,1,1,0,"A21CBE8A60376D2CB87BFA6D9203A0BF
",2535,302.776323
completions_mistral/completion_L_t0.3_74.v,mistral,L,0.3,74,1,1,0,"A21CBE8A60376D2CB87BFA6D9203A0BF
",2535,302.776323
completions_mistral/completion_L_t0.3_75.v,mistral,L,0.3,75,0,0,0,NA,NA,NA
completions_mistral/completion_L_t0.3_76.v,mistral,L,0.3,76,1,1,0,"F7176DB018731FC4901E0122179A5840
",2543,NA
completions_mistral/completion_L_t0.3_77.v,mistral,L,0.3,77,0,0,0,NA,NA,NA
completions_mistral/completion_L_t0.3_78.v,mistral,L,0.3,78,1,1,0,"4D9C48FCA9024703E66F5A045B4344A3
",2527,302.776323
completions_mistral/completion_L_t0.3_79.v,mistral,L,0.3,79,1,1,0,"4D9C48FCA9024703E66F5A045B4344A3
",2527,302.776323
completions_mistral/completion_L_t0.3_80.v,mistral,L,0.3,80,0,0,0,NA,NA,NA
completions_mistral/completion_L_t0.3_81.v,mistral,L,0.3,81,1,1,0,"326220F4D9D3C3A88FEB27D760C4C643
",2529,56.033280
completions_mistral/completion_L_t0.3_82.v,mistral,L,0.3,82,0,0,0,NA,NA,NA
completions_mistral/completion_L_t0.3_83.v,mistral,L,0.3,83,1,1,0,"D093E254A90F691586B79CB8FA2CC9BB
",2535,302.776323
completions_mistral/completion_L_t0.3_84.v,mistral,L,0.3,84,1,1,0,"ED27A336069A9417371C10E7D86B841D
",2517,158.466050
completions_mistral/completion_L_t0.3_85.v,mistral,L,0.3,85,0,0,0,NA,NA,NA
completions_mistral/completion_L_t0.3_86.v,mistral,L,0.3,86,1,1,0,"4D9C48FCA9024703E66F5A045B4344A3
",2527,302.776323
completions_mistral/completion_L_t0.3_87.v,mistral,L,0.3,87,0,0,0,NA,NA,NA
completions_mistral/completion_L_t0.3_88.v,mistral,L,0.3,88,1,1,0,"F7176DB018731FC4901E0122179A5840
",2543,NA
completions_mistral/completion_L_t0.3_89.v,mistral,L,0.3,89,0,0,0,NA,NA,NA
completions_mistral/completion_L_t0.3_90.v,mistral,L,0.3,90,0,0,0,NA,NA,NA
completions_mistral/completion_L_t0.3_91.v,mistral,L,0.3,91,1,1,0,"56256FCA8256382DEE0B9091C144883D
",2546,192.577536
completions_mistral/completion_L_t0.3_92.v,mistral,L,0.3,92,1,1,0,"A9DA982827F488FC9752CEDD5EF17EDA
",2537,356.597764
completions_mistral/completion_L_t0.3_93.v,mistral,L,0.3,93,1,1,0,"268CB7EC33B4863E53DA7C5FF7C2C9F6
",2575,302.776323
completions_mistral/completion_L_t0.3_94.v,mistral,L,0.3,94,1,1,0,"A58287099B9DEE8F1A88A8654BAC960D
",2513,232.587266
completions_mistral/completion_L_t0.3_95.v,mistral,L,0.3,95,0,0,0,NA,NA,NA
completions_mistral/completion_L_t0.3_96.v,mistral,L,0.3,96,1,1,0,"B9ECE1984D03B119BF83FE14DA4BD996
",2533,256.131073
completions_mistral/completion_L_t0.3_97.v,mistral,L,0.3,97,1,1,0,"D093E254A90F691586B79CB8FA2CC9BB
",2535,302.776323
completions_mistral/completion_L_t0.3_98.v,mistral,L,0.3,98,1,1,0,"F96EA114C5FF930D9222F476C3BA0971
",2529,212.926466
completions_mistral/completion_L_t0.3_99.v,mistral,L,0.3,99,1,1,0,"40FCABA9216D7D4F37323B429DAC4AC3
",2537,0.000000
completions_mistral/completion_L_t0.5_0.v,mistral,L,0.5,0,1,1,0,"4D9C48FCA9024703E66F5A045B4344A3
",2527,302.776323
completions_mistral/completion_L_t0.5_1.v,mistral,L,0.5,1,1,1,0,"4D9C48FCA9024703E66F5A045B4344A3
",2527,302.776323
completions_mistral/completion_L_t0.5_2.v,mistral,L,0.5,2,0,0,0,NA,NA,NA
completions_mistral/completion_L_t0.5_3.v,mistral,L,0.5,3,1,1,0,"20395735D94FC33C8F6C5C6960A0C610
",2517,0.000000
completions_mistral/completion_L_t0.5_4.v,mistral,L,0.5,4,0,0,0,NA,NA,NA
completions_mistral/completion_L_t0.5_5.v,mistral,L,0.5,5,1,1,0,"F7176DB018731FC4901E0122179A5840
",2543,NA
completions_mistral/completion_L_t0.5_6.v,mistral,L,0.5,6,1,1,0,"4D9C48FCA9024703E66F5A045B4344A3
",2527,302.776323
completions_mistral/completion_L_t0.5_7.v,mistral,L,0.5,7,0,0,0,NA,NA,NA
completions_mistral/completion_L_t0.5_8.v,mistral,L,0.5,8,1,1,0,"4D9C48FCA9024703E66F5A045B4344A3
",2527,302.776323
completions_mistral/completion_L_t0.5_9.v,mistral,L,0.5,9,1,1,0,"BD3E1CAE8E586A8F83AF2C70A4E3E6FE
",2538,302.776323
completions_mistral/completion_L_t0.5_10.v,mistral,L,0.5,10,1,1,0,"59B269A517533AF76F34EA70ACB13948
",2557,178.225154
completions_mistral/completion_L_t0.5_11.v,mistral,L,0.5,11,0,0,0,NA,NA,NA
completions_mistral/completion_L_t0.5_12.v,mistral,L,0.5,12,1,1,0,"F7176DB018731FC4901E0122179A5840
",2543,NA
completions_mistral/completion_L_t0.5_13.v,mistral,L,0.5,13,1,1,0,"56256FCA8256382DEE0B9091C144883D
",2546,NA
completions_mistral/completion_L_t0.5_14.v,mistral,L,0.5,14,1,1,0,"06CD27C59309BFC7B9DAA6BF74FCA9D5
",2533,118.161409
completions_mistral/completion_L_t0.5_15.v,mistral,L,0.5,15,1,1,0,"40FCABA9216D7D4F37323B429DAC4AC3
",2537,0.000000
completions_mistral/completion_L_t0.5_16.v,mistral,L,0.5,16,1,1,0,"F7176DB018731FC4901E0122179A5840
",2543,NA
completions_mistral/completion_L_t0.5_17.v,mistral,L,0.5,17,1,1,0,"40FCABA9216D7D4F37323B429DAC4AC3
",2537,0.000000
completions_mistral/completion_L_t0.5_18.v,mistral,L,0.5,18,0,0,0,NA,NA,NA
completions_mistral/completion_L_t0.5_19.v,mistral,L,0.5,19,1,1,0,"D3378D1D2B6F1CF1CAAC2B90EECDD38F
",2557,174.342146
completions_mistral/completion_L_t0.5_20.v,mistral,L,0.5,20,0,0,0,NA,NA,NA
completions_mistral/completion_L_t0.5_21.v,mistral,L,0.5,21,0,0,0,NA,NA,NA
completions_mistral/completion_L_t0.5_22.v,mistral,L,0.5,22,1,1,0,"F7176D6D187387C490A90122359A5840
",2543,7.077888
completions_mistral/completion_L_t0.5_23.v,mistral,L,0.5,23,0,0,0,NA,NA,NA
completions_mistral/completion_L_t0.5_24.v,mistral,L,0.5,24,1,1,0,"1EAAF412DDEA9E0435C462B210291F6A
",2539,179.650561
completions_mistral/completion_L_t0.5_25.v,mistral,L,0.5,25,1,1,0,"4D9C48FCA9024703E66F5A045B4344A3
",2527,302.776323
completions_mistral/completion_L_t0.5_26.v,mistral,L,0.5,26,1,1,0,"4E4D498F17C52B482A641988ACE4E935
",2530,75.694081
completions_mistral/completion_L_t0.5_27.v,mistral,L,0.5,27,1,1,0,"4D9C48FCA9024703E66F5A045B4344A3
",2527,302.776323
completions_mistral/completion_L_t0.5_28.v,mistral,L,0.5,28,0,0,0,NA,NA,NA
completions_mistral/completion_L_t0.5_29.v,mistral,L,0.5,29,0,0,0,NA,NA,NA
completions_mistral/completion_L_t0.5_30.v,mistral,L,0.5,30,0,0,0,NA,NA,NA
completions_mistral/completion_L_t0.5_31.v,mistral,L,0.5,31,1,1,0,"0E820B4ED02F661D7189FBAF1B096616
",2530,247.873536
completions_mistral/completion_L_t0.5_32.v,mistral,L,0.5,32,0,0,0,NA,NA,NA
completions_mistral/completion_L_t0.5_33.v,mistral,L,0.5,33,0,0,0,NA,NA,NA
completions_mistral/completion_L_t0.5_34.v,mistral,L,0.5,34,0,0,0,NA,NA,NA
completions_mistral/completion_L_t0.5_35.v,mistral,L,0.5,35,1,1,0,"F7176DB018731FC4901E0122179A5840
",2543,NA
completions_mistral/completion_L_t0.5_36.v,mistral,L,0.5,36,1,1,0,"F7176DB018731FC4901E0122179A5840
",2543,NA
completions_mistral/completion_L_t0.5_37.v,mistral,L,0.5,37,0,0,0,NA,NA,NA
completions_mistral/completion_L_t0.5_38.v,mistral,L,0.5,38,1,1,0,"B9176DB018731FDB901EB522179E5840
",2523,75.694081
completions_mistral/completion_L_t0.5_39.v,mistral,L,0.5,39,1,1,0,"4D9C48FCA9024703E66F5A045B4344A3
",2527,302.776323
completions_mistral/completion_L_t0.5_40.v,mistral,L,0.5,40,0,0,0,NA,NA,NA
completions_mistral/completion_L_t0.5_41.v,mistral,L,0.5,41,1,1,0,"6212CD636EEBECCBFE2AFD9EFDBCDC63
",2546,197.738496
completions_mistral/completion_L_t0.5_42.v,mistral,L,0.5,42,0,0,0,NA,NA,NA
completions_mistral/completion_L_t0.5_43.v,mistral,L,0.5,43,1,1,0,"4D9C48FCA9024703E66F5A045B4344A3
",2527,302.776323
completions_mistral/completion_L_t0.5_44.v,mistral,L,0.5,44,1,1,0,"F7176DB018731FC4901E0122179A5840
",2543,NA
completions_mistral/completion_L_t0.5_45.v,mistral,L,0.5,45,1,1,0,"4D9C48FCA9024703E66F5A045B4344A3
",2527,302.776323
completions_mistral/completion_L_t0.5_46.v,mistral,L,0.5,46,0,0,0,NA,NA,NA
completions_mistral/completion_L_t0.5_47.v,mistral,L,0.5,47,0,0,0,NA,NA,NA
completions_mistral/completion_L_t0.5_48.v,mistral,L,0.5,48,0,0,0,NA,NA,NA
completions_mistral/completion_L_t0.5_49.v,mistral,L,0.5,49,1,1,0,"88176DB018731F03901ED92217525840
",2531,42.467328
completions_mistral/completion_L_t0.5_50.v,mistral,L,0.5,50,1,1,0,"BD3E1CAE8E586A8F83AF2C70A4E3E6FE
",2538,302.776323
completions_mistral/completion_L_t0.5_51.v,mistral,L,0.5,51,0,0,0,NA,NA,NA
completions_mistral/completion_L_t0.5_52.v,mistral,L,0.5,52,0,0,0,NA,NA,NA
completions_mistral/completion_L_t0.5_53.v,mistral,L,0.5,53,1,1,0,"D093E254A90F691586B79CB8FA2CC9BB
",2535,302.776323
completions_mistral/completion_L_t0.5_54.v,mistral,L,0.5,54,1,1,0,"12176DB018731F17901E632217805840
",2548,75.694081
completions_mistral/completion_L_t0.5_55.v,mistral,L,0.5,55,1,1,0,"7A1FADEE4AF7C1B9B3D18E6E19932452
",2535,42.467328
completions_mistral/completion_L_t0.5_56.v,mistral,L,0.5,56,0,0,0,NA,NA,NA
completions_mistral/completion_L_t0.5_57.v,mistral,L,0.5,57,1,1,0,"F96DFD8A4F55182C2D755C6D3BC300BF
",2534,377.094149
completions_mistral/completion_L_t0.5_58.v,mistral,L,0.5,58,0,0,0,NA,NA,NA
completions_mistral/completion_L_t0.5_59.v,mistral,L,0.5,59,1,1,0,"A21CBE8A60376D2CB87BFA6D9203A0BF
",2535,302.776323
completions_mistral/completion_L_t0.5_60.v,mistral,L,0.5,60,1,1,0,"12176DB018731F17901E632217805840
",2548,75.694081
completions_mistral/completion_L_t0.5_61.v,mistral,L,0.5,61,1,1,0,"BD3E1CAE8E586A8F83AF2C70A4E3E6FE
",2538,302.776323
completions_mistral/completion_L_t0.5_62.v,mistral,L,0.5,62,1,1,0,"959BFF75C9221DA06958EA076A37DC75
",2493,256.671747
completions_mistral/completion_L_t0.5_63.v,mistral,L,0.5,63,1,1,1,"6F0FA9163F92C56027EA4D329455D7D7
",0,192.724992
completions_mistral/completion_L_t0.5_64.v,mistral,L,0.5,64,0,0,0,NA,NA,NA
completions_mistral/completion_L_t0.5_65.v,mistral,L,0.5,65,1,1,0,"F7176DB018731FC4901E0122179A5840
",2543,NA
completions_mistral/completion_L_t0.5_66.v,mistral,L,0.5,66,1,1,0,"D093E254A90F691586B79CB8FA2CC9BB
",2535,302.776323
completions_mistral/completion_L_t0.5_67.v,mistral,L,0.5,67,0,0,0,NA,NA,NA
completions_mistral/completion_L_t0.5_68.v,mistral,L,0.5,68,0,0,0,NA,NA,NA
completions_mistral/completion_L_t0.5_69.v,mistral,L,0.5,69,1,1,0,"4D9C48FCA9024703E66F5A045B4344A3
",2527,302.776323
completions_mistral/completion_L_t0.5_70.v,mistral,L,0.5,70,0,0,0,NA,NA,NA
completions_mistral/completion_L_t0.5_71.v,mistral,L,0.5,71,1,1,0,"F7176DB018731FC4901E0122179A5840
",2543,NA
completions_mistral/completion_L_t0.5_72.v,mistral,L,0.5,72,1,1,0,"F7176DB018731FC4901E0122179A5840
",2543,NA
completions_mistral/completion_L_t0.5_73.v,mistral,L,0.5,73,1,1,0,"C56100DF9C448575AAA0165EBF4B1993
",2551,293.928963
completions_mistral/completion_L_t0.5_74.v,mistral,L,0.5,74,0,0,0,NA,NA,NA
completions_mistral/completion_L_t0.5_75.v,mistral,L,0.5,75,1,1,0,"80E0895A42CA36537617D03CAFC91A1C
",2524,321.355779
completions_mistral/completion_L_t0.5_76.v,mistral,L,0.5,76,0,0,0,NA,NA,NA
completions_mistral/completion_L_t0.5_77.v,mistral,L,0.5,77,0,0,0,NA,NA,NA
completions_mistral/completion_L_t0.5_78.v,mistral,L,0.5,78,0,0,0,NA,NA,NA
completions_mistral/completion_L_t0.5_79.v,mistral,L,0.5,79,0,0,0,NA,NA,NA
completions_mistral/completion_L_t0.5_80.v,mistral,L,0.5,80,1,1,0,"F7176DB018731FC4901E0122179A5840
",2543,NA
completions_mistral/completion_L_t0.5_81.v,mistral,L,0.5,81,1,1,0,"4D9C48FCA9024703E66F5A045B4344A3
",2527,302.776323
completions_mistral/completion_L_t0.5_82.v,mistral,L,0.5,82,1,1,0,"40FCABA9216D7D4F37323B429DAC4AC3
",2537,0.000000
completions_mistral/completion_L_t0.5_83.v,mistral,L,0.5,83,1,1,0,"D093E254A90F691586B79CB8FA2CC9BB
",2535,302.776323
completions_mistral/completion_L_t0.5_84.v,mistral,L,0.5,84,1,1,0,"637D5FC49D4513BD8AB9EF33DFAC4256
",2543,229.638146
completions_mistral/completion_L_t0.5_85.v,mistral,L,0.5,85,0,0,0,NA,NA,NA
completions_mistral/completion_L_t0.5_86.v,mistral,L,0.5,86,0,0,0,NA,NA,NA
completions_mistral/completion_L_t0.5_87.v,mistral,L,0.5,87,0,0,0,NA,NA,NA
completions_mistral/completion_L_t0.5_88.v,mistral,L,0.5,88,0,0,0,NA,NA,NA
completions_mistral/completion_L_t0.5_89.v,mistral,L,0.5,89,0,0,0,NA,NA,NA
completions_mistral/completion_L_t0.5_90.v,mistral,L,0.5,90,1,1,0,"4D9C48FCA9024703E66F5A045B4344A3
",2527,302.776323
completions_mistral/completion_L_t0.5_91.v,mistral,L,0.5,91,0,0,0,NA,NA,NA
completions_mistral/completion_L_t0.5_92.v,mistral,L,0.5,92,1,1,0,"E7176DB018731F0F901EA92217AE5840
",2540,57.999361
completions_mistral/completion_L_t0.5_93.v,mistral,L,0.5,93,1,1,0,"4D9C48FCA9024703E66F5A045B4344A3
",2527,302.776323
completions_mistral/completion_L_t0.5_94.v,mistral,L,0.5,94,1,1,0,"12176DB018731F17901E632217805840
",2548,75.694081
completions_mistral/completion_L_t0.5_95.v,mistral,L,0.5,95,1,1,0,"F7176DB018731FC4901E0122179A5840
",2543,NA
completions_mistral/completion_L_t0.5_96.v,mistral,L,0.5,96,0,0,0,NA,NA,NA
completions_mistral/completion_L_t0.5_97.v,mistral,L,0.5,97,1,1,0,"0E837CD75361420BCCD5F869E9C3E706
",2532,169.132032
completions_mistral/completion_L_t0.5_98.v,mistral,L,0.5,98,1,1,0,"D093E254A90F691586B79CB8FA2CC9BB
",2535,302.776323
completions_mistral/completion_L_t0.5_99.v,mistral,L,0.5,99,0,0,0,NA,NA,NA
completions_mistral/completion_L_t0.7_0.v,mistral,L,0.7,0,1,1,0,"A0354347E27231870788B6B238DF7B63
",2533,53.084160
completions_mistral/completion_L_t0.7_1.v,mistral,L,0.7,1,0,0,0,NA,NA,NA
completions_mistral/completion_L_t0.7_2.v,mistral,L,0.7,2,0,0,0,NA,NA,NA
completions_mistral/completion_L_t0.7_3.v,mistral,L,0.7,3,1,1,0,"F7176DB018731FC4901E0122179A5840
",2543,0.000000
completions_mistral/completion_L_t0.7_4.v,mistral,L,0.7,4,1,1,0,"12176DB018731F17901E632217805840
",2548,75.694081
completions_mistral/completion_L_t0.7_5.v,mistral,L,0.7,5,0,0,0,NA,NA,NA
completions_mistral/completion_L_t0.7_6.v,mistral,L,0.7,6,1,1,0,"D093E254A90F691586B79CB8FA2CC9BB
",2535,302.776323
completions_mistral/completion_L_t0.7_7.v,mistral,L,0.7,7,1,0,0,NA,NA,NA
completions_mistral/completion_L_t0.7_8.v,mistral,L,0.7,8,1,1,0,"A21CBE8A60376D2CB87BFA6D9203A0BF
",2535,302.776323
completions_mistral/completion_L_t0.7_9.v,mistral,L,0.7,9,1,1,0,"F7176DB018731FC4901E0122179A5840
",2543,NA
completions_mistral/completion_L_t0.7_10.v,mistral,L,0.7,10,1,1,0,"F7176DB018731FC4901E0122179A5840
",2543,NA
completions_mistral/completion_L_t0.7_11.v,mistral,L,0.7,11,1,1,0,"20395735D94FC33C8F6C5C6960A0C610
",2517,0.000000
completions_mistral/completion_L_t0.7_12.v,mistral,L,0.7,12,0,0,0,NA,NA,NA
completions_mistral/completion_L_t0.7_13.v,mistral,L,0.7,13,1,1,0,"4D9C48FCA9024703E66F5A045B4344A3
",2527,302.776323
completions_mistral/completion_L_t0.7_14.v,mistral,L,0.7,14,0,0,0,NA,NA,NA
completions_mistral/completion_L_t0.7_15.v,mistral,L,0.7,15,1,1,0,"F7176D8E187363C4906A0122199A5840
",2539,102.924289
completions_mistral/completion_L_t0.7_16.v,mistral,L,0.7,16,0,0,0,NA,NA,NA
completions_mistral/completion_L_t0.7_17.v,mistral,L,0.7,17,1,1,0,"F7176DB018731FC4901E0122179A5840
",2543,NA
completions_mistral/completion_L_t0.7_18.v,mistral,L,0.7,18,0,0,0,NA,NA,NA
completions_mistral/completion_L_t0.7_19.v,mistral,L,0.7,19,0,0,0,NA,NA,NA
completions_mistral/completion_L_t0.7_20.v,mistral,L,0.7,20,1,1,0,"F75A2683B46BF60AE51FEF22789E583B
",2552,NA
completions_mistral/completion_L_t0.7_21.v,mistral,L,0.7,21,0,0,0,NA,NA,NA
completions_mistral/completion_L_t0.7_22.v,mistral,L,0.7,22,0,0,0,NA,NA,NA
completions_mistral/completion_L_t0.7_23.v,mistral,L,0.7,23,0,0,0,NA,NA,NA
completions_mistral/completion_L_t0.7_24.v,mistral,L,0.7,24,1,1,0,"D076FB883FAA23B70A69A49049E92E75
",2541,57.999361
completions_mistral/completion_L_t0.7_25.v,mistral,L,0.7,25,0,0,0,NA,NA,NA
completions_mistral/completion_L_t0.7_26.v,mistral,L,0.7,26,0,0,0,NA,NA,NA
completions_mistral/completion_L_t0.7_27.v,mistral,L,0.7,27,0,0,0,NA,NA,NA
completions_mistral/completion_L_t0.7_28.v,mistral,L,0.7,28,1,1,0,"F7176DB018731FC4901E0122179A5840
",2543,NA
completions_mistral/completion_L_t0.7_29.v,mistral,L,0.7,29,0,0,0,NA,NA,NA
completions_mistral/completion_L_t0.7_30.v,mistral,L,0.7,30,1,1,0,"BEE0DF0A6A959C5F6A4114554335EB6D
",2541,43.057152
completions_mistral/completion_L_t0.7_31.v,mistral,L,0.7,31,1,1,0,"D70DA6441A11204BE5D90D7AF7839F4A
",2499,42.467328
completions_mistral/completion_L_t0.7_32.v,mistral,L,0.7,32,1,1,0,"F7176DB018731FC4901E0122179A5840
",2543,NA
completions_mistral/completion_L_t0.7_33.v,mistral,L,0.7,33,0,0,0,NA,NA,NA
completions_mistral/completion_L_t0.7_34.v,mistral,L,0.7,34,0,0,0,NA,NA,NA
completions_mistral/completion_L_t0.7_35.v,mistral,L,0.7,35,0,0,0,NA,NA,NA
completions_mistral/completion_L_t0.7_36.v,mistral,L,0.7,36,0,0,0,NA,NA,NA
completions_mistral/completion_L_t0.7_37.v,mistral,L,0.7,37,0,0,0,NA,NA,NA
completions_mistral/completion_L_t0.7_38.v,mistral,L,0.7,38,0,0,0,NA,NA,NA
completions_mistral/completion_L_t0.7_39.v,mistral,L,0.7,39,0,0,0,NA,NA,NA
completions_mistral/completion_L_t0.7_40.v,mistral,L,0.7,40,0,0,0,NA,NA,NA
completions_mistral/completion_L_t0.7_41.v,mistral,L,0.7,41,0,0,0,NA,NA,NA
completions_mistral/completion_L_t0.7_42.v,mistral,L,0.7,42,1,1,0,"A21CBE8A60376D2CB87BFA6D9203A0BF
",2535,302.776323
completions_mistral/completion_L_t0.7_43.v,mistral,L,0.7,43,0,0,0,NA,NA,NA
completions_mistral/completion_L_t0.7_44.v,mistral,L,0.7,44,1,1,0,"6DD90B1F034CE41EA32415CCC54E1AE9
",2531,19.464192
completions_mistral/completion_L_t0.7_45.v,mistral,L,0.7,45,1,1,0,"40FB096B219A3DAB371CCBD99D6F7D0C
",2531,3.096576
completions_mistral/completion_L_t0.7_46.v,mistral,L,0.7,46,1,1,0,"4D9C48FCA9024703E66F5A045B4344A3
",2527,302.776323
completions_mistral/completion_L_t0.7_47.v,mistral,L,0.7,47,0,0,0,NA,NA,NA
completions_mistral/completion_L_t0.7_48.v,mistral,L,0.7,48,1,1,0,"83C59412C855AED5B737D958607CF091
",2531,32.292864
completions_mistral/completion_L_t0.7_49.v,mistral,L,0.7,49,1,1,0,"AC176DB018731F90901E622217865840
",2535,145.195010
completions_mistral/completion_L_t0.7_50.v,mistral,L,0.7,50,1,1,0,"917A5A8B2DD3BD424C780D02218F4774
",2535,42.467328
completions_mistral/completion_L_t0.7_51.v,mistral,L,0.7,51,0,0,0,NA,NA,NA
completions_mistral/completion_L_t0.7_52.v,mistral,L,0.7,52,1,1,0,"4D9C48FCA9024703E66F5A045B4344A3
",2527,302.776323
completions_mistral/completion_L_t0.7_53.v,mistral,L,0.7,53,0,0,0,NA,NA,NA
completions_mistral/completion_L_t0.7_54.v,mistral,L,0.7,54,1,1,0,"D441B12C41488F0928AA5D792ABA0BA1
",2535,283.852803
completions_mistral/completion_L_t0.7_55.v,mistral,L,0.7,55,1,1,0,"83C59412C855AED5B737D958607CF091
",2531,32.292864
completions_mistral/completion_L_t0.7_56.v,mistral,L,0.7,56,1,1,0,"12176DB018731F07901E632217F15840
",2550,75.694081
completions_mistral/completion_L_t0.7_57.v,mistral,L,0.7,57,1,1,0,"F7176DB018731FC4901E0122179A5840
",2543,NA
completions_mistral/completion_L_t0.7_58.v,mistral,L,0.7,58,0,0,0,NA,NA,NA
completions_mistral/completion_L_t0.7_59.v,mistral,L,0.7,59,1,1,0,"AE2F1882E5544A0AC580D7EF611EC62C
",2537,89.063424
completions_mistral/completion_L_t0.7_60.v,mistral,L,0.7,60,0,0,0,NA,NA,NA
completions_mistral/completion_L_t0.7_61.v,mistral,L,0.7,61,0,0,0,NA,NA,NA
completions_mistral/completion_L_t0.7_62.v,mistral,L,0.7,62,0,0,0,NA,NA,NA
completions_mistral/completion_L_t0.7_63.v,mistral,L,0.7,63,1,1,0,"12176DB018731F17901E632217805840
",2548,75.694081
completions_mistral/completion_L_t0.7_64.v,mistral,L,0.7,64,1,1,0,"E8B4D6A18EF1F4705EBE8C9B0EE329CE
",2534,162.938880
completions_mistral/completion_L_t0.7_65.v,mistral,L,0.7,65,1,1,0,"40FCABC9216D544F37B03B4278AC4A1D
",2526,1124.302865
completions_mistral/completion_L_t0.7_66.v,mistral,L,0.7,66,0,0,0,NA,NA,NA
completions_mistral/completion_L_t0.7_67.v,mistral,L,0.7,67,1,1,0,"4D9C48FCA9024703E66F5A045B4344A3
",2527,302.776323
completions_mistral/completion_L_t0.7_68.v,mistral,L,0.7,68,0,0,0,NA,NA,NA
completions_mistral/completion_L_t0.7_69.v,mistral,L,0.7,69,1,1,0,"EB7B6DB0CD731FA4901E5DDA177B6E40
",2539,151.388162
completions_mistral/completion_L_t0.7_70.v,mistral,L,0.7,70,1,1,0,"65E9E45BDB7C67654B8D8ACEF8357ACD
",2539,159.252480
completions_mistral/completion_L_t0.7_71.v,mistral,L,0.7,71,1,1,0,"F7BBBAF64720757D66D601CB8B9A864B
",2528,NA
completions_mistral/completion_L_t0.7_72.v,mistral,L,0.7,72,1,1,0,"56256FCA8256382DEE0B9091C144883D
",2546,193.904640
completions_mistral/completion_L_t0.7_73.v,mistral,L,0.7,73,0,0,0,NA,NA,NA
completions_mistral/completion_L_t0.7_74.v,mistral,L,0.7,74,1,1,0,"F7176DB018731FC4901E0122179A5840
",2543,NA
completions_mistral/completion_L_t0.7_75.v,mistral,L,0.7,75,1,1,0,"F7176DB018731FC4901E0122179A5840
",2543,NA
completions_mistral/completion_L_t0.7_76.v,mistral,L,0.7,76,0,0,0,NA,NA,NA
completions_mistral/completion_L_t0.7_77.v,mistral,L,0.7,77,0,0,0,NA,NA,NA
completions_mistral/completion_L_t0.7_78.v,mistral,L,0.7,78,1,1,0,"E3176DFB18731FC4901E0122179A5840
",2555,NA
completions_mistral/completion_L_t0.7_79.v,mistral,L,0.7,79,0,0,0,NA,NA,NA
completions_mistral/completion_L_t0.7_80.v,mistral,L,0.7,80,1,1,0,"D093E254A90F691586B79CB8FA2CC9BB
",2535,302.776323
completions_mistral/completion_L_t0.7_81.v,mistral,L,0.7,81,1,1,0,"D093E254A90F691586B79CB8FA2CC9BB
",2535,302.776323
completions_mistral/completion_L_t0.7_82.v,mistral,L,0.7,82,0,0,0,NA,NA,NA
completions_mistral/completion_L_t0.7_83.v,mistral,L,0.7,83,0,0,0,NA,NA,NA
completions_mistral/completion_L_t0.7_84.v,mistral,L,0.7,84,0,0,0,NA,NA,NA
completions_mistral/completion_L_t0.7_85.v,mistral,L,0.7,85,0,0,0,NA,NA,NA
completions_mistral/completion_L_t0.7_86.v,mistral,L,0.7,86,0,0,0,NA,NA,NA
completions_mistral/completion_L_t0.7_87.v,mistral,L,0.7,87,0,0,0,NA,NA,NA
completions_mistral/completion_L_t0.7_88.v,mistral,L,0.7,88,0,0,0,NA,NA,NA
completions_mistral/completion_L_t0.7_89.v,mistral,L,0.7,89,1,1,0,"93256DB0BB731F11901E5B01177BA640
",2559,46.006272
completions_mistral/completion_L_t0.7_90.v,mistral,L,0.7,90,1,1,0,"40FCABE4216D484F37483B4223AC4AC3
",2532,40.402944
completions_mistral/completion_L_t0.7_91.v,mistral,L,0.7,91,0,0,0,NA,NA,NA
completions_mistral/completion_L_t0.7_92.v,mistral,L,0.7,92,1,1,0,"D441B12C41488F0928AA5D792ABA0BA1
",2535,283.852803
completions_mistral/completion_L_t0.7_93.v,mistral,L,0.7,93,1,1,1,"6F0FA9163F92C56027EA4D329455D7D7
",0,191.102976
completions_mistral/completion_L_t0.7_94.v,mistral,L,0.7,94,0,0,0,NA,NA,NA
completions_mistral/completion_L_t0.7_95.v,mistral,L,0.7,95,0,0,0,NA,NA,NA
completions_mistral/completion_L_t0.7_96.v,mistral,L,0.7,96,1,1,0,"D093E254A90F691586B79CB8FA2CC9BB
",2535,302.776323
completions_mistral/completion_L_t0.7_97.v,mistral,L,0.7,97,1,1,0,"F7176DB018731FC4901E0122179A5840
",2543,75.694081
completions_mistral/completion_L_t0.7_98.v,mistral,L,0.7,98,1,1,0,"4D9C48FCA9024703E66F5A045B4344A3
",2527,302.776323
completions_mistral/completion_L_t0.7_99.v,mistral,L,0.7,99,1,1,0,"F7176DB018731FC4901E0122179A5840
",2543,NA
completions_mistral/completion_L_t1.0_0.v,mistral,L,1.0,0,0,0,0,NA,NA,NA
completions_mistral/completion_L_t1.0_1.v,mistral,L,1.0,1,0,0,0,NA,NA,NA
completions_mistral/completion_L_t1.0_2.v,mistral,L,1.0,2,1,1,0,"377E2CEF84B28A026416B0BB4425F366
",2536,84.934656
completions_mistral/completion_L_t1.0_3.v,mistral,L,1.0,3,0,0,0,NA,NA,NA
completions_mistral/completion_L_t1.0_4.v,mistral,L,1.0,4,0,0,0,NA,NA,NA
completions_mistral/completion_L_t1.0_5.v,mistral,L,1.0,5,0,0,0,NA,NA,NA
completions_mistral/completion_L_t1.0_6.v,mistral,L,1.0,6,1,1,0,"F7176DB018731FC4901E0122179A5840
",2543,NA
completions_mistral/completion_L_t1.0_7.v,mistral,L,1.0,7,1,1,0,"40FCABF2216DF44F37AD3B42CBAC4AC3
",2532,47.775744
completions_mistral/completion_L_t1.0_8.v,mistral,L,1.0,8,1,1,0,"F7176DF11873D5C4906C0122CA9A5840
",2553,14.155776
completions_mistral/completion_L_t1.0_9.v,mistral,L,1.0,9,1,1,0,"C1ABE59F1B1094AF196470A54E2DB260
",2557,407.175172
completions_mistral/completion_L_t1.0_10.v,mistral,L,1.0,10,0,0,0,NA,NA,NA
completions_mistral/completion_L_t1.0_11.v,mistral,L,1.0,11,1,1,0,"B284AB5525057EC4B2DE0122CA9A5840
",2553,NA
completions_mistral/completion_L_t1.0_12.v,mistral,L,1.0,12,1,1,0,"C5E56DB0F9731F53901E782217DD5840
",2544,113.541121
completions_mistral/completion_L_t1.0_13.v,mistral,L,1.0,13,1,0,0,NA,NA,NA
completions_mistral/completion_L_t1.0_14.v,mistral,L,1.0,14,0,0,0,NA,NA,NA
completions_mistral/completion_L_t1.0_15.v,mistral,L,1.0,15,0,0,0,NA,NA,NA
completions_mistral/completion_L_t1.0_16.v,mistral,L,1.0,16,1,1,0,"4E176DB018731F07901E2C2217375840
",2558,23.887872
completions_mistral/completion_L_t1.0_17.v,mistral,L,1.0,17,0,0,0,NA,NA,NA
completions_mistral/completion_L_t1.0_18.v,mistral,L,1.0,18,0,0,0,NA,NA,NA
completions_mistral/completion_L_t1.0_19.v,mistral,L,1.0,19,1,1,0,"C71FC4AF7659F935603C880F907B464B
",2528,302.776323
completions_mistral/completion_L_t1.0_20.v,mistral,L,1.0,20,0,0,0,NA,NA,NA
completions_mistral/completion_L_t1.0_21.v,mistral,L,1.0,21,1,1,0,"F7176DB018731FC4901E0122179A5840
",2543,0.000000
completions_mistral/completion_L_t1.0_22.v,mistral,L,1.0,22,1,1,0,"A2E9AC37EF04CD0E69E785C5CED07FC9
",2542,4.718592
completions_mistral/completion_L_t1.0_23.v,mistral,L,1.0,23,0,0,0,NA,NA,NA
completions_mistral/completion_L_t1.0_24.v,mistral,L,1.0,24,0,0,0,NA,NA,NA
completions_mistral/completion_L_t1.0_25.v,mistral,L,1.0,25,1,1,0,"BEBAC6935ABC555185FFF31C818D0D28
",2522,58.392576
completions_mistral/completion_L_t1.0_26.v,mistral,L,1.0,26,1,1,0,"12176DB018731F17901E632217805840
",2548,75.694081
completions_mistral/completion_L_t1.0_27.v,mistral,L,1.0,27,0,0,0,NA,NA,NA
completions_mistral/completion_L_t1.0_28.v,mistral,L,1.0,28,1,1,0,"85F1D53382009685DBA89FE222D752DE
",2513,137.183233
completions_mistral/completion_L_t1.0_29.v,mistral,L,1.0,29,0,0,0,NA,NA,NA
completions_mistral/completion_L_t1.0_30.v,mistral,L,1.0,30,0,0,0,NA,NA,NA
completions_mistral/completion_L_t1.0_31.v,mistral,L,1.0,31,1,0,0,NA,NA,NA
completions_mistral/completion_L_t1.0_32.v,mistral,L,1.0,32,0,0,0,NA,NA,NA
completions_mistral/completion_L_t1.0_33.v,mistral,L,1.0,33,0,0,0,NA,NA,NA
completions_mistral/completion_L_t1.0_34.v,mistral,L,1.0,34,1,1,0,"67F61934BFCC8376B6F6926B77AD24EB
",2532,559.153169
completions_mistral/completion_L_t1.0_35.v,mistral,L,1.0,35,0,0,0,NA,NA,NA
completions_mistral/completion_L_t1.0_36.v,mistral,L,1.0,36,0,0,0,NA,NA,NA
completions_mistral/completion_L_t1.0_37.v,mistral,L,1.0,37,1,0,0,NA,NA,NA
completions_mistral/completion_L_t1.0_38.v,mistral,L,1.0,38,0,0,0,NA,NA,NA
completions_mistral/completion_L_t1.0_39.v,mistral,L,1.0,39,0,0,0,NA,NA,NA
completions_mistral/completion_L_t1.0_40.v,mistral,L,1.0,40,0,0,0,NA,NA,NA
completions_mistral/completion_L_t1.0_41.v,mistral,L,1.0,41,0,0,0,NA,NA,NA
completions_mistral/completion_L_t1.0_42.v,mistral,L,1.0,42,1,1,0,"49BC4BF4CFDFDB8F8867BD399D6F6F14
",2545,84.934656
completions_mistral/completion_L_t1.0_43.v,mistral,L,1.0,43,0,0,0,NA,NA,NA
completions_mistral/completion_L_t1.0_44.v,mistral,L,1.0,44,0,0,0,NA,NA,NA
completions_mistral/completion_L_t1.0_45.v,mistral,L,1.0,45,1,1,0,"F7176DB018731FC4901E0122179A5840
",2542,NA
completions_mistral/completion_L_t1.0_46.v,mistral,L,1.0,46,1,0,0,NA,NA,NA
completions_mistral/completion_L_t1.0_47.v,mistral,L,1.0,47,0,0,0,NA,NA,NA
completions_mistral/completion_L_t1.0_48.v,mistral,L,1.0,48,1,1,0,"2BEE62E8923EFE60BE4DED7F9F0FBF23
",2528,562.593797
completions_mistral/completion_L_t1.0_49.v,mistral,L,1.0,49,1,1,0,"F94BDA5145FD83461187F8E3F2FC5EF8
",2520,150.552576
completions_mistral/completion_L_t1.0_50.v,mistral,L,1.0,50,1,0,0,NA,NA,NA
completions_mistral/completion_L_t1.0_51.v,mistral,L,1.0,51,0,0,0,NA,NA,NA
completions_mistral/completion_L_t1.0_52.v,mistral,L,1.0,52,0,0,0,NA,NA,NA
completions_mistral/completion_L_t1.0_53.v,mistral,L,1.0,53,1,1,0,"C0176DB018731FD1901E132217995840
",2552,30.081024
completions_mistral/completion_L_t1.0_54.v,mistral,L,1.0,54,0,0,0,NA,NA,NA
completions_mistral/completion_L_t1.0_55.v,mistral,L,1.0,55,1,0,0,NA,NA,NA
completions_mistral/completion_L_t1.0_56.v,mistral,L,1.0,56,0,0,0,NA,NA,NA
completions_mistral/completion_L_t1.0_57.v,mistral,L,1.0,57,0,0,0,NA,NA,NA
completions_mistral/completion_L_t1.0_58.v,mistral,L,1.0,58,0,0,0,NA,NA,NA
completions_mistral/completion_L_t1.0_59.v,mistral,L,1.0,59,0,0,0,NA,NA,NA
completions_mistral/completion_L_t1.0_60.v,mistral,L,1.0,60,1,1,0,"F7176DB018731FC4901E0122179A5840
",2543,NA
completions_mistral/completion_L_t1.0_61.v,mistral,L,1.0,61,1,1,0,NA,0,NA
completions_mistral/completion_L_t1.0_62.v,mistral,L,1.0,62,1,1,0,"40FCABE5216D154F37B13B4235AC4AC3
",2543,49.004544
completions_mistral/completion_L_t1.0_63.v,mistral,L,1.0,63,0,0,0,NA,NA,NA
completions_mistral/completion_L_t1.0_64.v,mistral,L,1.0,64,0,0,0,NA,NA,NA
completions_mistral/completion_L_t1.0_65.v,mistral,L,1.0,65,1,1,0,"02074F78105ECC51BEF54E1F8B1014C7
",2529,302.776323
completions_mistral/completion_L_t1.0_66.v,mistral,L,1.0,66,0,0,0,NA,NA,NA
completions_mistral/completion_L_t1.0_67.v,mistral,L,1.0,67,0,0,0,NA,NA,NA
completions_mistral/completion_L_t1.0_68.v,mistral,L,1.0,68,1,1,0,"F7176D7618731FD4901E014F179A5842
",2546,10.616832
completions_mistral/completion_L_t1.0_69.v,mistral,L,1.0,69,0,0,0,NA,NA,NA
completions_mistral/completion_L_t1.0_70.v,mistral,L,1.0,70,1,1,0,"18B40D15544AE9F093ED85DD179D3DA8
",2549,74.809345
completions_mistral/completion_L_t1.0_71.v,mistral,L,1.0,71,0,0,0,NA,NA,NA
completions_mistral/completion_L_t1.0_72.v,mistral,L,1.0,72,0,0,0,NA,NA,NA
completions_mistral/completion_L_t1.0_73.v,mistral,L,1.0,73,0,0,0,NA,NA,NA
completions_mistral/completion_L_t1.0_74.v,mistral,L,1.0,74,0,0,0,NA,NA,NA
completions_mistral/completion_L_t1.0_75.v,mistral,L,1.0,75,1,1,0,"40FCAB76216D904F372B3B42C3AC4AC3
",2533,292.847619
completions_mistral/completion_L_t1.0_76.v,mistral,L,1.0,76,0,0,0,NA,NA,NA
completions_mistral/completion_L_t1.0_77.v,mistral,L,1.0,77,1,1,0,"D7176DB018731F7F901EC62217A85840
",2539,48.365568
completions_mistral/completion_L_t1.0_78.v,mistral,L,1.0,78,1,1,0,"7DE01445512A8FC6E5C3DFC1DFF21750
",2537,458.391559
completions_mistral/completion_L_t1.0_79.v,mistral,L,1.0,79,0,0,0,NA,NA,NA
completions_mistral/completion_L_t1.0_80.v,mistral,L,1.0,80,0,0,0,NA,NA,NA
completions_mistral/completion_L_t1.0_81.v,mistral,L,1.0,81,0,0,0,NA,NA,NA
completions_mistral/completion_L_t1.0_82.v,mistral,L,1.0,82,0,0,0,NA,NA,NA
completions_mistral/completion_L_t1.0_83.v,mistral,L,1.0,83,0,0,0,NA,NA,NA
completions_mistral/completion_L_t1.0_84.v,mistral,L,1.0,84,1,1,0,"EB7B6DB0CD731FA4901E5DDA177B6E40
",2539,151.388162
completions_mistral/completion_L_t1.0_85.v,mistral,L,1.0,85,0,0,0,NA,NA,NA
completions_mistral/completion_L_t1.0_86.v,mistral,L,1.0,86,0,0,0,NA,NA,NA
completions_mistral/completion_L_t1.0_87.v,mistral,L,1.0,87,0,0,0,NA,NA,NA
completions_mistral/completion_L_t1.0_88.v,mistral,L,1.0,88,1,1,0,"EA440EB5C9C779B38B8A7AA5D598F8B2
",2548,165.003264
completions_mistral/completion_L_t1.0_89.v,mistral,L,1.0,89,0,0,0,NA,NA,NA
completions_mistral/completion_L_t1.0_90.v,mistral,L,1.0,90,0,0,0,NA,NA,NA
completions_mistral/completion_L_t1.0_91.v,mistral,L,1.0,91,1,1,0,"8329D72DAB7153872FEEF6FB7F57BF63
",2547,70.778880
completions_mistral/completion_L_t1.0_92.v,mistral,L,1.0,92,1,1,0,"4D9C48FCA9024703E66F5A045B4344A3
",2527,302.776323
completions_mistral/completion_L_t1.0_93.v,mistral,L,1.0,93,0,0,0,NA,NA,NA
completions_mistral/completion_L_t1.0_94.v,mistral,L,1.0,94,1,1,0,"40FCAB5A216DDD4F37843B42A8AC4AC3
",2532,11.501568
completions_mistral/completion_L_t1.0_95.v,mistral,L,1.0,95,0,0,0,NA,NA,NA
completions_mistral/completion_L_t1.0_96.v,mistral,L,1.0,96,1,1,0,"55F0ABA93B037D4F4F3259D9A24BBC0C
",2524,0.000000
completions_mistral/completion_L_t1.0_97.v,mistral,L,1.0,97,0,0,0,NA,NA,NA
completions_mistral/completion_L_t1.0_98.v,mistral,L,1.0,98,0,0,0,NA,NA,NA
completions_mistral/completion_L_t1.0_99.v,mistral,L,1.0,99,1,1,0,"F7176DB018731FC4901E0122179A5840
",2543,NA
completions_mistral/completion_M_t0.1_0.v,mistral,M,0.1,0,0,0,0,NA,NA,NA
completions_mistral/completion_M_t0.1_1.v,mistral,M,0.1,1,1,1,0,"4D9C48FCA9024703E66F5A045B4344A3
",2527,302.776323
completions_mistral/completion_M_t0.1_2.v,mistral,M,0.1,2,0,0,0,NA,NA,NA
completions_mistral/completion_M_t0.1_3.v,mistral,M,0.1,3,0,0,0,NA,NA,NA
completions_mistral/completion_M_t0.1_4.v,mistral,M,0.1,4,0,0,0,NA,NA,NA
completions_mistral/completion_M_t0.1_5.v,mistral,M,0.1,5,0,0,0,NA,NA,NA
completions_mistral/completion_M_t0.1_6.v,mistral,M,0.1,6,0,0,0,NA,NA,NA
completions_mistral/completion_M_t0.1_7.v,mistral,M,0.1,7,0,0,0,NA,NA,NA
completions_mistral/completion_M_t0.1_8.v,mistral,M,0.1,8,0,0,0,NA,NA,NA
completions_mistral/completion_M_t0.1_9.v,mistral,M,0.1,9,1,1,0,"F7176DB018731FC4901E0122179A5840
",2543,NA
completions_mistral/completion_M_t0.1_10.v,mistral,M,0.1,10,0,0,0,NA,NA,NA
completions_mistral/completion_M_t0.1_11.v,mistral,M,0.1,11,1,1,0,"F7176DB018731FC4901E0122179A5840
",2543,0.000000
completions_mistral/completion_M_t0.1_12.v,mistral,M,0.1,12,0,0,0,NA,NA,NA
completions_mistral/completion_M_t0.1_13.v,mistral,M,0.1,13,0,0,0,NA,NA,NA
completions_mistral/completion_M_t0.1_14.v,mistral,M,0.1,14,0,0,0,NA,NA,NA
completions_mistral/completion_M_t0.1_15.v,mistral,M,0.1,15,1,1,0,"702939AB41CD240EFF500A625BAF81EB
",2526,302.776323
completions_mistral/completion_M_t0.1_16.v,mistral,M,0.1,16,0,0,0,NA,NA,NA
completions_mistral/completion_M_t0.1_17.v,mistral,M,0.1,17,0,0,0,NA,NA,NA
completions_mistral/completion_M_t0.1_18.v,mistral,M,0.1,18,0,0,0,NA,NA,NA
completions_mistral/completion_M_t0.1_19.v,mistral,M,0.1,19,0,0,0,NA,NA,NA
completions_mistral/completion_M_t0.1_20.v,mistral,M,0.1,20,0,0,0,NA,NA,NA
completions_mistral/completion_M_t0.1_21.v,mistral,M,0.1,21,0,0,0,NA,NA,NA
completions_mistral/completion_M_t0.1_22.v,mistral,M,0.1,22,0,0,0,NA,NA,NA
completions_mistral/completion_M_t0.1_23.v,mistral,M,0.1,23,1,1,0,"F7176DB018731FC4901E0122179A5840
",2543,NA
completions_mistral/completion_M_t0.1_24.v,mistral,M,0.1,24,1,1,0,"702939AB41CD240EFF500A625BAF81EB
",2526,302.776323
completions_mistral/completion_M_t0.1_25.v,mistral,M,0.1,25,0,0,0,NA,NA,NA
completions_mistral/completion_M_t0.1_26.v,mistral,M,0.1,26,1,1,0,"40FCABB0216D1F4F371E3B4217AC4AC3
",2518,NA
completions_mistral/completion_M_t0.1_27.v,mistral,M,0.1,27,0,0,0,NA,NA,NA
completions_mistral/completion_M_t0.1_28.v,mistral,M,0.1,28,0,0,0,NA,NA,NA
completions_mistral/completion_M_t0.1_29.v,mistral,M,0.1,29,0,0,0,NA,NA,NA
completions_mistral/completion_M_t0.1_30.v,mistral,M,0.1,30,0,0,0,NA,NA,NA
completions_mistral/completion_M_t0.1_31.v,mistral,M,0.1,31,0,0,0,NA,NA,NA
completions_mistral/completion_M_t0.1_32.v,mistral,M,0.1,32,0,0,0,NA,NA,NA
completions_mistral/completion_M_t0.1_33.v,mistral,M,0.1,33,1,1,0,"702939AB41CD240EFF500A625BAF81EB
",2526,302.776323
completions_mistral/completion_M_t0.1_34.v,mistral,M,0.1,34,0,0,0,NA,NA,NA
completions_mistral/completion_M_t0.1_35.v,mistral,M,0.1,35,0,0,0,NA,NA,NA
completions_mistral/completion_M_t0.1_36.v,mistral,M,0.1,36,1,1,0,"56256FCA8256382DEE0B9091C144883D
",2546,204.668928
completions_mistral/completion_M_t0.1_37.v,mistral,M,0.1,37,0,0,0,NA,NA,NA
completions_mistral/completion_M_t0.1_38.v,mistral,M,0.1,38,0,0,0,NA,NA,NA
completions_mistral/completion_M_t0.1_39.v,mistral,M,0.1,39,0,0,0,NA,NA,NA
completions_mistral/completion_M_t0.1_40.v,mistral,M,0.1,40,0,0,0,NA,NA,NA
completions_mistral/completion_M_t0.1_41.v,mistral,M,0.1,41,0,0,0,NA,NA,NA
completions_mistral/completion_M_t0.1_42.v,mistral,M,0.1,42,1,1,0,"702939AB41CD240EFF500A625BAF81EB
",2526,302.776323
completions_mistral/completion_M_t0.1_43.v,mistral,M,0.1,43,0,0,0,NA,NA,NA
completions_mistral/completion_M_t0.1_44.v,mistral,M,0.1,44,0,0,0,NA,NA,NA
completions_mistral/completion_M_t0.1_45.v,mistral,M,0.1,45,0,0,0,NA,NA,NA
completions_mistral/completion_M_t0.1_46.v,mistral,M,0.1,46,1,1,0,"702939AB41CD240EFF500A625BAF81EB
",2526,302.776323
completions_mistral/completion_M_t0.1_47.v,mistral,M,0.1,47,0,0,0,NA,NA,NA
completions_mistral/completion_M_t0.1_48.v,mistral,M,0.1,48,0,0,0,NA,NA,NA
completions_mistral/completion_M_t0.1_49.v,mistral,M,0.1,49,0,0,0,NA,NA,NA
completions_mistral/completion_M_t0.1_50.v,mistral,M,0.1,50,0,0,0,NA,NA,NA
completions_mistral/completion_M_t0.1_51.v,mistral,M,0.1,51,0,0,0,NA,NA,NA
completions_mistral/completion_M_t0.1_52.v,mistral,M,0.1,52,0,0,0,NA,NA,NA
completions_mistral/completion_M_t0.1_53.v,mistral,M,0.1,53,0,0,0,NA,NA,NA
completions_mistral/completion_M_t0.1_54.v,mistral,M,0.1,54,0,0,0,NA,NA,NA
completions_mistral/completion_M_t0.1_55.v,mistral,M,0.1,55,0,0,0,NA,NA,NA
completions_mistral/completion_M_t0.1_56.v,mistral,M,0.1,56,0,0,0,NA,NA,NA
completions_mistral/completion_M_t0.1_57.v,mistral,M,0.1,57,0,0,0,NA,NA,NA
completions_mistral/completion_M_t0.1_58.v,mistral,M,0.1,58,0,0,0,NA,NA,NA
completions_mistral/completion_M_t0.1_59.v,mistral,M,0.1,59,0,0,0,NA,NA,NA
completions_mistral/completion_M_t0.1_60.v,mistral,M,0.1,60,0,0,0,NA,NA,NA
completions_mistral/completion_M_t0.1_61.v,mistral,M,0.1,61,0,0,0,NA,NA,NA
completions_mistral/completion_M_t0.1_62.v,mistral,M,0.1,62,1,1,0,"702939AB41CD240EFF500A625BAF81EB
",2526,302.776323
completions_mistral/completion_M_t0.1_63.v,mistral,M,0.1,63,0,0,0,NA,NA,NA
completions_mistral/completion_M_t0.1_64.v,mistral,M,0.1,64,1,1,0,"702939AB41CD240EFF500A625BAF81EB
",2526,302.776323
completions_mistral/completion_M_t0.1_65.v,mistral,M,0.1,65,0,0,0,NA,NA,NA
completions_mistral/completion_M_t0.1_66.v,mistral,M,0.1,66,1,1,0,"702939AB41CD240EFF500A625BAF81EB
",2526,302.776323
completions_mistral/completion_M_t0.1_67.v,mistral,M,0.1,67,0,0,0,NA,NA,NA
completions_mistral/completion_M_t0.1_68.v,mistral,M,0.1,68,1,1,0,"4D9C48FCA9024703E66F5A045B4344A3
",2527,302.776323
completions_mistral/completion_M_t0.1_69.v,mistral,M,0.1,69,1,1,0,"702939AB41CD240EFF500A625BAF81EB
",2526,302.776323
completions_mistral/completion_M_t0.1_70.v,mistral,M,0.1,70,0,0,0,NA,NA,NA
completions_mistral/completion_M_t0.1_71.v,mistral,M,0.1,71,0,0,0,NA,NA,NA
completions_mistral/completion_M_t0.1_72.v,mistral,M,0.1,72,0,0,0,NA,NA,NA
completions_mistral/completion_M_t0.1_73.v,mistral,M,0.1,73,0,0,0,NA,NA,NA
completions_mistral/completion_M_t0.1_74.v,mistral,M,0.1,74,0,0,0,NA,NA,NA
completions_mistral/completion_M_t0.1_75.v,mistral,M,0.1,75,0,0,0,NA,NA,NA
completions_mistral/completion_M_t0.1_76.v,mistral,M,0.1,76,0,0,0,NA,NA,NA
completions_mistral/completion_M_t0.1_77.v,mistral,M,0.1,77,0,0,0,NA,NA,NA
completions_mistral/completion_M_t0.1_78.v,mistral,M,0.1,78,1,1,0,"4D9C48FCA9024703E66F5A045B4344A3
",2527,302.776323
completions_mistral/completion_M_t0.1_79.v,mistral,M,0.1,79,0,0,0,NA,NA,NA
completions_mistral/completion_M_t0.1_80.v,mistral,M,0.1,80,0,0,0,NA,NA,NA
completions_mistral/completion_M_t0.1_81.v,mistral,M,0.1,81,0,0,0,NA,NA,NA
completions_mistral/completion_M_t0.1_82.v,mistral,M,0.1,82,0,0,0,NA,NA,NA
completions_mistral/completion_M_t0.1_83.v,mistral,M,0.1,83,0,0,0,NA,NA,NA
completions_mistral/completion_M_t0.1_84.v,mistral,M,0.1,84,0,0,0,NA,NA,NA
completions_mistral/completion_M_t0.1_85.v,mistral,M,0.1,85,0,0,0,NA,NA,NA
completions_mistral/completion_M_t0.1_86.v,mistral,M,0.1,86,0,0,0,NA,NA,NA
completions_mistral/completion_M_t0.1_87.v,mistral,M,0.1,87,0,0,0,NA,NA,NA
completions_mistral/completion_M_t0.1_88.v,mistral,M,0.1,88,0,0,0,NA,NA,NA
completions_mistral/completion_M_t0.1_89.v,mistral,M,0.1,89,0,0,0,NA,NA,NA
completions_mistral/completion_M_t0.1_90.v,mistral,M,0.1,90,0,0,0,NA,NA,NA
completions_mistral/completion_M_t0.1_91.v,mistral,M,0.1,91,0,0,0,NA,NA,NA
completions_mistral/completion_M_t0.1_92.v,mistral,M,0.1,92,0,0,0,NA,NA,NA
completions_mistral/completion_M_t0.1_93.v,mistral,M,0.1,93,0,0,0,NA,NA,NA
completions_mistral/completion_M_t0.1_94.v,mistral,M,0.1,94,0,0,0,NA,NA,NA
completions_mistral/completion_M_t0.1_95.v,mistral,M,0.1,95,0,0,0,NA,NA,NA
completions_mistral/completion_M_t0.1_96.v,mistral,M,0.1,96,0,0,0,NA,NA,NA
completions_mistral/completion_M_t0.1_97.v,mistral,M,0.1,97,0,0,0,NA,NA,NA
completions_mistral/completion_M_t0.1_98.v,mistral,M,0.1,98,1,1,0,"702939AB41CD240EFF500A625BAF81EB
",2526,302.776323
completions_mistral/completion_M_t0.1_99.v,mistral,M,0.1,99,0,0,0,NA,NA,NA
completions_mistral/completion_M_t0.3_0.v,mistral,M,0.3,0,0,0,0,NA,NA,NA
completions_mistral/completion_M_t0.3_1.v,mistral,M,0.3,1,0,0,0,NA,NA,NA
completions_mistral/completion_M_t0.3_2.v,mistral,M,0.3,2,0,0,0,NA,NA,NA
completions_mistral/completion_M_t0.3_3.v,mistral,M,0.3,3,1,1,0,"23837CD72B61420B01D5F86907C3E706
",2542,167.215104
completions_mistral/completion_M_t0.3_4.v,mistral,M,0.3,4,0,0,0,NA,NA,NA
completions_mistral/completion_M_t0.3_5.v,mistral,M,0.3,5,0,0,0,NA,NA,NA
completions_mistral/completion_M_t0.3_6.v,mistral,M,0.3,6,1,1,0,"F0683A2B0F7F0FB89342C977D472A823
",2533,318.701571
completions_mistral/completion_M_t0.3_7.v,mistral,M,0.3,7,0,0,0,NA,NA,NA
completions_mistral/completion_M_t0.3_8.v,mistral,M,0.3,8,0,0,0,NA,NA,NA
completions_mistral/completion_M_t0.3_9.v,mistral,M,0.3,9,0,0,0,NA,NA,NA
completions_mistral/completion_M_t0.3_10.v,mistral,M,0.3,10,0,0,0,NA,NA,NA
completions_mistral/completion_M_t0.3_11.v,mistral,M,0.3,11,1,1,0,"4D9C48FCA9024703E66F5A045B4344A3
",2527,302.776323
completions_mistral/completion_M_t0.3_12.v,mistral,M,0.3,12,0,0,0,NA,NA,NA
completions_mistral/completion_M_t0.3_13.v,mistral,M,0.3,13,0,0,0,NA,NA,NA
completions_mistral/completion_M_t0.3_14.v,mistral,M,0.3,14,1,1,0,"F7176DB018731FC4901E0122179A5840
",2543,0.000000
completions_mistral/completion_M_t0.3_15.v,mistral,M,0.3,15,0,0,0,NA,NA,NA
completions_mistral/completion_M_t0.3_16.v,mistral,M,0.3,16,0,0,0,NA,NA,NA
completions_mistral/completion_M_t0.3_17.v,mistral,M,0.3,17,1,1,0,"F97148B983F22805626ABFA766EE12F3
",2522,60.162048
completions_mistral/completion_M_t0.3_18.v,mistral,M,0.3,18,0,0,0,NA,NA,NA
completions_mistral/completion_M_t0.3_19.v,mistral,M,0.3,19,0,0,0,NA,NA,NA
completions_mistral/completion_M_t0.3_20.v,mistral,M,0.3,20,0,0,0,NA,NA,NA
completions_mistral/completion_M_t0.3_21.v,mistral,M,0.3,21,0,0,0,NA,NA,NA
completions_mistral/completion_M_t0.3_22.v,mistral,M,0.3,22,0,0,0,NA,NA,NA
completions_mistral/completion_M_t0.3_23.v,mistral,M,0.3,23,1,1,0,"A2C0F19733361FEE64C01F800FFE5AAC
",2501,127.401984
completions_mistral/completion_M_t0.3_24.v,mistral,M,0.3,24,0,0,0,NA,NA,NA
completions_mistral/completion_M_t0.3_25.v,mistral,M,0.3,25,0,0,0,NA,NA,NA
completions_mistral/completion_M_t0.3_26.v,mistral,M,0.3,26,0,0,0,NA,NA,NA
completions_mistral/completion_M_t0.3_27.v,mistral,M,0.3,27,1,1,0,"F7176DB018731FC4901E0122179A5840
",2543,NA
completions_mistral/completion_M_t0.3_28.v,mistral,M,0.3,28,0,0,0,NA,NA,NA
completions_mistral/completion_M_t0.3_29.v,mistral,M,0.3,29,0,0,0,NA,NA,NA
completions_mistral/completion_M_t0.3_30.v,mistral,M,0.3,30,1,1,0,"2EB516A53FBF514D18C2D15326B6D9E4
",2538,302.776323
completions_mistral/completion_M_t0.3_31.v,mistral,M,0.3,31,0,0,0,NA,NA,NA
completions_mistral/completion_M_t0.3_32.v,mistral,M,0.3,32,0,0,0,NA,NA,NA
completions_mistral/completion_M_t0.3_33.v,mistral,M,0.3,33,0,0,0,NA,NA,NA
completions_mistral/completion_M_t0.3_34.v,mistral,M,0.3,34,1,1,0,"9F256C81138B5703898E85924322E03A
",2534,191.102976
completions_mistral/completion_M_t0.3_35.v,mistral,M,0.3,35,0,0,0,NA,NA,NA
completions_mistral/completion_M_t0.3_36.v,mistral,M,0.3,36,0,0,0,NA,NA,NA
completions_mistral/completion_M_t0.3_37.v,mistral,M,0.3,37,0,0,0,NA,NA,NA
completions_mistral/completion_M_t0.3_38.v,mistral,M,0.3,38,0,0,0,NA,NA,NA
completions_mistral/completion_M_t0.3_39.v,mistral,M,0.3,39,0,0,0,NA,NA,NA
completions_mistral/completion_M_t0.3_40.v,mistral,M,0.3,40,0,0,0,NA,NA,NA
completions_mistral/completion_M_t0.3_41.v,mistral,M,0.3,41,0,0,0,NA,NA,NA
completions_mistral/completion_M_t0.3_42.v,mistral,M,0.3,42,1,1,0,"4E4D498F17C52B482A641988ACE4E935
",2530,75.694081
completions_mistral/completion_M_t0.3_43.v,mistral,M,0.3,43,0,0,0,NA,NA,NA
completions_mistral/completion_M_t0.3_44.v,mistral,M,0.3,44,0,0,0,NA,NA,NA
completions_mistral/completion_M_t0.3_45.v,mistral,M,0.3,45,0,0,0,NA,NA,NA
completions_mistral/completion_M_t0.3_46.v,mistral,M,0.3,46,0,0,0,NA,NA,NA
completions_mistral/completion_M_t0.3_47.v,mistral,M,0.3,47,1,1,0,"4D9C48FCA9024703E66F5A045B4344A3
",2527,302.776323
completions_mistral/completion_M_t0.3_48.v,mistral,M,0.3,48,0,0,0,NA,NA,NA
completions_mistral/completion_M_t0.3_49.v,mistral,M,0.3,49,0,0,0,NA,NA,NA
completions_mistral/completion_M_t0.3_50.v,mistral,M,0.3,50,0,0,0,NA,NA,NA
completions_mistral/completion_M_t0.3_51.v,mistral,M,0.3,51,0,0,0,NA,NA,NA
completions_mistral/completion_M_t0.3_52.v,mistral,M,0.3,52,0,0,0,NA,NA,NA
completions_mistral/completion_M_t0.3_53.v,mistral,M,0.3,53,1,1,0,"D093E254A90F691586B79CB8FA2CC9BB
",2535,302.776323
completions_mistral/completion_M_t0.3_54.v,mistral,M,0.3,54,0,0,0,NA,NA,NA
completions_mistral/completion_M_t0.3_55.v,mistral,M,0.3,55,1,1,0,"A21CBE8A60376D2CB87BFA6D9203A0BF
",2535,302.776323
completions_mistral/completion_M_t0.3_56.v,mistral,M,0.3,56,0,0,0,NA,NA,NA
completions_mistral/completion_M_t0.3_57.v,mistral,M,0.3,57,0,0,0,NA,NA,NA
completions_mistral/completion_M_t0.3_58.v,mistral,M,0.3,58,1,1,0,"2FE00F926A140F3067FF5DD034980594
",2532,331.087875
completions_mistral/completion_M_t0.3_59.v,mistral,M,0.3,59,0,0,0,NA,NA,NA
completions_mistral/completion_M_t0.3_60.v,mistral,M,0.3,60,1,1,0,"600FAE136756AA60A1BB387FEB71B0B4
",2520,75.350016
completions_mistral/completion_M_t0.3_61.v,mistral,M,0.3,61,0,0,0,NA,NA,NA
completions_mistral/completion_M_t0.3_62.v,mistral,M,0.3,62,0,0,0,NA,NA,NA
completions_mistral/completion_M_t0.3_63.v,mistral,M,0.3,63,0,0,0,NA,NA,NA
completions_mistral/completion_M_t0.3_64.v,mistral,M,0.3,64,0,0,0,NA,NA,NA
completions_mistral/completion_M_t0.3_65.v,mistral,M,0.3,65,0,0,0,NA,NA,NA
completions_mistral/completion_M_t0.3_66.v,mistral,M,0.3,66,1,1,0,"40FCAB68216DF24F375C3B422FAC4AC3
",2520,75.694081
completions_mistral/completion_M_t0.3_67.v,mistral,M,0.3,67,1,1,0,"A295319AF1AC26B2CEA04EFD3D53203E
",2509,184.025088
completions_mistral/completion_M_t0.3_68.v,mistral,M,0.3,68,0,0,0,NA,NA,NA
completions_mistral/completion_M_t0.3_69.v,mistral,M,0.3,69,0,0,0,NA,NA,NA
completions_mistral/completion_M_t0.3_70.v,mistral,M,0.3,70,0,0,0,NA,NA,NA
completions_mistral/completion_M_t0.3_71.v,mistral,M,0.3,71,1,1,0,"A21CBE8A60376D2CB87BFA6D9203A0BF
",2535,302.776323
completions_mistral/completion_M_t0.3_72.v,mistral,M,0.3,72,0,0,0,NA,NA,NA
completions_mistral/completion_M_t0.3_73.v,mistral,M,0.3,73,0,0,0,NA,NA,NA
completions_mistral/completion_M_t0.3_74.v,mistral,M,0.3,74,1,1,0,"A21CBE8A60376D2CB87BFA6D9203A0BF
",2535,302.776323
completions_mistral/completion_M_t0.3_75.v,mistral,M,0.3,75,0,0,0,NA,NA,NA
completions_mistral/completion_M_t0.3_76.v,mistral,M,0.3,76,0,0,0,NA,NA,NA
completions_mistral/completion_M_t0.3_77.v,mistral,M,0.3,77,0,0,0,NA,NA,NA
completions_mistral/completion_M_t0.3_78.v,mistral,M,0.3,78,0,0,0,NA,NA,NA
completions_mistral/completion_M_t0.3_79.v,mistral,M,0.3,79,1,1,0,"F717350618A941C4F3200122819A5856
",2539,112.361472
completions_mistral/completion_M_t0.3_80.v,mistral,M,0.3,80,1,1,0,"F7176DB018731FC4901E0122179A5840
",2543,NA
completions_mistral/completion_M_t0.3_81.v,mistral,M,0.3,81,0,0,0,NA,NA,NA
completions_mistral/completion_M_t0.3_82.v,mistral,M,0.3,82,0,0,0,NA,NA,NA
completions_mistral/completion_M_t0.3_83.v,mistral,M,0.3,83,1,1,0,"E3AAC8C0DCB021421DE8D09320B6965F
",2508,276.529155
completions_mistral/completion_M_t0.3_84.v,mistral,M,0.3,84,0,0,0,NA,NA,NA
completions_mistral/completion_M_t0.3_85.v,mistral,M,0.3,85,1,1,0,"3759BE28C33EB0A1A6226DBEDC35FEB1
",2516,276.529155
completions_mistral/completion_M_t0.3_86.v,mistral,M,0.3,86,1,1,0,"40FCABB0216D1F4F371E3B4217AC4AC3
",2518,NA
completions_mistral/completion_M_t0.3_87.v,mistral,M,0.3,87,1,1,0,"E04EFCD9323C5BAB5CC87C6AED201F40
",2549,134.479872
completions_mistral/completion_M_t0.3_88.v,mistral,M,0.3,88,0,0,0,NA,NA,NA
completions_mistral/completion_M_t0.3_89.v,mistral,M,0.3,89,1,1,0,"A21CBE8A60376D2CB87BFA6D9203A0BF
",2535,302.776323
completions_mistral/completion_M_t0.3_90.v,mistral,M,0.3,90,1,1,1,"6F0FA9163F92C56027EA4D329455D7D7
",0,191.102976
completions_mistral/completion_M_t0.3_91.v,mistral,M,0.3,91,0,0,0,NA,NA,NA
completions_mistral/completion_M_t0.3_92.v,mistral,M,0.3,92,0,0,0,NA,NA,NA
completions_mistral/completion_M_t0.3_93.v,mistral,M,0.3,93,0,0,0,NA,NA,NA
completions_mistral/completion_M_t0.3_94.v,mistral,M,0.3,94,0,0,0,NA,NA,NA
completions_mistral/completion_M_t0.3_95.v,mistral,M,0.3,95,1,1,0,"4D76E759ECAA092F336926DDAEE9CA93
",2523,111.329280
completions_mistral/completion_M_t0.3_96.v,mistral,M,0.3,96,1,1,0,"21FCABA9216D7D8E373261429D204AC3
",2535,75.694081
completions_mistral/completion_M_t0.3_97.v,mistral,M,0.3,97,0,0,0,NA,NA,NA
completions_mistral/completion_M_t0.3_98.v,mistral,M,0.3,98,0,0,0,NA,NA,NA
completions_mistral/completion_M_t0.3_99.v,mistral,M,0.3,99,0,0,0,NA,NA,NA
completions_mistral/completion_M_t0.5_0.v,mistral,M,0.5,0,1,1,0,"4E4D498F17C52B482A641988ACE4E935
",2530,75.694081
completions_mistral/completion_M_t0.5_1.v,mistral,M,0.5,1,1,1,1,"6F0FA9163F92C56027EA4D329455D7D7
",0,191.102976
completions_mistral/completion_M_t0.5_2.v,mistral,M,0.5,2,0,0,0,NA,NA,NA
completions_mistral/completion_M_t0.5_3.v,mistral,M,0.5,3,0,0,0,NA,NA,NA
completions_mistral/completion_M_t0.5_4.v,mistral,M,0.5,4,1,1,0,"73BCBAD379F4FDA9981FDA8F4B032B9E
",2526,145.096704
completions_mistral/completion_M_t0.5_5.v,mistral,M,0.5,5,0,0,0,NA,NA,NA
completions_mistral/completion_M_t0.5_6.v,mistral,M,0.5,6,0,0,0,NA,NA,NA
completions_mistral/completion_M_t0.5_7.v,mistral,M,0.5,7,1,1,0,"3EE30E10047B75BA8555EC3A0F2B345D
",2553,79.626240
completions_mistral/completion_M_t0.5_8.v,mistral,M,0.5,8,1,1,0,"A21CBE8A60376D2CB87BFA6D9203A0BF
",2535,302.776323
completions_mistral/completion_M_t0.5_9.v,mistral,M,0.5,9,0,0,0,NA,NA,NA
completions_mistral/completion_M_t0.5_10.v,mistral,M,0.5,10,0,0,0,NA,NA,NA
completions_mistral/completion_M_t0.5_11.v,mistral,M,0.5,11,1,1,0,"A21CBE8A60376D2CB87BFA6D9203A0BF
",2535,302.776323
completions_mistral/completion_M_t0.5_12.v,mistral,M,0.5,12,0,0,0,NA,NA,NA
completions_mistral/completion_M_t0.5_13.v,mistral,M,0.5,13,0,0,0,NA,NA,NA
completions_mistral/completion_M_t0.5_14.v,mistral,M,0.5,14,0,0,0,NA,NA,NA
completions_mistral/completion_M_t0.5_15.v,mistral,M,0.5,15,1,1,0,"F7176DB018731FC4901E0122179A5840
",2543,NA
completions_mistral/completion_M_t0.5_16.v,mistral,M,0.5,16,1,1,0,"D093E254A90F691586B79CB8FA2CC9BB
",2535,302.776323
completions_mistral/completion_M_t0.5_17.v,mistral,M,0.5,17,1,1,0,"F95918DA77EAC335B6F36C1C2B3E9E38
",2525,167.215104
completions_mistral/completion_M_t0.5_18.v,mistral,M,0.5,18,0,0,0,NA,NA,NA
completions_mistral/completion_M_t0.5_19.v,mistral,M,0.5,19,0,0,0,NA,NA,NA
completions_mistral/completion_M_t0.5_20.v,mistral,M,0.5,20,0,0,0,NA,NA,NA
completions_mistral/completion_M_t0.5_21.v,mistral,M,0.5,21,0,0,0,NA,NA,NA
completions_mistral/completion_M_t0.5_22.v,mistral,M,0.5,22,1,1,0,"40FCABC3216D334F37883B4251AC4AC3
",2536,75.694081
completions_mistral/completion_M_t0.5_23.v,mistral,M,0.5,23,1,1,0,"F7176DB018731FC4901E0122179A5840
",2543,NA
completions_mistral/completion_M_t0.5_24.v,mistral,M,0.5,24,1,1,0,"B2B7692D7BCA39B21CB1E31823F7437D
",2520,42.467328
completions_mistral/completion_M_t0.5_25.v,mistral,M,0.5,25,0,0,0,NA,NA,NA
completions_mistral/completion_M_t0.5_26.v,mistral,M,0.5,26,1,1,0,"40FCA3EB216D59783732590A9DACBC5F
",2533,86.310913
completions_mistral/completion_M_t0.5_27.v,mistral,M,0.5,27,0,0,0,NA,NA,NA
completions_mistral/completion_M_t0.5_28.v,mistral,M,0.5,28,1,1,0,"F96DFD8A4F55182C2D755C6D3BC300BF
",2534,377.094149
completions_mistral/completion_M_t0.5_29.v,mistral,M,0.5,29,1,1,0,"F719BA8F83B019C4D5A10122179A8603
",2547,NA
completions_mistral/completion_M_t0.5_30.v,mistral,M,0.5,30,1,1,0,"F9A1B6355CE44967BB3BA4A54794C39D
",2538,191.102976
completions_mistral/completion_M_t0.5_31.v,mistral,M,0.5,31,0,0,0,NA,NA,NA
completions_mistral/completion_M_t0.5_32.v,mistral,M,0.5,32,0,0,0,NA,NA,NA
completions_mistral/completion_M_t0.5_33.v,mistral,M,0.5,33,1,1,0,"6E1CBE8A95376D2C1A7BFA6D2B03A0BF
",2555,299.237379
completions_mistral/completion_M_t0.5_34.v,mistral,M,0.5,34,1,1,0,"4D9C48FCA9024703E66F5A045B4344A3
",2527,302.776323
completions_mistral/completion_M_t0.5_35.v,mistral,M,0.5,35,0,0,0,NA,NA,NA
completions_mistral/completion_M_t0.5_36.v,mistral,M,0.5,36,1,1,0,"F7176DB018731FC4901E0122179A5840
",2543,NA
completions_mistral/completion_M_t0.5_37.v,mistral,M,0.5,37,0,0,0,NA,NA,NA
completions_mistral/completion_M_t0.5_38.v,mistral,M,0.5,38,1,1,0,"F7176DB018731FC4901E0122179A5840
",2542,NA
completions_mistral/completion_M_t0.5_39.v,mistral,M,0.5,39,0,0,0,NA,NA,NA
completions_mistral/completion_M_t0.5_40.v,mistral,M,0.5,40,0,0,0,NA,NA,NA
completions_mistral/completion_M_t0.5_41.v,mistral,M,0.5,41,0,0,0,NA,NA,NA
completions_mistral/completion_M_t0.5_42.v,mistral,M,0.5,42,1,1,0,"A1507FB0DD2A1F41921E3CF517E0BC65
",2546,156.598272
completions_mistral/completion_M_t0.5_43.v,mistral,M,0.5,43,0,0,0,NA,NA,NA
completions_mistral/completion_M_t0.5_44.v,mistral,M,0.5,44,0,0,0,NA,NA,NA
completions_mistral/completion_M_t0.5_45.v,mistral,M,0.5,45,0,0,0,NA,NA,NA
completions_mistral/completion_M_t0.5_46.v,mistral,M,0.5,46,1,1,0,"E3AAC8C0DCB021421DE8D09320B6965F
",2508,276.529155
completions_mistral/completion_M_t0.5_47.v,mistral,M,0.5,47,1,1,0,"253FE54433C4D6714D954ACECCF7BFB5
",2539,42.467328
completions_mistral/completion_M_t0.5_48.v,mistral,M,0.5,48,1,1,0,"12176DB018731F17901E632217805840
",2548,75.694081
completions_mistral/completion_M_t0.5_49.v,mistral,M,0.5,49,0,0,0,NA,NA,NA
completions_mistral/completion_M_t0.5_50.v,mistral,M,0.5,50,1,1,1,"6F0FA9163F92C56027EA4D329455D7D7
",0,191.102976
completions_mistral/completion_M_t0.5_51.v,mistral,M,0.5,51,0,0,0,NA,NA,NA
completions_mistral/completion_M_t0.5_52.v,mistral,M,0.5,52,1,1,0,"D093E254A90F691586B79CB8FA2CC9BB
",2535,302.776323
completions_mistral/completion_M_t0.5_53.v,mistral,M,0.5,53,0,0,0,NA,NA,NA
completions_mistral/completion_M_t0.5_54.v,mistral,M,0.5,54,0,0,0,NA,NA,NA
completions_mistral/completion_M_t0.5_55.v,mistral,M,0.5,55,1,1,1,"6F0FA9163F92C56027EA4D329455D7D7
",0,192.724992
completions_mistral/completion_M_t0.5_56.v,mistral,M,0.5,56,0,0,0,NA,NA,NA
completions_mistral/completion_M_t0.5_57.v,mistral,M,0.5,57,1,1,0,"4D9C48FCA9024703E66F5A045B4344A3
",2527,302.776323
completions_mistral/completion_M_t0.5_58.v,mistral,M,0.5,58,1,1,0,"56256FCA8256382DEE0B9091C144883D
",2546,193.904640
completions_mistral/completion_M_t0.5_59.v,mistral,M,0.5,59,0,0,0,NA,NA,NA
completions_mistral/completion_M_t0.5_60.v,mistral,M,0.5,60,1,1,0,"537C9404C071490CB598736A58AEA749
",2524,148.635648
completions_mistral/completion_M_t0.5_61.v,mistral,M,0.5,61,1,1,0,"F9A1B6355CE44967BB3BA4A54794C39D
",2538,191.102976
completions_mistral/completion_M_t0.5_62.v,mistral,M,0.5,62,1,1,0,"F7176DB018731FC4901E0122179A5840
",2543,NA
completions_mistral/completion_M_t0.5_63.v,mistral,M,0.5,63,0,0,0,NA,NA,NA
completions_mistral/completion_M_t0.5_64.v,mistral,M,0.5,64,0,0,0,NA,NA,NA
completions_mistral/completion_M_t0.5_65.v,mistral,M,0.5,65,0,0,0,NA,NA,NA
completions_mistral/completion_M_t0.5_66.v,mistral,M,0.5,66,0,0,0,NA,NA,NA
completions_mistral/completion_M_t0.5_67.v,mistral,M,0.5,67,0,0,0,NA,NA,NA
completions_mistral/completion_M_t0.5_68.v,mistral,M,0.5,68,1,1,0,"56256FCA8256382DEE0B9091C144883D
",2546,191.102976
completions_mistral/completion_M_t0.5_69.v,mistral,M,0.5,69,0,0,0,NA,NA,NA
completions_mistral/completion_M_t0.5_70.v,mistral,M,0.5,70,0,0,0,NA,NA,NA
completions_mistral/completion_M_t0.5_71.v,mistral,M,0.5,71,0,0,0,NA,NA,NA
completions_mistral/completion_M_t0.5_72.v,mistral,M,0.5,72,0,0,0,NA,NA,NA
completions_mistral/completion_M_t0.5_73.v,mistral,M,0.5,73,0,0,0,NA,NA,NA
completions_mistral/completion_M_t0.5_74.v,mistral,M,0.5,74,0,0,0,NA,NA,NA
completions_mistral/completion_M_t0.5_75.v,mistral,M,0.5,75,1,1,0,"40E50AA921AAF94F3746B8429DAE7DC3
",2533,28.311552
completions_mistral/completion_M_t0.5_76.v,mistral,M,0.5,76,1,1,0,"E672D241C09A8AFFD0DCC19A0814CD7C
",2532,90.243072
completions_mistral/completion_M_t0.5_77.v,mistral,M,0.5,77,0,0,0,NA,NA,NA
completions_mistral/completion_M_t0.5_78.v,mistral,M,0.5,78,0,0,0,NA,NA,NA
completions_mistral/completion_M_t0.5_79.v,mistral,M,0.5,79,0,0,0,NA,NA,NA
completions_mistral/completion_M_t0.5_80.v,mistral,M,0.5,80,0,0,0,NA,NA,NA
completions_mistral/completion_M_t0.5_81.v,mistral,M,0.5,81,0,0,0,NA,NA,NA
completions_mistral/completion_M_t0.5_82.v,mistral,M,0.5,82,0,0,0,NA,NA,NA
completions_mistral/completion_M_t0.5_83.v,mistral,M,0.5,83,0,0,0,NA,NA,NA
completions_mistral/completion_M_t0.5_84.v,mistral,M,0.5,84,0,0,0,NA,NA,NA
completions_mistral/completion_M_t0.5_85.v,mistral,M,0.5,85,1,1,0,"F7176DB018731FC4901E0122179A5840
",2543,NA
completions_mistral/completion_M_t0.5_86.v,mistral,M,0.5,86,0,0,0,NA,NA,NA
completions_mistral/completion_M_t0.5_87.v,mistral,M,0.5,87,1,1,0,"6645FC8A25690D58BCEC1F58602587AF
",2493,148.635648
completions_mistral/completion_M_t0.5_88.v,mistral,M,0.5,88,0,0,0,NA,NA,NA
completions_mistral/completion_M_t0.5_89.v,mistral,M,0.5,89,0,0,0,NA,NA,NA
completions_mistral/completion_M_t0.5_90.v,mistral,M,0.5,90,0,0,0,NA,NA,NA
completions_mistral/completion_M_t0.5_91.v,mistral,M,0.5,91,0,0,0,NA,NA,NA
completions_mistral/completion_M_t0.5_92.v,mistral,M,0.5,92,0,0,0,NA,NA,NA
completions_mistral/completion_M_t0.5_93.v,mistral,M,0.5,93,1,1,0,"12176DB018731FCB901E922217DB5840
",2540,39.813120
completions_mistral/completion_M_t0.5_94.v,mistral,M,0.5,94,1,1,0,"F7176DB018731FC4901E0122179A5840
",2543,NA
completions_mistral/completion_M_t0.5_95.v,mistral,M,0.5,95,0,0,0,NA,NA,NA
completions_mistral/completion_M_t0.5_96.v,mistral,M,0.5,96,0,0,0,NA,NA,NA
completions_mistral/completion_M_t0.5_97.v,mistral,M,0.5,97,1,1,0,"E6A214A3D9B3C32A8F94C9756030C6B0
",2522,42.467328
completions_mistral/completion_M_t0.5_98.v,mistral,M,0.5,98,1,1,0,"4E4D498F17C52B482A641988ACE4E935
",2530,75.694081
completions_mistral/completion_M_t0.5_99.v,mistral,M,0.5,99,0,0,0,NA,NA,NA
completions_mistral/completion_M_t0.7_0.v,mistral,M,0.7,0,1,1,0,"A21CBE8A60376D2CB87BFA6D9203A0BF
",2535,302.776323
completions_mistral/completion_M_t0.7_1.v,mistral,M,0.7,1,1,1,0,"E3AAC8C0DCB021421DE8D09320B6965F
",2508,276.529155
completions_mistral/completion_M_t0.7_2.v,mistral,M,0.7,2,0,0,0,NA,NA,NA
completions_mistral/completion_M_t0.7_3.v,mistral,M,0.7,3,1,1,0,"F7176D7718981FC4901E0122179A5840
",2560,NA
completions_mistral/completion_M_t0.7_4.v,mistral,M,0.7,4,0,0,0,NA,NA,NA
completions_mistral/completion_M_t0.7_5.v,mistral,M,0.7,5,0,0,0,NA,NA,NA
completions_mistral/completion_M_t0.7_6.v,mistral,M,0.7,6,0,0,0,NA,NA,NA
completions_mistral/completion_M_t0.7_7.v,mistral,M,0.7,7,1,1,0,"F7176DB018731FC4901E0122179A5840
",2543,NA
completions_mistral/completion_M_t0.7_8.v,mistral,M,0.7,8,0,0,0,NA,NA,NA
completions_mistral/completion_M_t0.7_9.v,mistral,M,0.7,9,0,0,0,NA,NA,NA
completions_mistral/completion_M_t0.7_10.v,mistral,M,0.7,10,0,0,0,NA,NA,NA
completions_mistral/completion_M_t0.7_11.v,mistral,M,0.7,11,0,0,0,NA,NA,NA
completions_mistral/completion_M_t0.7_12.v,mistral,M,0.7,12,0,0,0,NA,NA,NA
completions_mistral/completion_M_t0.7_13.v,mistral,M,0.7,13,0,0,0,NA,NA,NA
completions_mistral/completion_M_t0.7_14.v,mistral,M,0.7,14,1,1,1,"6F0FA9163F92C56027EA4D329455D7D7
",0,191.102976
completions_mistral/completion_M_t0.7_15.v,mistral,M,0.7,15,1,1,0,"F7176DB018731FC4901E0122179A5840
",2543,NA
completions_mistral/completion_M_t0.7_16.v,mistral,M,0.7,16,0,0,0,NA,NA,NA
completions_mistral/completion_M_t0.7_17.v,mistral,M,0.7,17,0,0,0,NA,NA,NA
completions_mistral/completion_M_t0.7_18.v,mistral,M,0.7,18,1,1,0,"40FC112B216D94293732DE329DAC7CEA
",2539,99.581953
completions_mistral/completion_M_t0.7_19.v,mistral,M,0.7,19,0,0,0,NA,NA,NA
completions_mistral/completion_M_t0.7_20.v,mistral,M,0.7,20,1,1,0,"F7176DB018731FC4901E0122179A5840
",2543,NA
completions_mistral/completion_M_t0.7_21.v,mistral,M,0.7,21,0,0,0,NA,NA,NA
completions_mistral/completion_M_t0.7_22.v,mistral,M,0.7,22,1,1,0,"F7176DB018731FC4901E0122179A5840
",2543,NA
completions_mistral/completion_M_t0.7_23.v,mistral,M,0.7,23,1,1,0,"E3AAC8C0DCB021421DE8D09320B6965F
",2508,276.529155
completions_mistral/completion_M_t0.7_24.v,mistral,M,0.7,24,1,1,0,"C188880835AF43CC8A755CDABF6C5ABB
",2536,116.785152
completions_mistral/completion_M_t0.7_25.v,mistral,M,0.7,25,0,0,0,NA,NA,NA
completions_mistral/completion_M_t0.7_26.v,mistral,M,0.7,26,1,1,0,"40FCABA9216D7D4F37323B539DAC4AEF
",2542,4.423680
completions_mistral/completion_M_t0.7_27.v,mistral,M,0.7,27,1,1,0,"93FEBE41C1C38724D8FA9BAB6E87E1F5
",2517,191.397888
completions_mistral/completion_M_t0.7_28.v,mistral,M,0.7,28,1,1,0,"F7176DB018731FC4901E0122179A5840
",2543,NA
completions_mistral/completion_M_t0.7_29.v,mistral,M,0.7,29,0,0,0,NA,NA,NA
completions_mistral/completion_M_t0.7_30.v,mistral,M,0.7,30,1,1,1,"6F0FA9163F92C56027EA4D329455D7D7
",0,191.102976
completions_mistral/completion_M_t0.7_31.v,mistral,M,0.7,31,0,0,0,NA,NA,NA
completions_mistral/completion_M_t0.7_32.v,mistral,M,0.7,32,1,1,0,"A21CBE8A60376D2CB87BFA6D9203A0BF
",2535,302.776323
completions_mistral/completion_M_t0.7_33.v,mistral,M,0.7,33,1,1,0,"F7176DB018731FC4901E0122179A5840
",2543,NA
completions_mistral/completion_M_t0.7_34.v,mistral,M,0.7,34,0,0,0,NA,NA,NA
completions_mistral/completion_M_t0.7_35.v,mistral,M,0.7,35,0,0,0,NA,NA,NA
completions_mistral/completion_M_t0.7_36.v,mistral,M,0.7,36,1,1,0,"71DCE2C0D16AE0FA354FBE2911868151
",2546,559.153169
completions_mistral/completion_M_t0.7_37.v,mistral,M,0.7,37,1,1,0,"56256FCA8256382DEE0B9091C144883D
",2546,193.904640
completions_mistral/completion_M_t0.7_38.v,mistral,M,0.7,38,1,1,0,"D093E254A90F691586B79CB8FA2CC9BB
",2535,302.776323
completions_mistral/completion_M_t0.7_39.v,mistral,M,0.7,39,1,1,0,"F97D39C24E6203812D13D447DA2938E3
",2531,193.314816
completions_mistral/completion_M_t0.7_40.v,mistral,M,0.7,40,1,1,0,"CF53619DD725E3A894E772F8AA73B6B0
",2557,158.220288
completions_mistral/completion_M_t0.7_41.v,mistral,M,0.7,41,1,1,0,"4D9C48FCA9024703E66F5A045B4344A3
",2527,302.776323
completions_mistral/completion_M_t0.7_42.v,mistral,M,0.7,42,1,1,0,"F97D39C24E6203812D13D447DA2938E3
",2531,191.102976
completions_mistral/completion_M_t0.7_43.v,mistral,M,0.7,43,1,1,0,"FF176DB018731F3E901E7B22176A5840
",2546,15.925248
completions_mistral/completion_M_t0.7_44.v,mistral,M,0.7,44,1,1,0,"7C389AD739B9129451600FDAAEC3952C
",2501,210.567168
completions_mistral/completion_M_t0.7_45.v,mistral,M,0.7,45,1,1,0,"A4B4222A0ECEC804F21135B0E4973C3D
",2550,141.410304
completions_mistral/completion_M_t0.7_46.v,mistral,M,0.7,46,1,1,0,"40FCABC3216D7E4F37A33B4221AC4AC3
",2541,44.236800
completions_mistral/completion_M_t0.7_47.v,mistral,M,0.7,47,0,0,0,NA,NA,NA
completions_mistral/completion_M_t0.7_48.v,mistral,M,0.7,48,1,1,0,"F7176D211873BCC4907301224F9A5840
",2544,NA
completions_mistral/completion_M_t0.7_49.v,mistral,M,0.7,49,1,1,1,"6F0FA9163F92C56027EA4D329455D7D7
",0,191.102976
completions_mistral/completion_M_t0.7_50.v,mistral,M,0.7,50,1,1,0,"EFFCABA9216D7D383732EC429DED4AC3
",2531,53.526528
completions_mistral/completion_M_t0.7_51.v,mistral,M,0.7,51,0,0,0,NA,NA,NA
completions_mistral/completion_M_t0.7_52.v,mistral,M,0.7,52,1,1,0,"6C35FC106117A6B47DBA7D9DD738D2B3
",2541,302.776323
completions_mistral/completion_M_t0.7_53.v,mistral,M,0.7,53,1,1,0,"40FC49AA213A654F45CB3B424BAC4A94
",2533,10.616832
completions_mistral/completion_M_t0.7_54.v,mistral,M,0.7,54,1,1,0,"6CBE301B3B410B2C3E08890CD45531D2
",2546,302.776323
completions_mistral/completion_M_t0.7_55.v,mistral,M,0.7,55,0,0,0,NA,NA,NA
completions_mistral/completion_M_t0.7_56.v,mistral,M,0.7,56,0,0,0,NA,NA,NA
completions_mistral/completion_M_t0.7_57.v,mistral,M,0.7,57,1,1,0,"1486B23304E1FFB8F745CFBC1B852154
",2528,182.403072
completions_mistral/completion_M_t0.7_58.v,mistral,M,0.7,58,0,0,0,NA,NA,NA
completions_mistral/completion_M_t0.7_59.v,mistral,M,0.7,59,0,0,0,NA,NA,NA
completions_mistral/completion_M_t0.7_60.v,mistral,M,0.7,60,1,1,0,"40FCAB76216DF14F376B3B42B4AC4AC3
",2533,35.389440
completions_mistral/completion_M_t0.7_61.v,mistral,M,0.7,61,1,1,1,"6F0FA9163F92C56027EA4D329455D7D7
",0,192.724992
completions_mistral/completion_M_t0.7_62.v,mistral,M,0.7,62,0,0,0,NA,NA,NA
completions_mistral/completion_M_t0.7_63.v,mistral,M,0.7,63,1,1,0,"F7176DB018731FC4901E0122179A5840
",2543,NA
completions_mistral/completion_M_t0.7_64.v,mistral,M,0.7,64,1,1,0,"40FCABA9216D7D4F37323B429DAC4AC3
",2535,58.097665
completions_mistral/completion_M_t0.7_65.v,mistral,M,0.7,65,1,1,0,"D08DBB107827BEB431CA369D6351B4B3
",2545,377.094149
completions_mistral/completion_M_t0.7_66.v,mistral,M,0.7,66,1,1,0,"F96DFD8A4F55182C2D755C6D3BC300BF
",2534,377.094149
completions_mistral/completion_M_t0.7_67.v,mistral,M,0.7,67,0,0,0,NA,NA,NA
completions_mistral/completion_M_t0.7_68.v,mistral,M,0.7,68,0,0,0,NA,NA,NA
completions_mistral/completion_M_t0.7_69.v,mistral,M,0.7,69,0,0,0,NA,NA,NA
completions_mistral/completion_M_t0.7_70.v,mistral,M,0.7,70,1,1,0,"56256FCA8256382DEE0B9091C144883D
",2546,191.102976
completions_mistral/completion_M_t0.7_71.v,mistral,M,0.7,71,1,1,0,"F7176DB018731FC4901E0122179A5840
",2543,NA
completions_mistral/completion_M_t0.7_72.v,mistral,M,0.7,72,0,0,0,NA,NA,NA
completions_mistral/completion_M_t0.7_73.v,mistral,M,0.7,73,0,0,0,NA,NA,NA
completions_mistral/completion_M_t0.7_74.v,mistral,M,0.7,74,1,1,0,"01F0A3A93B037DD2370BDFD9A2F2BCC3
",2544,68.272128
completions_mistral/completion_M_t0.7_75.v,mistral,M,0.7,75,0,0,0,NA,NA,NA
completions_mistral/completion_M_t0.7_76.v,mistral,M,0.7,76,1,1,0,"D093E254A90F691586B79CB8FA2CC9BB
",2535,302.776323
completions_mistral/completion_M_t0.7_77.v,mistral,M,0.7,77,1,1,0,"4D9C48FCA9024703E66F5A045B4344A3
",2527,302.776323
completions_mistral/completion_M_t0.7_78.v,mistral,M,0.7,78,1,1,0,"4D9C48FCA9024703E66F5A045B4344A3
",2527,302.776323
completions_mistral/completion_M_t0.7_79.v,mistral,M,0.7,79,1,1,0,"A21CBE8A60376D2CB87BFA6D9203A0BF
",2535,302.776323
completions_mistral/completion_M_t0.7_80.v,mistral,M,0.7,80,1,1,0,"6BBF6984DE7BE6C351ED2721BA3F1EA1
",2528,212.189184
completions_mistral/completion_M_t0.7_81.v,mistral,M,0.7,81,0,0,0,NA,NA,NA
completions_mistral/completion_M_t0.7_82.v,mistral,M,0.7,82,1,1,0,"40FCABDB216D454F37C13B423AAC4AC3
",2538,42.467328
completions_mistral/completion_M_t0.7_83.v,mistral,M,0.7,83,1,1,0,"4754DE36612B94099BBB4F8F7A12960F
",2527,230.277122
completions_mistral/completion_M_t0.7_84.v,mistral,M,0.7,84,0,0,0,NA,NA,NA
completions_mistral/completion_M_t0.7_85.v,mistral,M,0.7,85,1,1,0,"F96DFD8A4F55182C2D755C6D3BC300BF
",2534,377.094149
completions_mistral/completion_M_t0.7_86.v,mistral,M,0.7,86,1,1,0,"5825E800EBE063006C42BC4FCFB21DC0
",2518,153.206784
completions_mistral/completion_M_t0.7_87.v,mistral,M,0.7,87,1,1,0,"F7176DB018731FC4901E0122179A5840
",2543,NA
completions_mistral/completion_M_t0.7_88.v,mistral,M,0.7,88,0,0,0,NA,NA,NA
completions_mistral/completion_M_t0.7_89.v,mistral,M,0.7,89,1,0,0,NA,NA,NA
completions_mistral/completion_M_t0.7_90.v,mistral,M,0.7,90,1,1,0,"55791D7B39AF0FAA83A1EDCE26EA51A5
",2538,135.512064
completions_mistral/completion_M_t0.7_91.v,mistral,M,0.7,91,0,0,0,NA,NA,NA
completions_mistral/completion_M_t0.7_92.v,mistral,M,0.7,92,0,0,0,NA,NA,NA
completions_mistral/completion_M_t0.7_93.v,mistral,M,0.7,93,1,1,1,"6F0FA9163F92C56027EA4D329455D7D7
",0,191.102976
completions_mistral/completion_M_t0.7_94.v,mistral,M,0.7,94,1,1,0,"4D9C48FCA9024703E66F5A045B4344A3
",2527,302.776323
completions_mistral/completion_M_t0.7_95.v,mistral,M,0.7,95,1,1,0,"F745368CCAB03AC6C79C1E8303B42894
",2538,NA
completions_mistral/completion_M_t0.7_96.v,mistral,M,0.7,96,1,1,0,"A21CBE8A60376D2CB87BFA6D9203A0BF
",2535,302.776323
completions_mistral/completion_M_t0.7_97.v,mistral,M,0.7,97,0,0,0,NA,NA,NA
completions_mistral/completion_M_t0.7_98.v,mistral,M,0.7,98,0,0,0,NA,NA,NA
completions_mistral/completion_M_t0.7_99.v,mistral,M,0.7,99,0,0,0,NA,NA,NA
completions_mistral/completion_M_t1.0_0.v,mistral,M,1.0,0,1,1,0,"D093E254A90F691586B79CB8FA2CC9BB
",2535,302.776323
completions_mistral/completion_M_t1.0_1.v,mistral,M,1.0,1,0,0,0,NA,NA,NA
completions_mistral/completion_M_t1.0_2.v,mistral,M,1.0,2,1,1,0,"4D9C48FCA9024703E66F5A045B4344A3
",2527,302.776323
completions_mistral/completion_M_t1.0_3.v,mistral,M,1.0,3,0,0,0,NA,NA,NA
completions_mistral/completion_M_t1.0_4.v,mistral,M,1.0,4,0,0,0,NA,NA,NA
completions_mistral/completion_M_t1.0_5.v,mistral,M,1.0,5,0,0,0,NA,NA,NA
completions_mistral/completion_M_t1.0_6.v,mistral,M,1.0,6,0,0,0,NA,NA,NA
completions_mistral/completion_M_t1.0_7.v,mistral,M,1.0,7,0,0,0,NA,NA,NA
completions_mistral/completion_M_t1.0_8.v,mistral,M,1.0,8,0,0,0,NA,NA,NA
completions_mistral/completion_M_t1.0_9.v,mistral,M,1.0,9,1,1,0,"70A6D4A08792A47A424836C9A8F9E707
",2535,118.259712
completions_mistral/completion_M_t1.0_10.v,mistral,M,1.0,10,0,0,0,NA,NA,NA
completions_mistral/completion_M_t1.0_11.v,mistral,M,1.0,11,1,1,0,"BD590357BD16E00BA8A6D1206047CCDA
",2515,0.000000
completions_mistral/completion_M_t1.0_12.v,mistral,M,1.0,12,0,0,0,NA,NA,NA
completions_mistral/completion_M_t1.0_13.v,mistral,M,1.0,13,0,0,0,NA,NA,NA
completions_mistral/completion_M_t1.0_14.v,mistral,M,1.0,14,1,1,0,"8DBCC4BEC825D1D513E630E3685C420B
",2536,191.102976
completions_mistral/completion_M_t1.0_15.v,mistral,M,1.0,15,0,0,0,NA,NA,NA
completions_mistral/completion_M_t1.0_16.v,mistral,M,1.0,16,0,0,0,NA,NA,NA
completions_mistral/completion_M_t1.0_17.v,mistral,M,1.0,17,1,1,0,"F92FAD7EBC7F1ED99CD86F26137E50D5
",2524,72.105984
completions_mistral/completion_M_t1.0_18.v,mistral,M,1.0,18,1,1,0,"63176DB018731F9A901E6D2217DB5840
",2529,NA
completions_mistral/completion_M_t1.0_19.v,mistral,M,1.0,19,0,0,0,NA,NA,NA
completions_mistral/completion_M_t1.0_20.v,mistral,M,1.0,20,0,0,0,NA,NA,NA
completions_mistral/completion_M_t1.0_21.v,mistral,M,1.0,21,0,0,0,NA,NA,NA
completions_mistral/completion_M_t1.0_22.v,mistral,M,1.0,22,0,0,0,NA,NA,NA
completions_mistral/completion_M_t1.0_23.v,mistral,M,1.0,23,0,0,0,NA,NA,NA
completions_mistral/completion_M_t1.0_24.v,mistral,M,1.0,24,0,0,0,NA,NA,NA
completions_mistral/completion_M_t1.0_25.v,mistral,M,1.0,25,0,0,0,NA,NA,NA
completions_mistral/completion_M_t1.0_26.v,mistral,M,1.0,26,0,0,0,NA,NA,NA
completions_mistral/completion_M_t1.0_27.v,mistral,M,1.0,27,1,1,0,"91176DB018731FBD901E1E2217875840
",2527,7.077888
completions_mistral/completion_M_t1.0_28.v,mistral,M,1.0,28,0,0,0,NA,NA,NA
completions_mistral/completion_M_t1.0_29.v,mistral,M,1.0,29,1,1,0,"40E37D911CDC051A546A474C95FFB221
",2538,178.126848
completions_mistral/completion_M_t1.0_30.v,mistral,M,1.0,30,0,0,0,NA,NA,NA
completions_mistral/completion_M_t1.0_31.v,mistral,M,1.0,31,1,1,0,"65E9E45BDB7C67654B8D8ACEF8357ACD
",2539,161.464320
completions_mistral/completion_M_t1.0_32.v,mistral,M,1.0,32,0,0,0,NA,NA,NA
completions_mistral/completion_M_t1.0_33.v,mistral,M,1.0,33,0,0,0,NA,NA,NA
completions_mistral/completion_M_t1.0_34.v,mistral,M,1.0,34,1,1,0,"ED6D9F93F212C0C5D4CE9EDD52753FEB
",2537,93.929472
completions_mistral/completion_M_t1.0_35.v,mistral,M,1.0,35,0,0,0,NA,NA,NA
completions_mistral/completion_M_t1.0_36.v,mistral,M,1.0,36,1,1,0,"4934242FD8C99B29E9046205FD513FA3
",2536,136.839168
completions_mistral/completion_M_t1.0_37.v,mistral,M,1.0,37,0,0,0,NA,NA,NA
completions_mistral/completion_M_t1.0_38.v,mistral,M,1.0,38,0,0,0,NA,NA,NA
completions_mistral/completion_M_t1.0_39.v,mistral,M,1.0,39,0,0,0,NA,NA,NA
completions_mistral/completion_M_t1.0_40.v,mistral,M,1.0,40,0,0,0,NA,NA,NA
completions_mistral/completion_M_t1.0_41.v,mistral,M,1.0,41,0,0,0,NA,NA,NA
completions_mistral/completion_M_t1.0_42.v,mistral,M,1.0,42,1,1,0,"4D740469F76B39C7AABD83FE9BBE57E6
",2538,67.682304
completions_mistral/completion_M_t1.0_43.v,mistral,M,1.0,43,1,1,0,"3B6E77D9C346F702CA23577EBA9DC848
",2516,42.467328
completions_mistral/completion_M_t1.0_44.v,mistral,M,1.0,44,0,0,0,NA,NA,NA
completions_mistral/completion_M_t1.0_45.v,mistral,M,1.0,45,0,0,0,NA,NA,NA
completions_mistral/completion_M_t1.0_46.v,mistral,M,1.0,46,1,1,0,"F7176D8018731F25901E0138179A58D1
",2535,47.775744
completions_mistral/completion_M_t1.0_47.v,mistral,M,1.0,47,0,0,0,NA,NA,NA
completions_mistral/completion_M_t1.0_48.v,mistral,M,1.0,48,1,1,0,"4D9C48FCA9024703E66F5A045B4344A3
",2527,302.776323
completions_mistral/completion_M_t1.0_49.v,mistral,M,1.0,49,1,1,0,"446D8FE54A925F6C0372659C4DC45434
",2524,302.776323
completions_mistral/completion_M_t1.0_50.v,mistral,M,1.0,50,1,1,0,"AF3065B0A33F38156585B05902C83EB4
",2534,67.682304
completions_mistral/completion_M_t1.0_51.v,mistral,M,1.0,51,0,0,0,NA,NA,NA
completions_mistral/completion_M_t1.0_52.v,mistral,M,1.0,52,0,0,0,NA,NA,NA
completions_mistral/completion_M_t1.0_53.v,mistral,M,1.0,53,1,0,0,NA,NA,NA
completions_mistral/completion_M_t1.0_54.v,mistral,M,1.0,54,0,0,0,NA,NA,NA
completions_mistral/completion_M_t1.0_55.v,mistral,M,1.0,55,0,0,0,NA,NA,NA
completions_mistral/completion_M_t1.0_56.v,mistral,M,1.0,56,1,1,0,"F7176DB018731FC4901E0122179A5840
",2543,NA
completions_mistral/completion_M_t1.0_57.v,mistral,M,1.0,57,0,0,0,NA,NA,NA
completions_mistral/completion_M_t1.0_58.v,mistral,M,1.0,58,0,0,0,NA,NA,NA
completions_mistral/completion_M_t1.0_59.v,mistral,M,1.0,59,0,0,0,NA,NA,NA
completions_mistral/completion_M_t1.0_60.v,mistral,M,1.0,60,0,0,0,NA,NA,NA
completions_mistral/completion_M_t1.0_61.v,mistral,M,1.0,61,0,0,0,NA,NA,NA
completions_mistral/completion_M_t1.0_62.v,mistral,M,1.0,62,0,0,0,NA,NA,NA
completions_mistral/completion_M_t1.0_63.v,mistral,M,1.0,63,1,1,0,"852BCE9DD3A8E9A85C5932F88E2283B0
",2539,75.694081
completions_mistral/completion_M_t1.0_64.v,mistral,M,1.0,64,0,0,0,NA,NA,NA
completions_mistral/completion_M_t1.0_65.v,mistral,M,1.0,65,0,0,0,NA,NA,NA
completions_mistral/completion_M_t1.0_66.v,mistral,M,1.0,66,0,0,0,NA,NA,NA
completions_mistral/completion_M_t1.0_67.v,mistral,M,1.0,67,1,1,0,"F96DFD8A4F55182C2D755C6D3BC300BF
",2534,377.094149
completions_mistral/completion_M_t1.0_68.v,mistral,M,1.0,68,0,0,0,NA,NA,NA
completions_mistral/completion_M_t1.0_69.v,mistral,M,1.0,69,0,0,0,NA,NA,NA
completions_mistral/completion_M_t1.0_70.v,mistral,M,1.0,70,0,0,0,NA,NA,NA
completions_mistral/completion_M_t1.0_71.v,mistral,M,1.0,71,0,0,0,NA,NA,NA
completions_mistral/completion_M_t1.0_72.v,mistral,M,1.0,72,1,1,1,"6F0FA9163F92C56027EA4D329455D7D7
",0,192.872448
completions_mistral/completion_M_t1.0_73.v,mistral,M,1.0,73,0,0,0,NA,NA,NA
completions_mistral/completion_M_t1.0_74.v,mistral,M,1.0,74,0,0,0,NA,NA,NA
completions_mistral/completion_M_t1.0_75.v,mistral,M,1.0,75,0,0,0,NA,NA,NA
completions_mistral/completion_M_t1.0_76.v,mistral,M,1.0,76,0,0,0,NA,NA,NA
completions_mistral/completion_M_t1.0_77.v,mistral,M,1.0,77,0,0,0,NA,NA,NA
completions_mistral/completion_M_t1.0_78.v,mistral,M,1.0,78,1,1,0,"F7E55FB0C49E1FC42F330172179AEB90
",2545,NA
completions_mistral/completion_M_t1.0_79.v,mistral,M,1.0,79,0,0,0,NA,NA,NA
completions_mistral/completion_M_t1.0_80.v,mistral,M,1.0,80,0,0,0,NA,NA,NA
completions_mistral/completion_M_t1.0_81.v,mistral,M,1.0,81,1,1,1,"6F0FA9163F92C56027EA4D329455D7D7
",0,192.724992
completions_mistral/completion_M_t1.0_82.v,mistral,M,1.0,82,0,0,0,NA,NA,NA
completions_mistral/completion_M_t1.0_83.v,mistral,M,1.0,83,1,1,0,"0F5D7B7258CB3596DAD02D337168DE33
",2532,118.161409
completions_mistral/completion_M_t1.0_84.v,mistral,M,1.0,84,1,1,0,"4D9C48FCA9024703E66F5A045B4344A3
",2527,302.776323
completions_mistral/completion_M_t1.0_85.v,mistral,M,1.0,85,1,1,0,"56256FCA8256382DEE0B9091C144883D
",2546,191.102976
completions_mistral/completion_M_t1.0_86.v,mistral,M,1.0,86,0,0,0,NA,NA,NA
completions_mistral/completion_M_t1.0_87.v,mistral,M,1.0,87,0,0,0,NA,NA,NA
completions_mistral/completion_M_t1.0_88.v,mistral,M,1.0,88,0,0,0,NA,NA,NA
completions_mistral/completion_M_t1.0_89.v,mistral,M,1.0,89,0,0,0,NA,NA,NA
completions_mistral/completion_M_t1.0_90.v,mistral,M,1.0,90,0,0,0,NA,NA,NA
completions_mistral/completion_M_t1.0_91.v,mistral,M,1.0,91,1,1,0,"D2425D0F2DD1BD442976AC53898F7D74
",2516,53.280769
completions_mistral/completion_M_t1.0_92.v,mistral,M,1.0,92,1,0,0,NA,NA,NA
completions_mistral/completion_M_t1.0_93.v,mistral,M,1.0,93,1,1,0,"A70D8E537AB09D91C40A92AC8FC8F28D
",2514,162.643968
completions_mistral/completion_M_t1.0_94.v,mistral,M,1.0,94,1,1,0,"489D5FB237241BEE28ED2AB505566ACB
",2523,88.473600
completions_mistral/completion_M_t1.0_95.v,mistral,M,1.0,95,0,0,0,NA,NA,NA
completions_mistral/completion_M_t1.0_96.v,mistral,M,1.0,96,0,0,0,NA,NA,NA
completions_mistral/completion_M_t1.0_97.v,mistral,M,1.0,97,1,1,0,"D7176DB018731F7F901EC62217A85840
",2539,NA
completions_mistral/completion_M_t1.0_98.v,mistral,M,1.0,98,0,0,0,NA,NA,NA
completions_mistral/completion_M_t1.0_99.v,mistral,M,1.0,99,0,0,0,NA,NA,NA
completions_mistral/completion_H_t0.1_0.v,mistral,H,0.1,0,0,0,0,NA,NA,NA
completions_mistral/completion_H_t0.1_1.v,mistral,H,0.1,1,0,0,0,NA,NA,NA
completions_mistral/completion_H_t0.1_2.v,mistral,H,0.1,2,0,0,0,NA,NA,NA
completions_mistral/completion_H_t0.1_3.v,mistral,H,0.1,3,0,0,0,NA,NA,NA
completions_mistral/completion_H_t0.1_4.v,mistral,H,0.1,4,0,0,0,NA,NA,NA
completions_mistral/completion_H_t0.1_5.v,mistral,H,0.1,5,0,0,0,NA,NA,NA
completions_mistral/completion_H_t0.1_6.v,mistral,H,0.1,6,0,0,0,NA,NA,NA
completions_mistral/completion_H_t0.1_7.v,mistral,H,0.1,7,0,0,0,NA,NA,NA
completions_mistral/completion_H_t0.1_8.v,mistral,H,0.1,8,1,1,0,"F7176DB018731FC4901E0122179A5840
",2543,NA
completions_mistral/completion_H_t0.1_9.v,mistral,H,0.1,9,0,0,0,NA,NA,NA
completions_mistral/completion_H_t0.1_10.v,mistral,H,0.1,10,0,0,0,NA,NA,NA
completions_mistral/completion_H_t0.1_11.v,mistral,H,0.1,11,0,0,0,NA,NA,NA
completions_mistral/completion_H_t0.1_12.v,mistral,H,0.1,12,0,0,0,NA,NA,NA
completions_mistral/completion_H_t0.1_13.v,mistral,H,0.1,13,0,0,0,NA,NA,NA
completions_mistral/completion_H_t0.1_14.v,mistral,H,0.1,14,0,0,0,NA,NA,NA
completions_mistral/completion_H_t0.1_15.v,mistral,H,0.1,15,0,0,0,NA,NA,NA
completions_mistral/completion_H_t0.1_16.v,mistral,H,0.1,16,0,0,0,NA,NA,NA
completions_mistral/completion_H_t0.1_17.v,mistral,H,0.1,17,0,0,0,NA,NA,NA
completions_mistral/completion_H_t0.1_18.v,mistral,H,0.1,18,0,0,0,NA,NA,NA
completions_mistral/completion_H_t0.1_19.v,mistral,H,0.1,19,0,0,0,NA,NA,NA
completions_mistral/completion_H_t0.1_20.v,mistral,H,0.1,20,0,0,0,NA,NA,NA
completions_mistral/completion_H_t0.1_21.v,mistral,H,0.1,21,0,0,0,NA,NA,NA
completions_mistral/completion_H_t0.1_22.v,mistral,H,0.1,22,0,0,0,NA,NA,NA
completions_mistral/completion_H_t0.1_23.v,mistral,H,0.1,23,0,0,0,NA,NA,NA
completions_mistral/completion_H_t0.1_24.v,mistral,H,0.1,24,0,0,0,NA,NA,NA
completions_mistral/completion_H_t0.1_25.v,mistral,H,0.1,25,0,0,0,NA,NA,NA
completions_mistral/completion_H_t0.1_26.v,mistral,H,0.1,26,0,0,0,NA,NA,NA
completions_mistral/completion_H_t0.1_27.v,mistral,H,0.1,27,0,0,0,NA,NA,NA
completions_mistral/completion_H_t0.1_28.v,mistral,H,0.1,28,0,0,0,NA,NA,NA
completions_mistral/completion_H_t0.1_29.v,mistral,H,0.1,29,0,0,0,NA,NA,NA
completions_mistral/completion_H_t0.1_30.v,mistral,H,0.1,30,0,0,0,NA,NA,NA
completions_mistral/completion_H_t0.1_31.v,mistral,H,0.1,31,0,0,0,NA,NA,NA
completions_mistral/completion_H_t0.1_32.v,mistral,H,0.1,32,0,0,0,NA,NA,NA
completions_mistral/completion_H_t0.1_33.v,mistral,H,0.1,33,0,0,0,NA,NA,NA
completions_mistral/completion_H_t0.1_34.v,mistral,H,0.1,34,0,0,0,NA,NA,NA
completions_mistral/completion_H_t0.1_35.v,mistral,H,0.1,35,0,0,0,NA,NA,NA
completions_mistral/completion_H_t0.1_36.v,mistral,H,0.1,36,0,0,0,NA,NA,NA
completions_mistral/completion_H_t0.1_37.v,mistral,H,0.1,37,0,0,0,NA,NA,NA
completions_mistral/completion_H_t0.1_38.v,mistral,H,0.1,38,0,0,0,NA,NA,NA
completions_mistral/completion_H_t0.1_39.v,mistral,H,0.1,39,0,0,0,NA,NA,NA
completions_mistral/completion_H_t0.1_40.v,mistral,H,0.1,40,0,0,0,NA,NA,NA
completions_mistral/completion_H_t0.1_41.v,mistral,H,0.1,41,0,0,0,NA,NA,NA
completions_mistral/completion_H_t0.1_42.v,mistral,H,0.1,42,0,0,0,NA,NA,NA
completions_mistral/completion_H_t0.1_43.v,mistral,H,0.1,43,1,1,0,"F7176DB018731FC4901E0122179A5840
",2543,NA
completions_mistral/completion_H_t0.1_44.v,mistral,H,0.1,44,0,0,0,NA,NA,NA
completions_mistral/completion_H_t0.1_45.v,mistral,H,0.1,45,0,0,0,NA,NA,NA
completions_mistral/completion_H_t0.1_46.v,mistral,H,0.1,46,0,0,0,NA,NA,NA
completions_mistral/completion_H_t0.1_47.v,mistral,H,0.1,47,0,0,0,NA,NA,NA
completions_mistral/completion_H_t0.1_48.v,mistral,H,0.1,48,0,0,0,NA,NA,NA
completions_mistral/completion_H_t0.1_49.v,mistral,H,0.1,49,0,0,0,NA,NA,NA
completions_mistral/completion_H_t0.1_50.v,mistral,H,0.1,50,0,0,0,NA,NA,NA
completions_mistral/completion_H_t0.1_51.v,mistral,H,0.1,51,0,0,0,NA,NA,NA
completions_mistral/completion_H_t0.1_52.v,mistral,H,0.1,52,0,0,0,NA,NA,NA
completions_mistral/completion_H_t0.1_53.v,mistral,H,0.1,53,0,0,0,NA,NA,NA
completions_mistral/completion_H_t0.1_54.v,mistral,H,0.1,54,0,0,0,NA,NA,NA
completions_mistral/completion_H_t0.1_55.v,mistral,H,0.1,55,0,0,0,NA,NA,NA
completions_mistral/completion_H_t0.1_56.v,mistral,H,0.1,56,0,0,0,NA,NA,NA
completions_mistral/completion_H_t0.1_57.v,mistral,H,0.1,57,0,0,0,NA,NA,NA
completions_mistral/completion_H_t0.1_58.v,mistral,H,0.1,58,0,0,0,NA,NA,NA
completions_mistral/completion_H_t0.1_59.v,mistral,H,0.1,59,0,0,0,NA,NA,NA
completions_mistral/completion_H_t0.1_60.v,mistral,H,0.1,60,0,0,0,NA,NA,NA
completions_mistral/completion_H_t0.1_61.v,mistral,H,0.1,61,0,0,0,NA,NA,NA
completions_mistral/completion_H_t0.1_62.v,mistral,H,0.1,62,0,0,0,NA,NA,NA
completions_mistral/completion_H_t0.1_63.v,mistral,H,0.1,63,0,0,0,NA,NA,NA
completions_mistral/completion_H_t0.1_64.v,mistral,H,0.1,64,0,0,0,NA,NA,NA
completions_mistral/completion_H_t0.1_65.v,mistral,H,0.1,65,0,0,0,NA,NA,NA
completions_mistral/completion_H_t0.1_66.v,mistral,H,0.1,66,0,0,0,NA,NA,NA
completions_mistral/completion_H_t0.1_67.v,mistral,H,0.1,67,0,0,0,NA,NA,NA
completions_mistral/completion_H_t0.1_68.v,mistral,H,0.1,68,0,0,0,NA,NA,NA
completions_mistral/completion_H_t0.1_69.v,mistral,H,0.1,69,0,0,0,NA,NA,NA
completions_mistral/completion_H_t0.1_70.v,mistral,H,0.1,70,0,0,0,NA,NA,NA
completions_mistral/completion_H_t0.1_71.v,mistral,H,0.1,71,0,0,0,NA,NA,NA
completions_mistral/completion_H_t0.1_72.v,mistral,H,0.1,72,0,0,0,NA,NA,NA
completions_mistral/completion_H_t0.1_73.v,mistral,H,0.1,73,0,0,0,NA,NA,NA
completions_mistral/completion_H_t0.1_74.v,mistral,H,0.1,74,0,0,0,NA,NA,NA
completions_mistral/completion_H_t0.1_75.v,mistral,H,0.1,75,0,0,0,NA,NA,NA
completions_mistral/completion_H_t0.1_76.v,mistral,H,0.1,76,0,0,0,NA,NA,NA
completions_mistral/completion_H_t0.1_77.v,mistral,H,0.1,77,0,0,0,NA,NA,NA
completions_mistral/completion_H_t0.1_78.v,mistral,H,0.1,78,0,0,0,NA,NA,NA
completions_mistral/completion_H_t0.1_79.v,mistral,H,0.1,79,1,1,0,"F7176DB018731FC4901E0122179A5840
",2543,NA
completions_mistral/completion_H_t0.1_80.v,mistral,H,0.1,80,0,0,0,NA,NA,NA
completions_mistral/completion_H_t0.1_81.v,mistral,H,0.1,81,0,0,0,NA,NA,NA
completions_mistral/completion_H_t0.1_82.v,mistral,H,0.1,82,0,0,0,NA,NA,NA
completions_mistral/completion_H_t0.1_83.v,mistral,H,0.1,83,0,0,0,NA,NA,NA
completions_mistral/completion_H_t0.1_84.v,mistral,H,0.1,84,0,0,0,NA,NA,NA
completions_mistral/completion_H_t0.1_85.v,mistral,H,0.1,85,1,1,0,"F7176DB018731FC4901E0122179A5840
",2543,NA
completions_mistral/completion_H_t0.1_86.v,mistral,H,0.1,86,0,0,0,NA,NA,NA
completions_mistral/completion_H_t0.1_87.v,mistral,H,0.1,87,0,0,0,NA,NA,NA
completions_mistral/completion_H_t0.1_88.v,mistral,H,0.1,88,0,0,0,NA,NA,NA
completions_mistral/completion_H_t0.1_89.v,mistral,H,0.1,89,0,0,0,NA,NA,NA
completions_mistral/completion_H_t0.1_90.v,mistral,H,0.1,90,0,0,0,NA,NA,NA
completions_mistral/completion_H_t0.1_91.v,mistral,H,0.1,91,0,0,0,NA,NA,NA
completions_mistral/completion_H_t0.1_92.v,mistral,H,0.1,92,0,0,0,NA,NA,NA
completions_mistral/completion_H_t0.1_93.v,mistral,H,0.1,93,0,0,0,NA,NA,NA
completions_mistral/completion_H_t0.1_94.v,mistral,H,0.1,94,0,0,0,NA,NA,NA
completions_mistral/completion_H_t0.1_95.v,mistral,H,0.1,95,0,0,0,NA,NA,NA
completions_mistral/completion_H_t0.1_96.v,mistral,H,0.1,96,0,0,0,NA,NA,NA
completions_mistral/completion_H_t0.1_97.v,mistral,H,0.1,97,0,0,0,NA,NA,NA
completions_mistral/completion_H_t0.1_98.v,mistral,H,0.1,98,0,0,0,NA,NA,NA
completions_mistral/completion_H_t0.1_99.v,mistral,H,0.1,99,0,0,0,NA,NA,NA
completions_mistral/completion_H_t0.3_0.v,mistral,H,0.3,0,0,0,0,NA,NA,NA
completions_mistral/completion_H_t0.3_1.v,mistral,H,0.3,1,0,0,0,NA,NA,NA
completions_mistral/completion_H_t0.3_2.v,mistral,H,0.3,2,1,1,0,"F7176DB018731FC4901E0122179A5840
",2543,NA
completions_mistral/completion_H_t0.3_3.v,mistral,H,0.3,3,1,1,0,"F7176DB018731FC4901E0122179A5840
",2543,NA
completions_mistral/completion_H_t0.3_4.v,mistral,H,0.3,4,0,0,0,NA,NA,NA
completions_mistral/completion_H_t0.3_5.v,mistral,H,0.3,5,0,0,0,NA,NA,NA
completions_mistral/completion_H_t0.3_6.v,mistral,H,0.3,6,0,0,0,NA,NA,NA
completions_mistral/completion_H_t0.3_7.v,mistral,H,0.3,7,1,1,1,"6F0FA9163F92C56027EA4D329455D7D7
",0,192.577536
completions_mistral/completion_H_t0.3_8.v,mistral,H,0.3,8,0,0,0,NA,NA,NA
completions_mistral/completion_H_t0.3_9.v,mistral,H,0.3,9,0,0,0,NA,NA,NA
completions_mistral/completion_H_t0.3_10.v,mistral,H,0.3,10,0,0,0,NA,NA,NA
completions_mistral/completion_H_t0.3_11.v,mistral,H,0.3,11,0,0,0,NA,NA,NA
completions_mistral/completion_H_t0.3_12.v,mistral,H,0.3,12,0,0,0,NA,NA,NA
completions_mistral/completion_H_t0.3_13.v,mistral,H,0.3,13,0,0,0,NA,NA,NA
completions_mistral/completion_H_t0.3_14.v,mistral,H,0.3,14,0,0,0,NA,NA,NA
completions_mistral/completion_H_t0.3_15.v,mistral,H,0.3,15,0,0,0,NA,NA,NA
completions_mistral/completion_H_t0.3_16.v,mistral,H,0.3,16,0,0,0,NA,NA,NA
completions_mistral/completion_H_t0.3_17.v,mistral,H,0.3,17,1,1,1,"6F0FA9163F92C56027EA4D329455D7D7
",0,191.102976
completions_mistral/completion_H_t0.3_18.v,mistral,H,0.3,18,0,0,0,NA,NA,NA
completions_mistral/completion_H_t0.3_19.v,mistral,H,0.3,19,0,0,0,NA,NA,NA
completions_mistral/completion_H_t0.3_20.v,mistral,H,0.3,20,0,0,0,NA,NA,NA
completions_mistral/completion_H_t0.3_21.v,mistral,H,0.3,21,1,1,0,"F7176DB018731FC4901E0122179A5840
",2543,NA
completions_mistral/completion_H_t0.3_22.v,mistral,H,0.3,22,1,1,1,"6F0FA9163F92C56027EA4D329455D7D7
",0,191.102976
completions_mistral/completion_H_t0.3_23.v,mistral,H,0.3,23,0,0,0,NA,NA,NA
completions_mistral/completion_H_t0.3_24.v,mistral,H,0.3,24,1,1,0,"F7176DB018731FC4901E0122179A5840
",2543,NA
completions_mistral/completion_H_t0.3_25.v,mistral,H,0.3,25,1,1,0,"F7176DB018731FC4901E0122179A5840
",2543,NA
completions_mistral/completion_H_t0.3_26.v,mistral,H,0.3,26,0,0,0,NA,NA,NA
completions_mistral/completion_H_t0.3_27.v,mistral,H,0.3,27,1,0,0,NA,NA,NA
completions_mistral/completion_H_t0.3_28.v,mistral,H,0.3,28,0,0,0,NA,NA,NA
completions_mistral/completion_H_t0.3_29.v,mistral,H,0.3,29,0,0,0,NA,NA,NA
completions_mistral/completion_H_t0.3_30.v,mistral,H,0.3,30,0,0,0,NA,NA,NA
completions_mistral/completion_H_t0.3_31.v,mistral,H,0.3,31,0,0,0,NA,NA,NA
completions_mistral/completion_H_t0.3_32.v,mistral,H,0.3,32,0,0,0,NA,NA,NA
completions_mistral/completion_H_t0.3_33.v,mistral,H,0.3,33,0,0,0,NA,NA,NA
completions_mistral/completion_H_t0.3_34.v,mistral,H,0.3,34,0,0,0,NA,NA,NA
completions_mistral/completion_H_t0.3_35.v,mistral,H,0.3,35,1,1,0,"F7176DB018731FC4901E0122179A5840
",2543,NA
completions_mistral/completion_H_t0.3_36.v,mistral,H,0.3,36,0,0,0,NA,NA,NA
completions_mistral/completion_H_t0.3_37.v,mistral,H,0.3,37,0,0,0,NA,NA,NA
completions_mistral/completion_H_t0.3_38.v,mistral,H,0.3,38,0,0,0,NA,NA,NA
completions_mistral/completion_H_t0.3_39.v,mistral,H,0.3,39,1,1,1,"6F0FA9163F92C56027EA4D329455D7D7
",0,191.102976
completions_mistral/completion_H_t0.3_40.v,mistral,H,0.3,40,1,1,0,"F7176DB018731FC4901E0122179A5840
",2543,NA
completions_mistral/completion_H_t0.3_41.v,mistral,H,0.3,41,0,0,0,NA,NA,NA
completions_mistral/completion_H_t0.3_42.v,mistral,H,0.3,42,0,0,0,NA,NA,NA
completions_mistral/completion_H_t0.3_43.v,mistral,H,0.3,43,1,1,1,"6F0FA9163F92C56027EA4D329455D7D7
",0,191.102976
completions_mistral/completion_H_t0.3_44.v,mistral,H,0.3,44,1,1,0,"F7176DB018731FC4901E0122179A5840
",2543,NA
completions_mistral/completion_H_t0.3_45.v,mistral,H,0.3,45,0,0,0,NA,NA,NA
completions_mistral/completion_H_t0.3_46.v,mistral,H,0.3,46,1,1,1,"6F0FA9163F92C56027EA4D329455D7D7
",0,191.102976
completions_mistral/completion_H_t0.3_47.v,mistral,H,0.3,47,0,0,0,NA,NA,NA
completions_mistral/completion_H_t0.3_48.v,mistral,H,0.3,48,0,0,0,NA,NA,NA
completions_mistral/completion_H_t0.3_49.v,mistral,H,0.3,49,0,0,0,NA,NA,NA
completions_mistral/completion_H_t0.3_50.v,mistral,H,0.3,50,0,0,0,NA,NA,NA
completions_mistral/completion_H_t0.3_51.v,mistral,H,0.3,51,0,0,0,NA,NA,NA
completions_mistral/completion_H_t0.3_52.v,mistral,H,0.3,52,0,0,0,NA,NA,NA
completions_mistral/completion_H_t0.3_53.v,mistral,H,0.3,53,0,0,0,NA,NA,NA
completions_mistral/completion_H_t0.3_54.v,mistral,H,0.3,54,0,0,0,NA,NA,NA
completions_mistral/completion_H_t0.3_55.v,mistral,H,0.3,55,0,0,0,NA,NA,NA
completions_mistral/completion_H_t0.3_56.v,mistral,H,0.3,56,0,0,0,NA,NA,NA
completions_mistral/completion_H_t0.3_57.v,mistral,H,0.3,57,0,0,0,NA,NA,NA
completions_mistral/completion_H_t0.3_58.v,mistral,H,0.3,58,1,1,1,"6F0FA9163F92C56027EA4D329455D7D7
",0,191.102976
completions_mistral/completion_H_t0.3_59.v,mistral,H,0.3,59,0,0,0,NA,NA,NA
completions_mistral/completion_H_t0.3_60.v,mistral,H,0.3,60,0,0,0,NA,NA,NA
completions_mistral/completion_H_t0.3_61.v,mistral,H,0.3,61,0,0,0,NA,NA,NA
completions_mistral/completion_H_t0.3_62.v,mistral,H,0.3,62,0,0,0,NA,NA,NA
completions_mistral/completion_H_t0.3_63.v,mistral,H,0.3,63,0,0,0,NA,NA,NA
completions_mistral/completion_H_t0.3_64.v,mistral,H,0.3,64,0,0,0,NA,NA,NA
completions_mistral/completion_H_t0.3_65.v,mistral,H,0.3,65,0,0,0,NA,NA,NA
completions_mistral/completion_H_t0.3_66.v,mistral,H,0.3,66,0,0,0,NA,NA,NA
completions_mistral/completion_H_t0.3_67.v,mistral,H,0.3,67,0,0,0,NA,NA,NA
completions_mistral/completion_H_t0.3_68.v,mistral,H,0.3,68,0,0,0,NA,NA,NA
completions_mistral/completion_H_t0.3_69.v,mistral,H,0.3,69,0,0,0,NA,NA,NA
completions_mistral/completion_H_t0.3_70.v,mistral,H,0.3,70,0,0,0,NA,NA,NA
completions_mistral/completion_H_t0.3_71.v,mistral,H,0.3,71,0,0,0,NA,NA,NA
completions_mistral/completion_H_t0.3_72.v,mistral,H,0.3,72,0,0,0,NA,NA,NA
completions_mistral/completion_H_t0.3_73.v,mistral,H,0.3,73,0,0,0,NA,NA,NA
completions_mistral/completion_H_t0.3_74.v,mistral,H,0.3,74,1,1,0,"F7176DB018731FC4901E0122179A5840
",2543,NA
completions_mistral/completion_H_t0.3_75.v,mistral,H,0.3,75,0,0,0,NA,NA,NA
completions_mistral/completion_H_t0.3_76.v,mistral,H,0.3,76,0,0,0,NA,NA,NA
completions_mistral/completion_H_t0.3_77.v,mistral,H,0.3,77,0,0,0,NA,NA,NA
completions_mistral/completion_H_t0.3_78.v,mistral,H,0.3,78,0,0,0,NA,NA,NA
completions_mistral/completion_H_t0.3_79.v,mistral,H,0.3,79,0,0,0,NA,NA,NA
completions_mistral/completion_H_t0.3_80.v,mistral,H,0.3,80,1,1,0,"F7176DB018731FC4901E0122179A5840
",2543,NA
completions_mistral/completion_H_t0.3_81.v,mistral,H,0.3,81,0,0,0,NA,NA,NA
completions_mistral/completion_H_t0.3_82.v,mistral,H,0.3,82,0,0,0,NA,NA,NA
completions_mistral/completion_H_t0.3_83.v,mistral,H,0.3,83,0,0,0,NA,NA,NA
completions_mistral/completion_H_t0.3_84.v,mistral,H,0.3,84,0,0,0,NA,NA,NA
completions_mistral/completion_H_t0.3_85.v,mistral,H,0.3,85,0,0,0,NA,NA,NA
completions_mistral/completion_H_t0.3_86.v,mistral,H,0.3,86,0,0,0,NA,NA,NA
completions_mistral/completion_H_t0.3_87.v,mistral,H,0.3,87,0,0,0,NA,NA,NA
completions_mistral/completion_H_t0.3_88.v,mistral,H,0.3,88,0,0,0,NA,NA,NA
completions_mistral/completion_H_t0.3_89.v,mistral,H,0.3,89,0,0,0,NA,NA,NA
completions_mistral/completion_H_t0.3_90.v,mistral,H,0.3,90,1,1,1,"6F0FA9163F92C56027EA4D329455D7D7
",0,191.102976
completions_mistral/completion_H_t0.3_91.v,mistral,H,0.3,91,0,0,0,NA,NA,NA
completions_mistral/completion_H_t0.3_92.v,mistral,H,0.3,92,1,1,0,"F7176DB018731FC4901E0122179A5840
",2543,NA
completions_mistral/completion_H_t0.3_93.v,mistral,H,0.3,93,1,1,0,"F7176DB018731FC4901E0122179A5840
",2543,NA
completions_mistral/completion_H_t0.3_94.v,mistral,H,0.3,94,0,0,0,NA,NA,NA
completions_mistral/completion_H_t0.3_95.v,mistral,H,0.3,95,1,1,1,"6F0FA9163F92C56027EA4D329455D7D7
",0,191.102976
completions_mistral/completion_H_t0.3_96.v,mistral,H,0.3,96,0,0,0,NA,NA,NA
completions_mistral/completion_H_t0.3_97.v,mistral,H,0.3,97,0,0,0,NA,NA,NA
completions_mistral/completion_H_t0.3_98.v,mistral,H,0.3,98,1,1,0,"F7176DB018731FC4901E0122179A5840
",2543,NA
completions_mistral/completion_H_t0.3_99.v,mistral,H,0.3,99,0,0,0,NA,NA,NA
completions_mistral/completion_H_t0.5_0.v,mistral,H,0.5,0,0,0,0,NA,NA,NA
completions_mistral/completion_H_t0.5_1.v,mistral,H,0.5,1,0,0,0,NA,NA,NA
completions_mistral/completion_H_t0.5_2.v,mistral,H,0.5,2,0,0,0,NA,NA,NA
completions_mistral/completion_H_t0.5_3.v,mistral,H,0.5,3,1,1,1,"6F0FA9163F92C56027EA4D329455D7D7
",0,192.724992
completions_mistral/completion_H_t0.5_4.v,mistral,H,0.5,4,0,0,0,NA,NA,NA
completions_mistral/completion_H_t0.5_5.v,mistral,H,0.5,5,0,0,0,NA,NA,NA
completions_mistral/completion_H_t0.5_6.v,mistral,H,0.5,6,0,0,0,NA,NA,NA
completions_mistral/completion_H_t0.5_7.v,mistral,H,0.5,7,0,0,0,NA,NA,NA
completions_mistral/completion_H_t0.5_8.v,mistral,H,0.5,8,1,1,1,"6F0FA9163F92C56027EA4D329455D7D7
",0,191.102976
completions_mistral/completion_H_t0.5_9.v,mistral,H,0.5,9,0,0,0,NA,NA,NA
completions_mistral/completion_H_t0.5_10.v,mistral,H,0.5,10,1,1,1,"6F0FA9163F92C56027EA4D329455D7D7
",0,192.724992
completions_mistral/completion_H_t0.5_11.v,mistral,H,0.5,11,0,0,0,NA,NA,NA
completions_mistral/completion_H_t0.5_12.v,mistral,H,0.5,12,0,0,0,NA,NA,NA
completions_mistral/completion_H_t0.5_13.v,mistral,H,0.5,13,1,1,0,"F7176DB018731FC4901E0122179A5840
",2543,NA
completions_mistral/completion_H_t0.5_14.v,mistral,H,0.5,14,0,0,0,NA,NA,NA
completions_mistral/completion_H_t0.5_15.v,mistral,H,0.5,15,0,0,0,NA,NA,NA
completions_mistral/completion_H_t0.5_16.v,mistral,H,0.5,16,0,0,0,NA,NA,NA
completions_mistral/completion_H_t0.5_17.v,mistral,H,0.5,17,1,1,0,"F7176DB018731FC4901E0122179A5840
",2543,NA
completions_mistral/completion_H_t0.5_18.v,mistral,H,0.5,18,1,1,0,"F7176DB018731FC4901E0122179A5840
",2543,NA
completions_mistral/completion_H_t0.5_19.v,mistral,H,0.5,19,1,1,0,"F7176DB018731FC4901E0122179A5840
",2543,NA
completions_mistral/completion_H_t0.5_20.v,mistral,H,0.5,20,1,1,1,"6F0FA9163F92C56027EA4D329455D7D7
",0,191.102976
completions_mistral/completion_H_t0.5_21.v,mistral,H,0.5,21,0,0,0,NA,NA,NA
completions_mistral/completion_H_t0.5_22.v,mistral,H,0.5,22,0,0,0,NA,NA,NA
completions_mistral/completion_H_t0.5_23.v,mistral,H,0.5,23,0,0,0,NA,NA,NA
completions_mistral/completion_H_t0.5_24.v,mistral,H,0.5,24,0,0,0,NA,NA,NA
completions_mistral/completion_H_t0.5_25.v,mistral,H,0.5,25,0,0,0,NA,NA,NA
completions_mistral/completion_H_t0.5_26.v,mistral,H,0.5,26,0,0,0,NA,NA,NA
completions_mistral/completion_H_t0.5_27.v,mistral,H,0.5,27,0,0,0,NA,NA,NA
completions_mistral/completion_H_t0.5_28.v,mistral,H,0.5,28,0,0,0,NA,NA,NA
completions_mistral/completion_H_t0.5_29.v,mistral,H,0.5,29,0,0,0,NA,NA,NA
completions_mistral/completion_H_t0.5_30.v,mistral,H,0.5,30,0,0,0,NA,NA,NA
completions_mistral/completion_H_t0.5_31.v,mistral,H,0.5,31,1,1,0,"F7176DB018731FC4901E0122179A5840
",2543,NA
completions_mistral/completion_H_t0.5_32.v,mistral,H,0.5,32,0,0,0,NA,NA,NA
completions_mistral/completion_H_t0.5_33.v,mistral,H,0.5,33,0,0,0,NA,NA,NA
completions_mistral/completion_H_t0.5_34.v,mistral,H,0.5,34,1,1,0,"F7176DB018731FC4901E0122179A5840
",2543,NA
completions_mistral/completion_H_t0.5_35.v,mistral,H,0.5,35,0,0,0,NA,NA,NA
completions_mistral/completion_H_t0.5_36.v,mistral,H,0.5,36,1,1,1,"6F0FA9163F92C56027EA4D329455D7D7
",0,191.102976
completions_mistral/completion_H_t0.5_37.v,mistral,H,0.5,37,0,0,0,NA,NA,NA
completions_mistral/completion_H_t0.5_38.v,mistral,H,0.5,38,0,0,0,NA,NA,NA
completions_mistral/completion_H_t0.5_39.v,mistral,H,0.5,39,1,1,0,"F7176DB018731FC4901E0122179A5840
",2543,NA
completions_mistral/completion_H_t0.5_40.v,mistral,H,0.5,40,0,0,0,NA,NA,NA
completions_mistral/completion_H_t0.5_41.v,mistral,H,0.5,41,1,1,0,"F7176DB018731FC4901E0122179A5840
",2543,NA
completions_mistral/completion_H_t0.5_42.v,mistral,H,0.5,42,1,1,0,"0FFDD80118AD48AACC0401783A73D2A4
",2543,NA
completions_mistral/completion_H_t0.5_43.v,mistral,H,0.5,43,1,1,0,"BC91527FFFC5FA28F6764E117647B83D
",2533,214.843392
completions_mistral/completion_H_t0.5_44.v,mistral,H,0.5,44,1,1,1,"6F0FA9163F92C56027EA4D329455D7D7
",0,191.102976
completions_mistral/completion_H_t0.5_45.v,mistral,H,0.5,45,0,0,0,NA,NA,NA
completions_mistral/completion_H_t0.5_46.v,mistral,H,0.5,46,0,0,0,NA,NA,NA
completions_mistral/completion_H_t0.5_47.v,mistral,H,0.5,47,1,1,0,"F7176DB018731FC4901E0122179A5840
",2543,NA
completions_mistral/completion_H_t0.5_48.v,mistral,H,0.5,48,0,0,0,NA,NA,NA
completions_mistral/completion_H_t0.5_49.v,mistral,H,0.5,49,1,1,1,"6F0FA9163F92C56027EA4D329455D7D7
",0,191.102976
completions_mistral/completion_H_t0.5_50.v,mistral,H,0.5,50,0,0,0,NA,NA,NA
completions_mistral/completion_H_t0.5_51.v,mistral,H,0.5,51,0,0,0,NA,NA,NA
completions_mistral/completion_H_t0.5_52.v,mistral,H,0.5,52,0,0,0,NA,NA,NA
completions_mistral/completion_H_t0.5_53.v,mistral,H,0.5,53,0,0,0,NA,NA,NA
completions_mistral/completion_H_t0.5_54.v,mistral,H,0.5,54,1,1,0,"F7176DB018731FC4901E0122179A5840
",2543,NA
completions_mistral/completion_H_t0.5_55.v,mistral,H,0.5,55,0,0,0,NA,NA,NA
completions_mistral/completion_H_t0.5_56.v,mistral,H,0.5,56,0,0,0,NA,NA,NA
completions_mistral/completion_H_t0.5_57.v,mistral,H,0.5,57,1,1,1,"6F0FA9163F92C56027EA4D329455D7D7
",0,192.724992
completions_mistral/completion_H_t0.5_58.v,mistral,H,0.5,58,1,1,1,"6F0FA9163F92C56027EA4D329455D7D7
",0,191.102976
completions_mistral/completion_H_t0.5_59.v,mistral,H,0.5,59,0,0,0,NA,NA,NA
completions_mistral/completion_H_t0.5_60.v,mistral,H,0.5,60,0,0,0,NA,NA,NA
completions_mistral/completion_H_t0.5_61.v,mistral,H,0.5,61,1,1,0,"F7176DB018731FC4901E0122179A5840
",2543,NA
completions_mistral/completion_H_t0.5_62.v,mistral,H,0.5,62,0,0,0,NA,NA,NA
completions_mistral/completion_H_t0.5_63.v,mistral,H,0.5,63,0,0,0,NA,NA,NA
completions_mistral/completion_H_t0.5_64.v,mistral,H,0.5,64,0,0,0,NA,NA,NA
completions_mistral/completion_H_t0.5_65.v,mistral,H,0.5,65,0,0,0,NA,NA,NA
completions_mistral/completion_H_t0.5_66.v,mistral,H,0.5,66,0,0,0,NA,NA,NA
completions_mistral/completion_H_t0.5_67.v,mistral,H,0.5,67,1,1,0,"E12C7F5E9632CBE9B0BA24DA75BD2095
",2546,159.252480
completions_mistral/completion_H_t0.5_68.v,mistral,H,0.5,68,1,1,0,"F7176DB018731FC4901E0122179A5840
",2543,NA
completions_mistral/completion_H_t0.5_69.v,mistral,H,0.5,69,0,0,0,NA,NA,NA
completions_mistral/completion_H_t0.5_70.v,mistral,H,0.5,70,0,0,0,NA,NA,NA
completions_mistral/completion_H_t0.5_71.v,mistral,H,0.5,71,0,0,0,NA,NA,NA
completions_mistral/completion_H_t0.5_72.v,mistral,H,0.5,72,0,0,0,NA,NA,NA
completions_mistral/completion_H_t0.5_73.v,mistral,H,0.5,73,0,0,0,NA,NA,NA
completions_mistral/completion_H_t0.5_74.v,mistral,H,0.5,74,0,0,0,NA,NA,NA
completions_mistral/completion_H_t0.5_75.v,mistral,H,0.5,75,1,1,0,"F7176DB018731FC4901E0122179A5840
",2543,NA
completions_mistral/completion_H_t0.5_76.v,mistral,H,0.5,76,0,0,0,NA,NA,NA
completions_mistral/completion_H_t0.5_77.v,mistral,H,0.5,77,0,0,0,NA,NA,NA
completions_mistral/completion_H_t0.5_78.v,mistral,H,0.5,78,0,0,0,NA,NA,NA
completions_mistral/completion_H_t0.5_79.v,mistral,H,0.5,79,0,0,0,NA,NA,NA
completions_mistral/completion_H_t0.5_80.v,mistral,H,0.5,80,0,0,0,NA,NA,NA
completions_mistral/completion_H_t0.5_81.v,mistral,H,0.5,81,1,1,1,"6F0FA9163F92C56027EA4D329455D7D7
",0,191.102976
completions_mistral/completion_H_t0.5_82.v,mistral,H,0.5,82,0,0,0,NA,NA,NA
completions_mistral/completion_H_t0.5_83.v,mistral,H,0.5,83,1,1,0,"F7176DB018731FC4901E0122179A5840
",2543,NA
completions_mistral/completion_H_t0.5_84.v,mistral,H,0.5,84,0,0,0,NA,NA,NA
completions_mistral/completion_H_t0.5_85.v,mistral,H,0.5,85,1,1,0,"572A4DA5FF9187D7A2C918E858B0A088
",2573,187.564032
completions_mistral/completion_H_t0.5_86.v,mistral,H,0.5,86,0,0,0,NA,NA,NA
completions_mistral/completion_H_t0.5_87.v,mistral,H,0.5,87,0,0,0,NA,NA,NA
completions_mistral/completion_H_t0.5_88.v,mistral,H,0.5,88,0,0,0,NA,NA,NA
completions_mistral/completion_H_t0.5_89.v,mistral,H,0.5,89,0,0,0,NA,NA,NA
completions_mistral/completion_H_t0.5_90.v,mistral,H,0.5,90,0,0,0,NA,NA,NA
completions_mistral/completion_H_t0.5_91.v,mistral,H,0.5,91,0,0,0,NA,NA,NA
completions_mistral/completion_H_t0.5_92.v,mistral,H,0.5,92,0,0,0,NA,NA,NA
completions_mistral/completion_H_t0.5_93.v,mistral,H,0.5,93,0,0,0,NA,NA,NA
completions_mistral/completion_H_t0.5_94.v,mistral,H,0.5,94,0,0,0,NA,NA,NA
completions_mistral/completion_H_t0.5_95.v,mistral,H,0.5,95,0,0,0,NA,NA,NA
completions_mistral/completion_H_t0.5_96.v,mistral,H,0.5,96,1,1,1,"6F0FA9163F92C56027EA4D329455D7D7
",0,205.406208
completions_mistral/completion_H_t0.5_97.v,mistral,H,0.5,97,0,0,0,NA,NA,NA
completions_mistral/completion_H_t0.5_98.v,mistral,H,0.5,98,0,0,0,NA,NA,NA
completions_mistral/completion_H_t0.5_99.v,mistral,H,0.5,99,0,0,0,NA,NA,NA
completions_mistral/completion_H_t0.7_0.v,mistral,H,0.7,0,0,0,0,NA,NA,NA
completions_mistral/completion_H_t0.7_1.v,mistral,H,0.7,1,1,1,0,"F7176DB018731FC4901E0122179A5840
",2543,NA
completions_mistral/completion_H_t0.7_2.v,mistral,H,0.7,2,0,0,0,NA,NA,NA
completions_mistral/completion_H_t0.7_3.v,mistral,H,0.7,3,1,1,0,"F7176DB018731FC4901E0122179A5840
",2543,NA
completions_mistral/completion_H_t0.7_4.v,mistral,H,0.7,4,1,1,1,"6F0FA9163F92C56027EA4D329455D7D7
",0,192.724992
completions_mistral/completion_H_t0.7_5.v,mistral,H,0.7,5,1,1,0,"F7176DB018731FC4901E0122179A5840
",2543,NA
completions_mistral/completion_H_t0.7_6.v,mistral,H,0.7,6,1,1,0,"F7176DB018731FC4901E0122179A5840
",2543,NA
completions_mistral/completion_H_t0.7_7.v,mistral,H,0.7,7,1,0,0,NA,NA,NA
completions_mistral/completion_H_t0.7_8.v,mistral,H,0.7,8,1,1,0,"F7176DB018731FC4901E0122179A5840
",2543,NA
completions_mistral/completion_H_t0.7_9.v,mistral,H,0.7,9,1,0,0,NA,NA,NA
completions_mistral/completion_H_t0.7_10.v,mistral,H,0.7,10,1,1,1,"6F0FA9163F92C56027EA4D329455D7D7
",0,192.724992
completions_mistral/completion_H_t0.7_11.v,mistral,H,0.7,11,0,0,0,NA,NA,NA
completions_mistral/completion_H_t0.7_12.v,mistral,H,0.7,12,1,1,0,"F7176DB018731FC4901E0122179A5840
",2543,NA
completions_mistral/completion_H_t0.7_13.v,mistral,H,0.7,13,0,0,0,NA,NA,NA
completions_mistral/completion_H_t0.7_14.v,mistral,H,0.7,14,1,1,1,"6F0FA9163F92C56027EA4D329455D7D7
",0,191.102976
completions_mistral/completion_H_t0.7_15.v,mistral,H,0.7,15,0,0,0,NA,NA,NA
completions_mistral/completion_H_t0.7_16.v,mistral,H,0.7,16,0,0,0,NA,NA,NA
completions_mistral/completion_H_t0.7_17.v,mistral,H,0.7,17,0,0,0,NA,NA,NA
completions_mistral/completion_H_t0.7_18.v,mistral,H,0.7,18,0,0,0,NA,NA,NA
completions_mistral/completion_H_t0.7_19.v,mistral,H,0.7,19,1,1,1,"6F0FA9163F92C56027EA4D329455D7D7
",0,192.577536
completions_mistral/completion_H_t0.7_20.v,mistral,H,0.7,20,1,1,0,"F7176DB018731FC4901E0122179A5840
",2543,NA
completions_mistral/completion_H_t0.7_21.v,mistral,H,0.7,21,1,1,0,"F7176DB018731FC4901E0122179A5840
",2543,NA
completions_mistral/completion_H_t0.7_22.v,mistral,H,0.7,22,1,1,0,"F7176DB018731FC4901E0122179A5840
",2543,NA
completions_mistral/completion_H_t0.7_23.v,mistral,H,0.7,23,0,0,0,NA,NA,NA
completions_mistral/completion_H_t0.7_24.v,mistral,H,0.7,24,0,0,0,NA,NA,NA
completions_mistral/completion_H_t0.7_25.v,mistral,H,0.7,25,0,0,0,NA,NA,NA
completions_mistral/completion_H_t0.7_26.v,mistral,H,0.7,26,1,1,1,"6F0FA9163F92C56027EA4D329455D7D7
",0,191.102976
completions_mistral/completion_H_t0.7_27.v,mistral,H,0.7,27,1,1,0,"062F75AAD91EC5A08F54BE8F09BB5615
",2500,21.233664
completions_mistral/completion_H_t0.7_28.v,mistral,H,0.7,28,1,1,1,"6F0FA9163F92C56027EA4D329455D7D7
",0,191.102976
completions_mistral/completion_H_t0.7_29.v,mistral,H,0.7,29,0,0,0,NA,NA,NA
completions_mistral/completion_H_t0.7_30.v,mistral,H,0.7,30,0,0,0,NA,NA,NA
completions_mistral/completion_H_t0.7_31.v,mistral,H,0.7,31,1,1,0,"40FCAB66216D7D1337323BF79DAC4A28
",2555,204.029952
completions_mistral/completion_H_t0.7_32.v,mistral,H,0.7,32,0,0,0,NA,NA,NA
completions_mistral/completion_H_t0.7_33.v,mistral,H,0.7,33,1,0,0,NA,NA,NA
completions_mistral/completion_H_t0.7_34.v,mistral,H,0.7,34,1,1,0,"F7176DB018731FC4901E0122179A5840
",2543,NA
completions_mistral/completion_H_t0.7_35.v,mistral,H,0.7,35,0,0,0,NA,NA,NA
completions_mistral/completion_H_t0.7_36.v,mistral,H,0.7,36,0,0,0,NA,NA,NA
completions_mistral/completion_H_t0.7_37.v,mistral,H,0.7,37,1,1,1,"6F0FA9163F92C56027EA4D329455D7D7
",0,192.724992
completions_mistral/completion_H_t0.7_38.v,mistral,H,0.7,38,1,1,0,"65C8BA967B12D4AE4164DA2BA7D3AC43
",2525,148.635648
completions_mistral/completion_H_t0.7_39.v,mistral,H,0.7,39,0,0,0,NA,NA,NA
completions_mistral/completion_H_t0.7_40.v,mistral,H,0.7,40,0,0,0,NA,NA,NA
completions_mistral/completion_H_t0.7_41.v,mistral,H,0.7,41,1,1,1,"6F0FA9163F92C56027EA4D329455D7D7
",0,192.724992
completions_mistral/completion_H_t0.7_42.v,mistral,H,0.7,42,0,0,0,NA,NA,NA
completions_mistral/completion_H_t0.7_43.v,mistral,H,0.7,43,1,1,0,"67FF9241DB7883B7037A829A76043E0C
",2531,169.869312
completions_mistral/completion_H_t0.7_44.v,mistral,H,0.7,44,0,0,0,NA,NA,NA
completions_mistral/completion_H_t0.7_45.v,mistral,H,0.7,45,0,0,0,NA,NA,NA
completions_mistral/completion_H_t0.7_46.v,mistral,H,0.7,46,0,0,0,NA,NA,NA
completions_mistral/completion_H_t0.7_47.v,mistral,H,0.7,47,1,1,0,"F7176DB018731FC4901E0122179A5840
",2543,NA
completions_mistral/completion_H_t0.7_48.v,mistral,H,0.7,48,1,1,0,"F7176DB018731FC4901E0122179A5840
",2543,NA
completions_mistral/completion_H_t0.7_49.v,mistral,H,0.7,49,0,0,0,NA,NA,NA
completions_mistral/completion_H_t0.7_50.v,mistral,H,0.7,50,0,0,0,NA,NA,NA
completions_mistral/completion_H_t0.7_51.v,mistral,H,0.7,51,1,1,0,"F7176DB018731FC4901E0122179A5840
",2543,NA
completions_mistral/completion_H_t0.7_52.v,mistral,H,0.7,52,1,1,1,"6F0FA9163F92C56027EA4D329455D7D7
",0,192.724992
completions_mistral/completion_H_t0.7_53.v,mistral,H,0.7,53,1,1,1,"6F0FA9163F92C56027EA4D329455D7D7
",0,191.102976
completions_mistral/completion_H_t0.7_54.v,mistral,H,0.7,54,0,0,0,NA,NA,NA
completions_mistral/completion_H_t0.7_55.v,mistral,H,0.7,55,1,1,0,"F7176DB018731FC4901E0122179A5840
",2543,NA
completions_mistral/completion_H_t0.7_56.v,mistral,H,0.7,56,1,1,0,"01704DA590C5AF7564B172E96C942827
",2537,106.168320
completions_mistral/completion_H_t0.7_57.v,mistral,H,0.7,57,1,1,0,"40FCAB5E216D7DD937323BF59DAC4A1A
",2528,48.365568
completions_mistral/completion_H_t0.7_58.v,mistral,H,0.7,58,0,0,0,NA,NA,NA
completions_mistral/completion_H_t0.7_59.v,mistral,H,0.7,59,1,1,1,"6F0FA9163F92C56027EA4D329455D7D7
",0,191.102976
completions_mistral/completion_H_t0.7_60.v,mistral,H,0.7,60,0,0,0,NA,NA,NA
completions_mistral/completion_H_t0.7_61.v,mistral,H,0.7,61,0,0,0,NA,NA,NA
completions_mistral/completion_H_t0.7_62.v,mistral,H,0.7,62,1,1,1,"6F0FA9163F92C56027EA4D329455D7D7
",0,191.102976
completions_mistral/completion_H_t0.7_63.v,mistral,H,0.7,63,0,0,0,NA,NA,NA
completions_mistral/completion_H_t0.7_64.v,mistral,H,0.7,64,1,1,0,"06207535D911C3A68F2BBEBF09E8C6E8
",2511,21.233664
completions_mistral/completion_H_t0.7_65.v,mistral,H,0.7,65,0,0,0,NA,NA,NA
completions_mistral/completion_H_t0.7_66.v,mistral,H,0.7,66,0,0,0,NA,NA,NA
completions_mistral/completion_H_t0.7_67.v,mistral,H,0.7,67,0,0,0,NA,NA,NA
completions_mistral/completion_H_t0.7_68.v,mistral,H,0.7,68,1,0,0,NA,NA,NA
completions_mistral/completion_H_t0.7_69.v,mistral,H,0.7,69,0,0,0,NA,NA,NA
completions_mistral/completion_H_t0.7_70.v,mistral,H,0.7,70,0,0,0,NA,NA,NA
completions_mistral/completion_H_t0.7_71.v,mistral,H,0.7,71,0,0,0,NA,NA,NA
completions_mistral/completion_H_t0.7_72.v,mistral,H,0.7,72,0,0,0,NA,NA,NA
completions_mistral/completion_H_t0.7_73.v,mistral,H,0.7,73,1,1,1,"6F0FA9163F92C56027EA4D329455D7D7
",0,192.724992
completions_mistral/completion_H_t0.7_74.v,mistral,H,0.7,74,0,0,0,NA,NA,NA
completions_mistral/completion_H_t0.7_75.v,mistral,H,0.7,75,0,0,0,NA,NA,NA
completions_mistral/completion_H_t0.7_76.v,mistral,H,0.7,76,0,0,0,NA,NA,NA
completions_mistral/completion_H_t0.7_77.v,mistral,H,0.7,77,0,0,0,NA,NA,NA
completions_mistral/completion_H_t0.7_78.v,mistral,H,0.7,78,1,1,0,"F7176DB018731FC4901E0122179A5840
",2543,NA
completions_mistral/completion_H_t0.7_79.v,mistral,H,0.7,79,0,0,0,NA,NA,NA
completions_mistral/completion_H_t0.7_80.v,mistral,H,0.7,80,0,0,0,NA,NA,NA
completions_mistral/completion_H_t0.7_81.v,mistral,H,0.7,81,0,0,0,NA,NA,NA
completions_mistral/completion_H_t0.7_82.v,mistral,H,0.7,82,0,0,0,NA,NA,NA
completions_mistral/completion_H_t0.7_83.v,mistral,H,0.7,83,1,1,0,"F7176DB018731FC4901E0122179A5840
",2543,NA
completions_mistral/completion_H_t0.7_84.v,mistral,H,0.7,84,1,1,1,"6F0FA9163F92C56027EA4D329455D7D7
",0,191.102976
completions_mistral/completion_H_t0.7_85.v,mistral,H,0.7,85,1,1,0,"0050D4493393506FA3319E3B232D31C7
",2538,196.116480
completions_mistral/completion_H_t0.7_86.v,mistral,H,0.7,86,1,1,0,"1B492A93E0C87585B22A85F19703E91C
",2528,180.486144
completions_mistral/completion_H_t0.7_87.v,mistral,H,0.7,87,0,0,0,NA,NA,NA
completions_mistral/completion_H_t0.7_88.v,mistral,H,0.7,88,1,1,0,"65F5307AE5C6199ECB0F9864F5805C17
",2549,42.467328
completions_mistral/completion_H_t0.7_89.v,mistral,H,0.7,89,1,1,0,"384DA3A76F35C10E258F4CBDB1C8F0C7
",2509,227.819520
completions_mistral/completion_H_t0.7_90.v,mistral,H,0.7,90,1,1,1,"6F0FA9163F92C56027EA4D329455D7D7
",0,192.724992
completions_mistral/completion_H_t0.7_91.v,mistral,H,0.7,91,0,0,0,NA,NA,NA
completions_mistral/completion_H_t0.7_92.v,mistral,H,0.7,92,0,0,0,NA,NA,NA
completions_mistral/completion_H_t0.7_93.v,mistral,H,0.7,93,0,0,0,NA,NA,NA
completions_mistral/completion_H_t0.7_94.v,mistral,H,0.7,94,0,0,0,NA,NA,NA
completions_mistral/completion_H_t0.7_95.v,mistral,H,0.7,95,0,0,0,NA,NA,NA
completions_mistral/completion_H_t0.7_96.v,mistral,H,0.7,96,0,0,0,NA,NA,NA
completions_mistral/completion_H_t0.7_97.v,mistral,H,0.7,97,1,1,0,"F7176DB018731FC4901E0122179A5840
",2543,NA
completions_mistral/completion_H_t0.7_98.v,mistral,H,0.7,98,0,0,0,NA,NA,NA
completions_mistral/completion_H_t0.7_99.v,mistral,H,0.7,99,0,0,0,NA,NA,NA
completions_mistral/completion_H_t1.0_0.v,mistral,H,1.0,0,0,0,0,NA,NA,NA
completions_mistral/completion_H_t1.0_1.v,mistral,H,1.0,1,0,0,0,NA,NA,NA
completions_mistral/completion_H_t1.0_2.v,mistral,H,1.0,2,0,0,0,NA,NA,NA
completions_mistral/completion_H_t1.0_3.v,mistral,H,1.0,3,0,0,0,NA,NA,NA
completions_mistral/completion_H_t1.0_4.v,mistral,H,1.0,4,1,1,0,"F7176DB018731FC4901E0122179A5840
",2543,NA
completions_mistral/completion_H_t1.0_5.v,mistral,H,1.0,5,1,0,0,NA,NA,NA
completions_mistral/completion_H_t1.0_6.v,mistral,H,1.0,6,1,1,0,"F7176DB018731FC4901E0122179A5840
",2543,NA
completions_mistral/completion_H_t1.0_7.v,mistral,H,1.0,7,0,0,0,NA,NA,NA
completions_mistral/completion_H_t1.0_8.v,mistral,H,1.0,8,1,1,0,"FDC0E36D49BF02380D4F885B2D8BF96C
",2544,200.540160
completions_mistral/completion_H_t1.0_9.v,mistral,H,1.0,9,1,1,0,"F7176DB018731FC4901E0122179A5840
",2543,NA
completions_mistral/completion_H_t1.0_10.v,mistral,H,1.0,10,1,0,0,NA,NA,NA
completions_mistral/completion_H_t1.0_11.v,mistral,H,1.0,11,0,0,0,NA,NA,NA
completions_mistral/completion_H_t1.0_12.v,mistral,H,1.0,12,0,0,0,NA,NA,NA
completions_mistral/completion_H_t1.0_13.v,mistral,H,1.0,13,0,0,0,NA,NA,NA
completions_mistral/completion_H_t1.0_14.v,mistral,H,1.0,14,1,1,0,"F7176DB018731FC4901E0122179A5840
",2543,NA
completions_mistral/completion_H_t1.0_15.v,mistral,H,1.0,15,0,0,0,NA,NA,NA
completions_mistral/completion_H_t1.0_16.v,mistral,H,1.0,16,0,0,0,NA,NA,NA
completions_mistral/completion_H_t1.0_17.v,mistral,H,1.0,17,1,1,1,"6F0FA9163F92C56027EA4D329455D7D7
",0,191.102976
completions_mistral/completion_H_t1.0_18.v,mistral,H,1.0,18,0,0,0,NA,NA,NA
completions_mistral/completion_H_t1.0_19.v,mistral,H,1.0,19,1,1,1,"6F0FA9163F92C56027EA4D329455D7D7
",0,205.406208
completions_mistral/completion_H_t1.0_20.v,mistral,H,1.0,20,0,0,0,NA,NA,NA
completions_mistral/completion_H_t1.0_21.v,mistral,H,1.0,21,0,0,0,NA,NA,NA
completions_mistral/completion_H_t1.0_22.v,mistral,H,1.0,22,0,0,0,NA,NA,NA
completions_mistral/completion_H_t1.0_23.v,mistral,H,1.0,23,1,1,1,"6F0FA9163F92C56027EA4D329455D7D7
",0,192.724992
completions_mistral/completion_H_t1.0_24.v,mistral,H,1.0,24,0,0,0,NA,NA,NA
completions_mistral/completion_H_t1.0_25.v,mistral,H,1.0,25,1,1,0,"F7176DB018731FC4901E0122179A5840
",2543,NA
completions_mistral/completion_H_t1.0_26.v,mistral,H,1.0,26,0,0,0,NA,NA,NA
completions_mistral/completion_H_t1.0_27.v,mistral,H,1.0,27,0,0,0,NA,NA,NA
completions_mistral/completion_H_t1.0_28.v,mistral,H,1.0,28,1,1,1,"6F0FA9163F92C56027EA4D329455D7D7
",0,191.102976
completions_mistral/completion_H_t1.0_29.v,mistral,H,1.0,29,0,0,0,NA,NA,NA
completions_mistral/completion_H_t1.0_30.v,mistral,H,1.0,30,0,0,0,NA,NA,NA
completions_mistral/completion_H_t1.0_31.v,mistral,H,1.0,31,1,1,0,"F7176DB018731FC4901E0122179A5840
",2543,NA
completions_mistral/completion_H_t1.0_32.v,mistral,H,1.0,32,0,0,0,NA,NA,NA
completions_mistral/completion_H_t1.0_33.v,mistral,H,1.0,33,0,0,0,NA,NA,NA
completions_mistral/completion_H_t1.0_34.v,mistral,H,1.0,34,1,1,1,"6F0FA9163F92C56027EA4D329455D7D7
",0,191.102976
completions_mistral/completion_H_t1.0_35.v,mistral,H,1.0,35,0,0,0,NA,NA,NA
completions_mistral/completion_H_t1.0_36.v,mistral,H,1.0,36,0,0,0,NA,NA,NA
completions_mistral/completion_H_t1.0_37.v,mistral,H,1.0,37,0,0,0,NA,NA,NA
completions_mistral/completion_H_t1.0_38.v,mistral,H,1.0,38,0,0,0,NA,NA,NA
completions_mistral/completion_H_t1.0_39.v,mistral,H,1.0,39,0,0,0,NA,NA,NA
completions_mistral/completion_H_t1.0_40.v,mistral,H,1.0,40,0,0,0,NA,NA,NA
completions_mistral/completion_H_t1.0_41.v,mistral,H,1.0,41,1,1,0,"F7176DB018731FC4901E0122179A5840
",2543,NA
completions_mistral/completion_H_t1.0_42.v,mistral,H,1.0,42,0,0,0,NA,NA,NA
completions_mistral/completion_H_t1.0_43.v,mistral,H,1.0,43,0,0,0,NA,NA,NA
completions_mistral/completion_H_t1.0_44.v,mistral,H,1.0,44,0,0,0,NA,NA,NA
completions_mistral/completion_H_t1.0_45.v,mistral,H,1.0,45,0,0,0,NA,NA,NA
completions_mistral/completion_H_t1.0_46.v,mistral,H,1.0,46,0,0,0,NA,NA,NA
completions_mistral/completion_H_t1.0_47.v,mistral,H,1.0,47,0,0,0,NA,NA,NA
completions_mistral/completion_H_t1.0_48.v,mistral,H,1.0,48,0,0,0,NA,NA,NA
completions_mistral/completion_H_t1.0_49.v,mistral,H,1.0,49,0,0,0,NA,NA,NA
completions_mistral/completion_H_t1.0_50.v,mistral,H,1.0,50,0,0,0,NA,NA,NA
completions_mistral/completion_H_t1.0_51.v,mistral,H,1.0,51,0,0,0,NA,NA,NA
completions_mistral/completion_H_t1.0_52.v,mistral,H,1.0,52,1,1,0,"65E9E45BDB7C67654B8D8ACEF8357ACD
",2539,NA
completions_mistral/completion_H_t1.0_53.v,mistral,H,1.0,53,0,0,0,NA,NA,NA
completions_mistral/completion_H_t1.0_54.v,mistral,H,1.0,54,0,0,0,NA,NA,NA
completions_mistral/completion_H_t1.0_55.v,mistral,H,1.0,55,1,1,0,"F7176DB018731FC4901E0122179A5840
",2543,NA
completions_mistral/completion_H_t1.0_56.v,mistral,H,1.0,56,0,0,0,NA,NA,NA
completions_mistral/completion_H_t1.0_57.v,mistral,H,1.0,57,0,0,0,NA,NA,NA
completions_mistral/completion_H_t1.0_58.v,mistral,H,1.0,58,1,1,0,"F7176DB018731FC4901E0122179A5840
",2543,42.467328
completions_mistral/completion_H_t1.0_59.v,mistral,H,1.0,59,1,1,0,"F7176DB018731FC4901E0122179A5840
",2543,56.623104
completions_mistral/completion_H_t1.0_60.v,mistral,H,1.0,60,0,0,0,NA,NA,NA
completions_mistral/completion_H_t1.0_61.v,mistral,H,1.0,61,0,0,0,NA,NA,NA
completions_mistral/completion_H_t1.0_62.v,mistral,H,1.0,62,1,1,1,"6F0FA9163F92C56027EA4D329455D7D7
",0,192.724992
completions_mistral/completion_H_t1.0_63.v,mistral,H,1.0,63,0,0,0,NA,NA,NA
completions_mistral/completion_H_t1.0_64.v,mistral,H,1.0,64,0,0,0,NA,NA,NA
completions_mistral/completion_H_t1.0_65.v,mistral,H,1.0,65,0,0,0,NA,NA,NA
completions_mistral/completion_H_t1.0_66.v,mistral,H,1.0,66,0,0,0,NA,NA,NA
completions_mistral/completion_H_t1.0_67.v,mistral,H,1.0,67,0,0,0,NA,NA,NA
completions_mistral/completion_H_t1.0_68.v,mistral,H,1.0,68,1,1,0,"93CE6663413882A68C04525CDED82E0D
",2524,126.369792
completions_mistral/completion_H_t1.0_69.v,mistral,H,1.0,69,1,1,1,"6F0FA9163F92C56027EA4D329455D7D7
",0,191.102976
completions_mistral/completion_H_t1.0_70.v,mistral,H,1.0,70,1,0,0,NA,NA,NA
completions_mistral/completion_H_t1.0_71.v,mistral,H,1.0,71,1,1,1,"6F0FA9163F92C56027EA4D329455D7D7
",0,191.102976
completions_mistral/completion_H_t1.0_72.v,mistral,H,1.0,72,1,1,0,"F7176DB018731FC4901E0122179A5840
",2543,NA
completions_mistral/completion_H_t1.0_73.v,mistral,H,1.0,73,1,1,1,"6F0FA9163F92C56027EA4D329455D7D7
",0,193.462272
completions_mistral/completion_H_t1.0_74.v,mistral,H,1.0,74,0,0,0,NA,NA,NA
completions_mistral/completion_H_t1.0_75.v,mistral,H,1.0,75,0,0,0,NA,NA,NA
completions_mistral/completion_H_t1.0_76.v,mistral,H,1.0,76,1,1,1,"6F0FA9163F92C56027EA4D329455D7D7
",0,192.724992
completions_mistral/completion_H_t1.0_77.v,mistral,H,1.0,77,0,0,0,NA,NA,NA
completions_mistral/completion_H_t1.0_78.v,mistral,H,1.0,78,0,0,0,NA,NA,NA
completions_mistral/completion_H_t1.0_79.v,mistral,H,1.0,79,0,0,0,NA,NA,NA
completions_mistral/completion_H_t1.0_80.v,mistral,H,1.0,80,0,0,0,NA,NA,NA
completions_mistral/completion_H_t1.0_81.v,mistral,H,1.0,81,0,0,0,NA,NA,NA
completions_mistral/completion_H_t1.0_82.v,mistral,H,1.0,82,0,0,0,NA,NA,NA
completions_mistral/completion_H_t1.0_83.v,mistral,H,1.0,83,0,0,0,NA,NA,NA
completions_mistral/completion_H_t1.0_84.v,mistral,H,1.0,84,1,1,0,"56256FCA8256382DEE0B9091C144883D
",2546,193.904640
completions_mistral/completion_H_t1.0_85.v,mistral,H,1.0,85,1,1,1,"6F0FA9163F92C56027EA4D329455D7D7
",0,192.724992
completions_mistral/completion_H_t1.0_86.v,mistral,H,1.0,86,0,0,0,NA,NA,NA
completions_mistral/completion_H_t1.0_87.v,mistral,H,1.0,87,0,0,0,NA,NA,NA
completions_mistral/completion_H_t1.0_88.v,mistral,H,1.0,88,0,0,0,NA,NA,NA
completions_mistral/completion_H_t1.0_89.v,mistral,H,1.0,89,0,0,0,NA,NA,NA
completions_mistral/completion_H_t1.0_90.v,mistral,H,1.0,90,0,0,0,NA,NA,NA
completions_mistral/completion_H_t1.0_91.v,mistral,H,1.0,91,1,1,0,"9AD453342386089EC5F6FAD33211AB76
",2520,138.018816
completions_mistral/completion_H_t1.0_92.v,mistral,H,1.0,92,0,0,0,NA,NA,NA
completions_mistral/completion_H_t1.0_93.v,mistral,H,1.0,93,1,1,0,"6F0FA9CB3F92526027EA4D329455D7D7
",1043,209.043457
completions_mistral/completion_H_t1.0_94.v,mistral,H,1.0,94,0,0,0,NA,NA,NA
completions_mistral/completion_H_t1.0_95.v,mistral,H,1.0,95,1,1,0,"1486B23304E1FFB8F745CFBC1B852154
",2528,182.403072
completions_mistral/completion_H_t1.0_96.v,mistral,H,1.0,96,1,1,0,"EDC27327062A6BC1764EB67D37A124F6
",2533,84.934656
completions_mistral/completion_H_t1.0_97.v,mistral,H,1.0,97,0,0,0,NA,NA,NA
completions_mistral/completion_H_t1.0_98.v,mistral,H,1.0,98,0,0,0,NA,NA,NA
completions_mistral/completion_H_t1.0_99.v,mistral,H,1.0,99,1,1,1,"6F0FA9163F92C56027EA4D329455D7D7
",0,268.959744
